INFO buildroot.py:668:  Mock Version: 6.7
DEBUG file_util.py:17:  ensuring that dir exists: /var/lib/mock/alma+epel-9-x86_64/root
DEBUG file_util.py:20:  created dir: /var/lib/mock/alma+epel-9-x86_64/root
DEBUG file_util.py:17:  ensuring that dir exists: /var/lib/mock/alma+epel-9-x86_64-bootstrap
DEBUG file_util.py:17:  ensuring that dir exists: /var/lib/mock/alma+epel-9-x86_64-bootstrap
DEBUG file_util.py:17:  ensuring that dir exists: /var/lib/mock/alma+epel-9-x86_64-bootstrap/root
DEBUG file_util.py:17:  ensuring that dir exists: /var/lib/mock/alma+epel-9-x86_64-bootstrap/results
INFO buildroot.py:318:  calling preinit hooks
DEBUG file_util.py:17:  ensuring that dir exists: /var/cache/mock/alma+epel-9-x86_64-bootstrap/root_cache/
DEBUG file_util.py:17:  ensuring that dir exists: /var/cache/mock/alma+epel-9-x86_64-bootstrap/yum_cache
DEBUG file_util.py:17:  ensuring that dir exists: /var/cache/mock/alma+epel-9-x86_64-bootstrap/dnf_cache
DEBUG buildroot.py:724:  create skeleton dirs
DEBUG file_util.py:17:  ensuring that dir exists: /var/lib/mock/alma+epel-9-x86_64-bootstrap/root/var/lib/rpm
DEBUG file_util.py:17:  ensuring that dir exists: /var/lib/mock/alma+epel-9-x86_64-bootstrap/root/var/lib/yum
DEBUG file_util.py:17:  ensuring that dir exists: /var/lib/mock/alma+epel-9-x86_64-bootstrap/root/var/lib/dbus
DEBUG file_util.py:17:  ensuring that dir exists: /var/lib/mock/alma+epel-9-x86_64-bootstrap/root/var/log
DEBUG file_util.py:17:  ensuring that dir exists: /var/lib/mock/alma+epel-9-x86_64-bootstrap/root/var/cache/dnf
DEBUG file_util.py:17:  ensuring that dir exists: /var/lib/mock/alma+epel-9-x86_64-bootstrap/root/var/cache/yum
DEBUG file_util.py:17:  ensuring that dir exists: /var/lib/mock/alma+epel-9-x86_64-bootstrap/root/etc/rpm
DEBUG file_util.py:17:  ensuring that dir exists: /var/lib/mock/alma+epel-9-x86_64-bootstrap/root/tmp
DEBUG file_util.py:17:  ensuring that dir exists: /var/lib/mock/alma+epel-9-x86_64-bootstrap/root/tmp/ccache
DEBUG file_util.py:17:  ensuring that dir exists: /var/lib/mock/alma+epel-9-x86_64-bootstrap/root/var/tmp
DEBUG file_util.py:17:  ensuring that dir exists: /var/lib/mock/alma+epel-9-x86_64-bootstrap/root/etc/dnf
DEBUG file_util.py:17:  ensuring that dir exists: /var/lib/mock/alma+epel-9-x86_64-bootstrap/root/etc/dnf/vars
DEBUG file_util.py:17:  ensuring that dir exists: /var/lib/mock/alma+epel-9-x86_64-bootstrap/root/etc/yum.repos.d
DEBUG file_util.py:20:  created dir: /var/lib/mock/alma+epel-9-x86_64-bootstrap/root/etc/yum.repos.d
DEBUG file_util.py:17:  ensuring that dir exists: /var/lib/mock/alma+epel-9-x86_64-bootstrap/root/etc/yum
DEBUG file_util.py:17:  ensuring that dir exists: /var/lib/mock/alma+epel-9-x86_64-bootstrap/root/proc
DEBUG file_util.py:17:  ensuring that dir exists: /var/lib/mock/alma+epel-9-x86_64-bootstrap/root/sys
DEBUG file_util.py:17:  ensuring that dir exists: /var/lib/mock/alma+epel-9-x86_64-bootstrap/root/run/lock
DEBUG file_util.py:17:  ensuring that dir exists: /var/lib/mock/alma+epel-9-x86_64-bootstrap/root/dev/pts
DEBUG file_util.py:17:  ensuring that dir exists: /var/lib/mock/alma+epel-9-x86_64-bootstrap/root/dev/shm
DEBUG file_util.py:17:  ensuring that dir exists: /var/lib/mock/alma+epel-9-x86_64-bootstrap/root/dev/mapper
DEBUG file_util.py:20:  created dir: /var/lib/mock/alma+epel-9-x86_64-bootstrap/root/dev/mapper
DEBUG buildroot.py:868:  kernel version == 5.14.0-611.55.1.el9_7.x86_64
DEBUG file_util.py:29:  touching file: /var/lib/mock/alma+epel-9-x86_64-bootstrap/root/etc/fstab
DEBUG file_util.py:29:  touching file: /var/lib/mock/alma+epel-9-x86_64-bootstrap/root/etc/yum/yum.conf
DEBUG file_util.py:29:  touching file: /var/lib/mock/alma+epel-9-x86_64-bootstrap/root/etc/dnf/dnf.conf
DEBUG file_util.py:29:  touching file: /var/lib/mock/alma+epel-9-x86_64-bootstrap/root/var/log/yum.log
DEBUG buildroot.py:332:  rootdir = /var/lib/mock/alma+epel-9-x86_64-bootstrap/root
DEBUG buildroot.py:333:  resultdir = /var/lib/mock/alma+epel-9-x86_64-bootstrap/results
DEBUG package_manager.py:63:  searching for 'dnf4' package manager or alternatives
INFO buildroot.py:181:  Package manager dnf4 detected and used (fallback)
DEBUG file_util.py:17:  ensuring that dir exists: /var/lib/mock/alma+epel-9-x86_64-bootstrap/root/etc/pki/mock
DEBUG package_manager.py:404:  copying CA trust dir into chroot: /etc/pki/ca-trust => /etc/pki/ca-trust
DEBUG file_util.py:178:  Updating files in /var/lib/mock/alma+epel-9-x86_64-bootstrap/root/etc/pki/ca-trust with files from /etc/pki/ca-trust
DEBUG file_util.py:17:  ensuring that dir exists: /var/lib/mock/alma+epel-9-x86_64-bootstrap/root/etc/pki/ca-trust
DEBUG file_util.py:17:  ensuring that dir exists: /var/lib/mock/alma+epel-9-x86_64-bootstrap/root/etc/pki/ca-trust/./extracted
DEBUG file_util.py:17:  ensuring that dir exists: /var/lib/mock/alma+epel-9-x86_64-bootstrap/root/etc/pki/ca-trust/./source
DEBUG file_util.py:17:  ensuring that dir exists: /var/lib/mock/alma+epel-9-x86_64-bootstrap/root/etc/pki/ca-trust/extracted/edk2
DEBUG file_util.py:17:  ensuring that dir exists: /var/lib/mock/alma+epel-9-x86_64-bootstrap/root/etc/pki/ca-trust/extracted/java
DEBUG file_util.py:17:  ensuring that dir exists: /var/lib/mock/alma+epel-9-x86_64-bootstrap/root/etc/pki/ca-trust/extracted/openssl
DEBUG file_util.py:17:  ensuring that dir exists: /var/lib/mock/alma+epel-9-x86_64-bootstrap/root/etc/pki/ca-trust/extracted/pem
DEBUG file_util.py:17:  ensuring that dir exists: /var/lib/mock/alma+epel-9-x86_64-bootstrap/root/etc/pki/ca-trust/extracted/pem/directory-hash
DEBUG file_util.py:17:  ensuring that dir exists: /var/lib/mock/alma+epel-9-x86_64-bootstrap/root/etc/pki/ca-trust/source/anchors
DEBUG file_util.py:17:  ensuring that dir exists: /var/lib/mock/alma+epel-9-x86_64-bootstrap/root/etc/pki/ca-trust/source/blocklist
DEBUG package_manager.py:404:  copying CA trust dir into chroot: /usr/share/pki/ca-trust-source => /usr/share/pki/ca-trust-source
DEBUG file_util.py:178:  Updating files in /var/lib/mock/alma+epel-9-x86_64-bootstrap/root/usr/share/pki/ca-trust-source with files from /usr/share/pki/ca-trust-source
DEBUG file_util.py:17:  ensuring that dir exists: /var/lib/mock/alma+epel-9-x86_64-bootstrap/root/usr/share/pki/ca-trust-source
DEBUG file_util.py:17:  ensuring that dir exists: /var/lib/mock/alma+epel-9-x86_64-bootstrap/root/usr/share/pki/ca-trust-source/./anchors
DEBUG file_util.py:17:  ensuring that dir exists: /var/lib/mock/alma+epel-9-x86_64-bootstrap/root/usr/share/pki/ca-trust-source/./blocklist
DEBUG file_util.py:17:  ensuring that dir exists: /var/lib/mock/alma+epel-9-x86_64-bootstrap/root/usr/share
DEBUG package_manager.py:388:  Copying /usr/share/distribution-gpg-keys to the bootstrap chroot
DEBUG util.py:636:  child environment: None
DEBUG util.py:558:  Executing command: ['cp', '-a', '/usr/share/distribution-gpg-keys', '/var/lib/mock/alma+epel-9-x86_64-bootstrap/root/usr/share'] with env {'TERM': 'vt100', 'SHELL': '/bin/sh', 'HOME': '/builddir', 'HOSTNAME': 'mock', 'PATH': '/usr/bin:/bin:/usr/sbin:/sbin', 'LANG': 'C.UTF-8'} and shell False
DEBUG util.py:610:  Child return code was: 0
DEBUG file_util.py:17:  ensuring that dir exists: /var/lib/mock/alma+epel-9-x86_64-bootstrap/root/etc/dnf
DEBUG package_manager.py:691:  configure DNF vars
DEBUG file_util.py:17:  ensuring that dir exists: /var/lib/mock/alma+epel-9-x86_64-bootstrap/root/var/cache/yum
DEBUG util.py:636:  child environment: None
DEBUG util.py:558:  Executing command: ['/bin/mount', '-n', '-o', 'bind', '/var/cache/mock/alma+epel-9-x86_64-bootstrap/yum_cache', '/var/lib/mock/alma+epel-9-x86_64-bootstrap/root/var/cache/yum'] with env {'TERM': 'vt100', 'SHELL': '/bin/sh', 'HOME': '/builddir', 'HOSTNAME': 'mock', 'PATH': '/usr/bin:/bin:/usr/sbin:/sbin', 'LANG': 'C.UTF-8'} and shell False
DEBUG util.py:610:  Child return code was: 0
DEBUG file_util.py:17:  ensuring that dir exists: /var/lib/mock/alma+epel-9-x86_64-bootstrap/root/var/cache/dnf
DEBUG util.py:636:  child environment: None
DEBUG util.py:558:  Executing command: ['/bin/mount', '-n', '-o', 'bind', '/var/cache/mock/alma+epel-9-x86_64-bootstrap/dnf_cache', '/var/lib/mock/alma+epel-9-x86_64-bootstrap/root/var/cache/dnf'] with env {'TERM': 'vt100', 'SHELL': '/bin/sh', 'HOME': '/builddir', 'HOSTNAME': 'mock', 'PATH': '/usr/bin:/bin:/usr/sbin:/sbin', 'LANG': 'C.UTF-8'} and shell False
DEBUG util.py:610:  Child return code was: 0
DEBUG file_util.py:17:  ensuring that dir exists: /var/lib/mock/alma+epel-9-x86_64-bootstrap/root/etc
DEBUG file_util.py:17:  ensuring that dir exists: /var/lib/mock/alma+epel-9-x86_64-bootstrap/root/etc
DEBUG buildroot.py:38:  method _cleanup_homedir skipped in bootstrap
DEBUG buildroot.py:38:  method _setup_build_dirs skipped in bootstrap
DEBUG buildroot.py:38:  method _make_users skipped in bootstrap
DEBUG file_util.py:29:  touching file: /var/lib/mock/alma+epel-9-x86_64-bootstrap/root/.initialized
DEBUG file_util.py:17:  ensuring that dir exists: /var/lib/mock/alma+epel-9-x86_64
DEBUG file_util.py:17:  ensuring that dir exists: /var/lib/mock/alma+epel-9-x86_64/root
DEBUG file_util.py:17:  ensuring that dir exists: /var/lib/mock/alma+epel-9-x86_64/result
INFO buildroot.py:318:  calling preinit hooks
DEBUG file_util.py:17:  ensuring that dir exists: /var/cache/mock/alma+epel-9-x86_64/root_cache/
DEBUG file_util.py:17:  ensuring that dir exists: /var/lib/mock/alma+epel-9-x86_64/root
DEBUG util.py:636:  child environment: None
DEBUG util.py:558:  Executing command: ['/bin/tar', '--use-compress-program', 'pigz', '-xf', '/var/cache/mock/alma+epel-9-x86_64/root_cache/cache.tar.gz', '-C', '/var/lib/mock/alma+epel-9-x86_64/root'] with env {'TERM': 'vt100', 'SHELL': '/bin/sh', 'HOME': '/builddir', 'HOSTNAME': 'mock', 'PATH': '/usr/bin:/bin:/usr/sbin:/sbin', 'LANG': 'C.UTF-8'} and shell False
DEBUG util.py:610:  Child return code was: 0
DEBUG file_util.py:17:  ensuring that dir exists: /var/lib/mock/alma+epel-9-x86_64/root/./proc
DEBUG file_util.py:20:  created dir: /var/lib/mock/alma+epel-9-x86_64/root/./proc
DEBUG file_util.py:17:  ensuring that dir exists: /var/lib/mock/alma+epel-9-x86_64/root/./sys
DEBUG file_util.py:20:  created dir: /var/lib/mock/alma+epel-9-x86_64/root/./sys
DEBUG file_util.py:17:  ensuring that dir exists: /var/lib/mock/alma+epel-9-x86_64/root/./dev
DEBUG file_util.py:20:  created dir: /var/lib/mock/alma+epel-9-x86_64/root/./dev
DEBUG file_util.py:17:  ensuring that dir exists: /var/lib/mock/alma+epel-9-x86_64/root/./tmp/ccache
DEBUG file_util.py:20:  created dir: /var/lib/mock/alma+epel-9-x86_64/root/./tmp/ccache
DEBUG file_util.py:17:  ensuring that dir exists: /var/lib/mock/alma+epel-9-x86_64/root/./var/cache/yum
DEBUG file_util.py:20:  created dir: /var/lib/mock/alma+epel-9-x86_64/root/./var/cache/yum
DEBUG file_util.py:17:  ensuring that dir exists: /var/lib/mock/alma+epel-9-x86_64/root/./var/cache/dnf
DEBUG file_util.py:20:  created dir: /var/lib/mock/alma+epel-9-x86_64/root/./var/cache/dnf
DEBUG file_util.py:17:  ensuring that dir exists: /var/lib/mock/alma+epel-9-x86_64/root/./var/log
DEBUG file_util.py:20:  created dir: /var/lib/mock/alma+epel-9-x86_64/root/./var/log
DEBUG file_util.py:17:  ensuring that dir exists: /var/cache/mock/alma+epel-9-x86_64/yum_cache
DEBUG file_util.py:17:  ensuring that dir exists: /var/cache/mock/alma+epel-9-x86_64/dnf_cache
DEBUG util.py:636:  child environment: None
DEBUG util.py:558:  Executing command: ['/usr/bin/lscpu'] with env {'TERM': 'vt100', 'SHELL': '/bin/sh', 'HOME': '/builddir', 'HOSTNAME': 'mock', 'PATH': '/usr/bin:/bin:/usr/sbin:/sbin', 'LANG': 'C.UTF-8'} and shell False
DEBUG util.py:463:  Architecture:                            x86_64
DEBUG util.py:463:  CPU op-mode(s):                          32-bit, 64-bit
DEBUG util.py:463:  Address sizes:                           39 bits physical, 48 bits virtual
DEBUG util.py:463:  Byte Order:                              Little Endian
DEBUG util.py:463:  CPU(s):                                  4
DEBUG util.py:463:  On-line CPU(s) list:                     0-3
DEBUG util.py:463:  Vendor ID:                               GenuineIntel
DEBUG util.py:463:  BIOS Vendor ID:                          QEMU
DEBUG util.py:463:  Model name:                              Intel(R) N150
DEBUG util.py:463:  BIOS Model name:                         pc-q35-8.2
DEBUG util.py:463:  CPU family:                              6
DEBUG util.py:463:  Model:                                   190
DEBUG util.py:463:  Thread(s) per core:                      1
DEBUG util.py:463:  Core(s) per socket:                      1
DEBUG util.py:463:  Socket(s):                               4
DEBUG util.py:463:  Stepping:                                0
DEBUG util.py:463:  BogoMIPS:                                1612.80
DEBUG util.py:463:  Flags:                                   fpu vme de pse tsc msr pae mce cx8 apic sep mtrr pge mca cmov pat pse36 clflush mmx fxsr sse sse2 ss syscall nx pdpe1gb rdtscp lm constant_tsc arch_perfmon rep_good nopl xtopology cpuid tsc_known_freq pni pclmulqdq ssse3 fma cx16 pdcm pcid sse4_1 sse4_2 x2apic movbe popcnt tsc_deadline_timer aes xsave avx f16c rdrand hypervisor lahf_lm abm 3dnowprefetch cpuid_fault ssbd ibrs ibpb stibp ibrs_enhanced fsgsbase tsc_adjust bmi1 avx2 smep bmi2 erms invpcid rdseed adx smap clflushopt clwb sha_ni xsaveopt xsavec xgetbv1 xsaves avx_vnni arat umip pku ospke waitpkg gfni vaes vpclmulqdq rdpid movdiri movdir64b fsrm md_clear serialize flush_l1d arch_capabilities
DEBUG util.py:463:  Hypervisor vendor:                       KVM
DEBUG util.py:463:  Virtualization type:                     full
DEBUG util.py:463:  L1d cache:                               128 KiB (4 instances)
DEBUG util.py:463:  L1i cache:                               128 KiB (4 instances)
DEBUG util.py:463:  L2 cache:                                16 MiB (4 instances)
DEBUG util.py:463:  L3 cache:                                64 MiB (4 instances)
DEBUG util.py:463:  NUMA node(s):                            1
DEBUG util.py:463:  NUMA node0 CPU(s):                       0-3
DEBUG util.py:463:  Vulnerability Gather data sampling:      Not affected
DEBUG util.py:463:  Vulnerability Indirect target selection: Mitigation; Aligned branch/return thunks
DEBUG util.py:463:  Vulnerability Itlb multihit:             Not affected
DEBUG util.py:463:  Vulnerability L1tf:                      Not affected
DEBUG util.py:463:  Vulnerability Mds:                       Not affected
DEBUG util.py:463:  Vulnerability Meltdown:                  Not affected
DEBUG util.py:463:  Vulnerability Mmio stale data:           Not affected
DEBUG util.py:463:  Vulnerability Reg file data sampling:    Vulnerable: No microcode
DEBUG util.py:463:  Vulnerability Retbleed:                  Not affected
DEBUG util.py:463:  Vulnerability Spec rstack overflow:      Not affected
DEBUG util.py:463:  Vulnerability Spec store bypass:         Mitigation; Speculative Store Bypass disabled via prctl
DEBUG util.py:463:  Vulnerability Spectre v1:                Mitigation; usercopy/swapgs barriers and __user pointer sanitization
DEBUG util.py:463:  Vulnerability Spectre v2:                Mitigation; Enhanced / Automatic IBRS; IBPB conditional; PBRSB-eIBRS Not affected; BHI SW loop, KVM SW loop
DEBUG util.py:463:  Vulnerability Srbds:                     Not affected
DEBUG util.py:463:  Vulnerability Tsa:                       Not affected
DEBUG util.py:463:  Vulnerability Tsx async abort:           Not affected
DEBUG util.py:463:  Vulnerability Vmscape:                   Not affected
DEBUG util.py:610:  Child return code was: 0
DEBUG util.py:636:  child environment: None
DEBUG util.py:558:  Executing command: ['/bin/free', '--human'] with env {'TERM': 'vt100', 'SHELL': '/bin/sh', 'HOME': '/builddir', 'HOSTNAME': 'mock', 'PATH': '/usr/bin:/bin:/usr/sbin:/sbin', 'LANG': 'C.UTF-8'} and shell False
DEBUG util.py:463:                 total        used        free      shared  buff/cache   available
DEBUG util.py:463:  Mem:           3.6Gi       724Mi       1.5Gi        18Mi       1.7Gi       2.9Gi
DEBUG util.py:463:  Swap:          3.9Gi       0.0Ki       3.9Gi
DEBUG util.py:610:  Child return code was: 0
DEBUG util.py:636:  child environment: None
DEBUG util.py:558:  Executing command: ['/bin/df', '-H', '-T', '/var/lib/mock/alma+epel-9-x86_64/root', '/var/cache/mock'] with env {'TERM': 'vt100', 'SHELL': '/bin/sh', 'HOME': '/builddir', 'HOSTNAME': 'mock', 'PATH': '/usr/bin:/bin:/usr/sbin:/sbin', 'LANG': 'C.UTF-8'} and shell False
DEBUG util.py:463:  Filesystem     Type  Size  Used Avail Use% Mounted on
DEBUG util.py:463:  /dev/vda3      xfs    49G  9.1G   40G  19% /
DEBUG util.py:463:  /dev/vda3      xfs    49G  9.1G   40G  19% /
DEBUG util.py:610:  Child return code was: 0
DEBUG buildroot.py:724:  create skeleton dirs
DEBUG file_util.py:17:  ensuring that dir exists: /var/lib/mock/alma+epel-9-x86_64/root/var/lib/rpm
DEBUG file_util.py:17:  ensuring that dir exists: /var/lib/mock/alma+epel-9-x86_64/root/var/lib/yum
DEBUG file_util.py:17:  ensuring that dir exists: /var/lib/mock/alma+epel-9-x86_64/root/var/lib/dbus
DEBUG file_util.py:17:  ensuring that dir exists: /var/lib/mock/alma+epel-9-x86_64/root/var/log
DEBUG file_util.py:17:  ensuring that dir exists: /var/lib/mock/alma+epel-9-x86_64/root/var/cache/dnf
DEBUG file_util.py:17:  ensuring that dir exists: /var/lib/mock/alma+epel-9-x86_64/root/var/cache/yum
DEBUG file_util.py:17:  ensuring that dir exists: /var/lib/mock/alma+epel-9-x86_64/root/etc/rpm
DEBUG file_util.py:17:  ensuring that dir exists: /var/lib/mock/alma+epel-9-x86_64/root/tmp
DEBUG file_util.py:17:  ensuring that dir exists: /var/lib/mock/alma+epel-9-x86_64/root/tmp/ccache
DEBUG file_util.py:17:  ensuring that dir exists: /var/lib/mock/alma+epel-9-x86_64/root/var/tmp
DEBUG file_util.py:17:  ensuring that dir exists: /var/lib/mock/alma+epel-9-x86_64/root/etc/dnf
DEBUG file_util.py:17:  ensuring that dir exists: /var/lib/mock/alma+epel-9-x86_64/root/etc/dnf/vars
DEBUG file_util.py:17:  ensuring that dir exists: /var/lib/mock/alma+epel-9-x86_64/root/etc/yum.repos.d
DEBUG file_util.py:17:  ensuring that dir exists: /var/lib/mock/alma+epel-9-x86_64/root/etc/yum
DEBUG file_util.py:17:  ensuring that dir exists: /var/lib/mock/alma+epel-9-x86_64/root/proc
DEBUG file_util.py:17:  ensuring that dir exists: /var/lib/mock/alma+epel-9-x86_64/root/sys
DEBUG file_util.py:17:  ensuring that dir exists: /var/lib/mock/alma+epel-9-x86_64/root/run/lock
DEBUG file_util.py:17:  ensuring that dir exists: /var/lib/mock/alma+epel-9-x86_64/root/dev/pts
DEBUG file_util.py:20:  created dir: /var/lib/mock/alma+epel-9-x86_64/root/dev/pts
DEBUG file_util.py:17:  ensuring that dir exists: /var/lib/mock/alma+epel-9-x86_64/root/dev/shm
DEBUG file_util.py:20:  created dir: /var/lib/mock/alma+epel-9-x86_64/root/dev/shm
DEBUG file_util.py:17:  ensuring that dir exists: /var/lib/mock/alma+epel-9-x86_64/root/dev/mapper
DEBUG file_util.py:20:  created dir: /var/lib/mock/alma+epel-9-x86_64/root/dev/mapper
DEBUG buildroot.py:868:  kernel version == 5.14.0-611.55.1.el9_7.x86_64
DEBUG file_util.py:29:  touching file: /var/lib/mock/alma+epel-9-x86_64/root/etc/fstab
DEBUG file_util.py:29:  touching file: /var/lib/mock/alma+epel-9-x86_64/root/etc/yum/yum.conf
DEBUG file_util.py:29:  touching file: /var/lib/mock/alma+epel-9-x86_64/root/etc/dnf/dnf.conf
DEBUG file_util.py:29:  touching file: /var/lib/mock/alma+epel-9-x86_64/root/var/log/yum.log
DEBUG buildroot.py:332:  rootdir = /var/lib/mock/alma+epel-9-x86_64/root
DEBUG buildroot.py:333:  resultdir = /var/lib/mock/alma+epel-9-x86_64/result
INFO buildroot.py:181:  Package manager dnf4 detected and used (direct choice)
DEBUG file_util.py:17:  ensuring that dir exists: /var/lib/mock/alma+epel-9-x86_64/root/etc/pki/mock
DEBUG package_manager.py:404:  copying CA trust dir into chroot: /etc/pki/ca-trust => /etc/pki/ca-trust
DEBUG file_util.py:178:  Updating files in /var/lib/mock/alma+epel-9-x86_64/root/etc/pki/ca-trust with files from /etc/pki/ca-trust
DEBUG file_util.py:17:  ensuring that dir exists: /var/lib/mock/alma+epel-9-x86_64/root/etc/pki/ca-trust
DEBUG file_util.py:17:  ensuring that dir exists: /var/lib/mock/alma+epel-9-x86_64/root/etc/pki/ca-trust/./extracted
DEBUG file_util.py:17:  ensuring that dir exists: /var/lib/mock/alma+epel-9-x86_64/root/etc/pki/ca-trust/./source
DEBUG file_util.py:17:  ensuring that dir exists: /var/lib/mock/alma+epel-9-x86_64/root/etc/pki/ca-trust/extracted/edk2
DEBUG file_util.py:17:  ensuring that dir exists: /var/lib/mock/alma+epel-9-x86_64/root/etc/pki/ca-trust/extracted/java
DEBUG file_util.py:17:  ensuring that dir exists: /var/lib/mock/alma+epel-9-x86_64/root/etc/pki/ca-trust/extracted/openssl
DEBUG file_util.py:17:  ensuring that dir exists: /var/lib/mock/alma+epel-9-x86_64/root/etc/pki/ca-trust/extracted/pem
DEBUG file_util.py:17:  ensuring that dir exists: /var/lib/mock/alma+epel-9-x86_64/root/etc/pki/ca-trust/extracted/pem/directory-hash
DEBUG file_util.py:17:  ensuring that dir exists: /var/lib/mock/alma+epel-9-x86_64/root/etc/pki/ca-trust/source/anchors
DEBUG file_util.py:17:  ensuring that dir exists: /var/lib/mock/alma+epel-9-x86_64/root/etc/pki/ca-trust/source/blocklist
DEBUG package_manager.py:404:  copying CA trust dir into chroot: /usr/share/pki/ca-trust-source => /usr/share/pki/ca-trust-source
DEBUG file_util.py:178:  Updating files in /var/lib/mock/alma+epel-9-x86_64/root/usr/share/pki/ca-trust-source with files from /usr/share/pki/ca-trust-source
DEBUG file_util.py:17:  ensuring that dir exists: /var/lib/mock/alma+epel-9-x86_64/root/usr/share/pki/ca-trust-source
DEBUG file_util.py:17:  ensuring that dir exists: /var/lib/mock/alma+epel-9-x86_64/root/usr/share/pki/ca-trust-source/./anchors
DEBUG file_util.py:17:  ensuring that dir exists: /var/lib/mock/alma+epel-9-x86_64/root/usr/share/pki/ca-trust-source/./blocklist
DEBUG file_util.py:17:  ensuring that dir exists: /var/lib/mock/alma+epel-9-x86_64/root/etc/dnf
DEBUG package_manager.py:691:  configure DNF vars
DEBUG file_util.py:17:  ensuring that dir exists: /var/lib/mock/alma+epel-9-x86_64/root/var/cache/yum
DEBUG util.py:636:  child environment: None
DEBUG util.py:558:  Executing command: ['/bin/mount', '-n', '-o', 'bind', '/var/cache/mock/alma+epel-9-x86_64/yum_cache', '/var/lib/mock/alma+epel-9-x86_64/root/var/cache/yum'] with env {'TERM': 'vt100', 'SHELL': '/bin/sh', 'HOME': '/builddir', 'HOSTNAME': 'mock', 'PATH': '/usr/bin:/bin:/usr/sbin:/sbin', 'LANG': 'C.UTF-8'} and shell False
DEBUG util.py:610:  Child return code was: 0
DEBUG file_util.py:17:  ensuring that dir exists: /var/lib/mock/alma+epel-9-x86_64/root/var/cache/dnf
DEBUG util.py:636:  child environment: None
DEBUG util.py:558:  Executing command: ['/bin/mount', '-n', '-o', 'bind', '/var/cache/mock/alma+epel-9-x86_64/dnf_cache', '/var/lib/mock/alma+epel-9-x86_64/root/var/cache/dnf'] with env {'TERM': 'vt100', 'SHELL': '/bin/sh', 'HOME': '/builddir', 'HOSTNAME': 'mock', 'PATH': '/usr/bin:/bin:/usr/sbin:/sbin', 'LANG': 'C.UTF-8'} and shell False
DEBUG util.py:610:  Child return code was: 0
DEBUG util.py:636:  child environment: None
DEBUG util.py:553:  Using nspawn with args None
DEBUG util.py:558:  Executing command: ['/usr/bin/systemd-nspawn', '-q', '-M', 'c33a6dfa2805493e9098e8999e6f22fe', '-D', '/var/lib/mock/alma+epel-9-x86_64-bootstrap/root', '-a', '--console=pipe', '--setenv=TERM=vt100', '--setenv=SHELL=/bin/sh', '--setenv=HOME=/builddir', '--setenv=HOSTNAME=mock', '--setenv=PATH=/usr/bin:/bin:/usr/sbin:/sbin', '--setenv=LANG=C.UTF-8', '--resolv-conf=off', 'rpm', '-q', 'rpm', 'rpm-sequoia', 'python3-dnf', 'python3-dnf-plugins-core', 'yum', 'yum-utils', 'dnf5', 'dnf5-plugins'] with env {'TERM': 'vt100', 'SHELL': '/bin/sh', 'HOME': '/builddir', 'HOSTNAME': 'mock', 'PATH': '/usr/bin:/bin:/usr/sbin:/sbin', 'LANG': 'C.UTF-8', 'SYSTEMD_NSPAWN_TMPFS_TMP': '0', 'SYSTEMD_SECCOMP': '0'} and shell False
DEBUG util.py:463:  rpm-4.16.1.3-39.el9.x86_64
DEBUG util.py:463:  package rpm-sequoia is not installed
DEBUG util.py:463:  python3-dnf-4.14.0-31.el9.alma.1.noarch
DEBUG util.py:463:  python3-dnf-plugins-core-4.3.0-24.el9_7.noarch
DEBUG util.py:463:  yum-4.14.0-31.el9.alma.1.noarch
DEBUG util.py:463:  package yum-utils is not installed
DEBUG util.py:463:  package dnf5 is not installed
DEBUG util.py:463:  package dnf5-plugins is not installed
DEBUG util.py:610:  Child return code was: 4
INFO package_manager.py:201:  Buildroot is handled by package management downloaded with a bootstrap image:
  rpm-4.16.1.3-39.el9.x86_64
  python3-dnf-4.14.0-31.el9.alma.1.noarch
  python3-dnf-plugins-core-4.3.0-24.el9_7.noarch
  yum-4.14.0-31.el9.alma.1.noarch
DEBUG file_util.py:17:  ensuring that dir exists: /var/lib/mock/alma+epel-9-x86_64-bootstrap/root/var/lib/mock/alma+epel-9-x86_64/root
DEBUG util.py:636:  child environment: None
DEBUG util.py:558:  Executing command: ['/bin/mount', '-n', '-t', 'tmpfs', '-o', 'private,mode=0755', 'tmpfs', '/var/lib/mock/alma+epel-9-x86_64-bootstrap/root/var/lib/mock/alma+epel-9-x86_64/root'] with env {'TERM': 'vt100', 'SHELL': '/bin/sh', 'HOME': '/builddir', 'HOSTNAME': 'mock', 'PATH': '/usr/bin:/bin:/usr/sbin:/sbin', 'LANG': 'C.UTF-8'} and shell False
DEBUG util.py:610:  Child return code was: 0
DEBUG file_util.py:17:  ensuring that dir exists: /var/lib/mock/alma+epel-9-x86_64-bootstrap/root/var/lib/mock/alma+epel-9-x86_64/root
DEBUG util.py:636:  child environment: None
DEBUG util.py:558:  Executing command: ['/bin/mount', '-n', '-o', 'rbind', '/var/lib/mock/alma+epel-9-x86_64/root', '/var/lib/mock/alma+epel-9-x86_64-bootstrap/root/var/lib/mock/alma+epel-9-x86_64/root'] with env {'TERM': 'vt100', 'SHELL': '/bin/sh', 'HOME': '/builddir', 'HOSTNAME': 'mock', 'PATH': '/usr/bin:/bin:/usr/sbin:/sbin', 'LANG': 'C.UTF-8'} and shell False
DEBUG util.py:610:  Child return code was: 0
DEBUG util.py:636:  child environment: None
DEBUG util.py:558:  Executing command: ['/bin/mount', '-n', '-o', 'remount,private,rbind', '--target', '/var/lib/mock/alma+epel-9-x86_64-bootstrap/root/var/lib/mock/alma+epel-9-x86_64/root'] with env {'TERM': 'vt100', 'SHELL': '/bin/sh', 'HOME': '/builddir', 'HOSTNAME': 'mock', 'PATH': '/usr/bin:/bin:/usr/sbin:/sbin', 'LANG': 'C.UTF-8'} and shell False
DEBUG util.py:610:  Child return code was: 0
DEBUG util.py:636:  child environment: None
DEBUG util.py:553:  Using nspawn with args ['--capability=cap_ipc_lock', '--bind=/tmp/mock-resolv.481fms99:/etc/resolv.conf']
DEBUG util.py:558:  Executing command: ['/usr/bin/systemd-nspawn', '-q', '-M', '954b8c8b9ac84431b9fbcf1a29ae8680', '-D', '/var/lib/mock/alma+epel-9-x86_64-bootstrap/root', '-a', '--capability=cap_ipc_lock', '--bind=/tmp/mock-resolv.481fms99:/etc/resolv.conf', '--console=pipe', '--setenv=TERM=vt100', '--setenv=SHELL=/bin/bash', '--setenv=HOME=/builddir', '--setenv=HOSTNAME=mock', '--setenv=PATH=/usr/bin:/bin:/usr/sbin:/sbin', '--setenv=PROMPT_COMMAND=printf "\\033]0;<mock-chroot>\\007"', '--setenv=PS1=<mock-chroot> \\s-\\v\\$ ', '--setenv=LANG=C.UTF-8', '--resolv-conf=off', '/bin/rpm', '-qa', '--root', '/var/lib/mock/alma+epel-9-x86_64/root'] with env {'TERM': 'vt100', 'SHELL': '/bin/bash', 'HOME': '/builddir', 'HOSTNAME': 'mock', 'PATH': '/usr/bin:/bin:/usr/sbin:/sbin', 'PROMPT_COMMAND': 'printf "\\033]0;<mock-chroot>\\007"', 'PS1': '<mock-chroot> \\s-\\v\\$ ', 'LANG': 'C.UTF-8', 'SYSTEMD_NSPAWN_TMPFS_TMP': '0', 'SYSTEMD_SECCOMP': '0'} and shell False
DEBUG util.py:463:  gpg-pubkey-b86b3716-61e69f29
DEBUG util.py:463:  gpg-pubkey-3228467c-613798eb
DEBUG util.py:463:  rust-srpm-macros-17-4.el9.noarch
DEBUG util.py:463:  rust-srpm-macros-epel-26.3-1.el9.noarch
DEBUG util.py:463:  qt6-srpm-macros-6.6.2-1.el9.noarch
DEBUG util.py:463:  ghc-srpm-macros-epel-1.9.1-1.el9.noarch
DEBUG util.py:463:  fpc-srpm-macros-1.3-7.el9.noarch
DEBUG util.py:463:  ansible-srpm-macros-1-16.el9.noarch
DEBUG util.py:463:  qt5-srpm-macros-5.15.9-1.el9.noarch
DEBUG util.py:463:  perl-srpm-macros-1-41.el9.noarch
DEBUG util.py:463:  openblas-srpm-macros-2-11.el9.noarch
DEBUG util.py:463:  ocaml-srpm-macros-6-6.el9.noarch
DEBUG util.py:463:  ghc-srpm-macros-1.5.0-6.el9.noarch
DEBUG util.py:463:  tzdata-2026a-1.el9.noarch
DEBUG util.py:463:  publicsuffix-list-dafsa-20210518-3.el9.noarch
DEBUG util.py:463:  pkgconf-m4-1.7.3-10.el9.noarch
DEBUG util.py:463:  pcre2-syntax-10.40-6.el9.noarch
DEBUG util.py:463:  ncurses-base-6.2-12.20210508.el9.noarch
DEBUG util.py:463:  libssh-config-0.10.4-17.el9_7.noarch
DEBUG util.py:463:  coreutils-common-8.32-39.el9.x86_64
DEBUG util.py:463:  almalinux-gpg-keys-9.7-1.el9.x86_64
DEBUG util.py:463:  almalinux-release-9.7-1.el9.x86_64
DEBUG util.py:463:  almalinux-repos-9.7-1.el9.x86_64
DEBUG util.py:463:  setup-2.13.7-10.el9.noarch
DEBUG util.py:463:  filesystem-3.16-5.el9.x86_64
DEBUG util.py:463:  basesystem-11-13.el9.noarch
DEBUG util.py:463:  ncurses-libs-6.2-12.20210508.el9.x86_64
DEBUG util.py:463:  bash-5.1.8-9.el9.x86_64
DEBUG util.py:463:  glibc-gconv-extra-2.34-231.el9_7.10.x86_64
DEBUG util.py:463:  libgcc-11.5.0-11.el9.alma.1.x86_64
DEBUG util.py:463:  glibc-minimal-langpack-2.34-231.el9_7.10.x86_64
DEBUG util.py:463:  glibc-common-2.34-231.el9_7.10.x86_64
DEBUG util.py:463:  glibc-2.34-231.el9_7.10.x86_64
DEBUG util.py:463:  zlib-1.2.11-40.el9.x86_64
DEBUG util.py:463:  xz-libs-5.2.5-8.el9_0.x86_64
DEBUG util.py:463:  bzip2-libs-1.0.8-10.el9_5.x86_64
DEBUG util.py:463:  libzstd-1.5.5-1.el9.x86_64
DEBUG util.py:463:  elfutils-libelf-0.193-1.el9.alma.1.x86_64
DEBUG util.py:463:  libstdc++-11.5.0-11.el9.alma.1.x86_64
DEBUG util.py:463:  libxcrypt-4.4.18-3.el9.x86_64
DEBUG util.py:463:  libuuid-2.37.4-21.el9_7.x86_64
DEBUG util.py:463:  gmp-6.2.0-13.el9.x86_64
DEBUG util.py:463:  libattr-2.5.1-3.el9.x86_64
DEBUG util.py:463:  libacl-2.3.1-4.el9.x86_64
DEBUG util.py:463:  libcap-2.48-10.el9_7.1.x86_64
DEBUG util.py:463:  popt-1.18-8.el9.x86_64
DEBUG util.py:463:  libcom_err-1.46.5-8.el9.x86_64
DEBUG util.py:463:  lz4-libs-1.9.3-5.el9.x86_64
DEBUG util.py:463:  readline-8.1-4.el9.x86_64
DEBUG util.py:463:  crypto-policies-20250905-1.git377cc42.el9_7.noarch
DEBUG util.py:463:  mpfr-4.1.0-7.el9.x86_64
DEBUG util.py:463:  dwz-0.16-1.el9.x86_64
DEBUG util.py:463:  unzip-6.0-59.el9.x86_64
DEBUG util.py:463:  file-libs-5.39-16.el9.x86_64
DEBUG util.py:463:  file-5.39-16.el9.x86_64
DEBUG util.py:463:  sqlite-libs-3.34.1-9.el9_7.x86_64
DEBUG util.py:463:  alternatives-1.24-2.el9.x86_64
DEBUG util.py:463:  libcap-ng-0.8.2-7.el9.x86_64
DEBUG util.py:463:  audit-libs-3.1.5-7.el9.x86_64
DEBUG util.py:463:  libffi-3.4.2-8.el9.x86_64
DEBUG util.py:463:  libsepol-3.6-3.el9.x86_64
DEBUG util.py:463:  libsigsegv-2.13-4.el9.x86_64
DEBUG util.py:463:  gawk-5.1.0-6.el9.x86_64
DEBUG util.py:463:  libsmartcols-2.37.4-21.el9_7.x86_64
DEBUG util.py:463:  libtasn1-4.16.0-9.el9.x86_64
DEBUG util.py:463:  p11-kit-0.25.3-3.el9_5.x86_64
DEBUG util.py:463:  libunistring-0.9.10-15.el9.x86_64
DEBUG util.py:463:  libidn2-2.3.0-7.el9.x86_64
DEBUG util.py:463:  lua-libs-5.4.4-4.el9.x86_64
DEBUG util.py:463:  libpsl-0.21.1-5.el9.x86_64
DEBUG util.py:463:  p11-kit-trust-0.25.3-3.el9_5.x86_64
DEBUG util.py:463:  zip-3.0-35.el9.x86_64
DEBUG util.py:463:  zstd-1.5.5-1.el9.x86_64
DEBUG util.py:463:  groff-base-1.22.4-10.el9.x86_64
DEBUG util.py:463:  bzip2-1.0.8-10.el9_5.x86_64
DEBUG util.py:463:  libxml2-2.9.13-14.el9_7.x86_64
DEBUG util.py:463:  info-6.7-15.el9.x86_64
DEBUG util.py:463:  ed-1.14.2-12.el9.x86_64
DEBUG util.py:463:  cpio-2.13-16.el9.x86_64
DEBUG util.py:463:  diffutils-3.7-12.el9.x86_64
DEBUG util.py:463:  gdbm-libs-1.23-1.el9.x86_64
DEBUG util.py:463:  json-c-0.14-11.el9.x86_64
DEBUG util.py:463:  keyutils-libs-1.6.3-1.el9.x86_64
DEBUG util.py:463:  libbrotli-1.0.9-9.el9_7.x86_64
DEBUG util.py:463:  libdb-5.3.28-57.el9_6.x86_64
DEBUG util.py:463:  libeconf-0.4.1-4.el9.x86_64
DEBUG util.py:463:  libgomp-11.5.0-11.el9.alma.1.x86_64
DEBUG util.py:463:  libgpg-error-1.42-5.el9.x86_64
DEBUG util.py:463:  libgcrypt-1.10.0-11.el9.x86_64
DEBUG util.py:463:  libnghttp2-1.43.0-6.el9_7.1.x86_64
DEBUG util.py:463:  libpkgconf-1.7.3-10.el9.x86_64
DEBUG util.py:463:  pkgconf-1.7.3-10.el9.x86_64
DEBUG util.py:463:  pkgconf-pkg-config-1.7.3-10.el9.x86_64
DEBUG util.py:463:  libtool-ltdl-2.4.6-46.el9.x86_64
DEBUG util.py:463:  libverto-0.3.2-3.el9.x86_64
DEBUG util.py:463:  ncurses-6.2-12.20210508.el9.x86_64
DEBUG util.py:463:  pcre-8.44-4.el9.x86_64
DEBUG util.py:463:  grep-3.6-5.el9.x86_64
DEBUG util.py:463:  xz-5.2.5-8.el9_0.x86_64
DEBUG util.py:463:  pcre2-10.40-6.el9.x86_64
DEBUG util.py:463:  libselinux-3.6-3.el9.x86_64
DEBUG util.py:463:  sed-4.8-9.el9.x86_64
DEBUG util.py:463:  findutils-4.8.0-7.el9.x86_64
DEBUG util.py:463:  openssl-fips-provider-3.5.1-7.el9_7.x86_64
DEBUG util.py:463:  openssl-libs-3.5.1-7.el9_7.x86_64
DEBUG util.py:463:  coreutils-8.32-39.el9.x86_64
DEBUG util.py:463:  ca-certificates-2025.2.80_v9.0.305-91.el9.noarch
DEBUG util.py:463:  libblkid-2.37.4-21.el9_7.x86_64
DEBUG util.py:463:  krb5-libs-1.21.1-9.el9_7.x86_64
DEBUG util.py:463:  libmount-2.37.4-21.el9_7.x86_64
DEBUG util.py:463:  gzip-1.12-1.el9.x86_64
DEBUG util.py:463:  cracklib-2.9.6-27.el9.x86_64
DEBUG util.py:463:  systemd-libs-252-55.el9_7.9.alma.1.x86_64
DEBUG util.py:463:  libarchive-3.5.3-9.el9_7.x86_64
DEBUG util.py:463:  util-linux-core-2.37.4-21.el9_7.x86_64
DEBUG util.py:463:  cracklib-dicts-2.9.6-27.el9.x86_64
DEBUG util.py:463:  cyrus-sasl-lib-2.1.27-22.el9.x86_64
DEBUG util.py:463:  libssh-0.10.4-17.el9_7.x86_64
DEBUG util.py:463:  libfdisk-2.37.4-21.el9_7.x86_64
DEBUG util.py:463:  perl-Digest-1.19-4.el9.noarch
DEBUG util.py:463:  perl-Digest-MD5-2.58-4.el9.x86_64
DEBUG util.py:463:  perl-B-1.80-481.1.el9_6.x86_64
DEBUG util.py:463:  perl-FileHandle-2.03-481.1.el9_6.noarch
DEBUG util.py:463:  perl-Data-Dumper-2.174-462.el9.x86_64
DEBUG util.py:463:  perl-libnet-3.13-4.el9.noarch
DEBUG util.py:463:  perl-AutoLoader-5.74-481.1.el9_6.noarch
DEBUG util.py:463:  perl-base-2.27-481.1.el9_6.noarch
DEBUG util.py:463:  perl-URI-5.09-3.el9.noarch
DEBUG util.py:463:  perl-if-0.60.800-481.1.el9_6.noarch
DEBUG util.py:463:  perl-IO-Socket-IP-0.41-5.el9.noarch
DEBUG util.py:463:  perl-Time-Local-1.300-7.el9.noarch
DEBUG util.py:463:  perl-File-Path-2.18-4.el9.noarch
DEBUG util.py:463:  perl-IO-Socket-SSL-2.073-2.el9.noarch
DEBUG util.py:463:  perl-Net-SSLeay-1.94-3.el9.x86_64
DEBUG util.py:463:  perl-Pod-Escapes-1.07-460.el9.noarch
DEBUG util.py:463:  perl-Text-Tabs+Wrap-2013.0523-460.el9.noarch
DEBUG util.py:463:  perl-Mozilla-CA-20200520-6.el9.noarch
DEBUG util.py:463:  perl-Class-Struct-0.66-481.1.el9_6.noarch
DEBUG util.py:463:  perl-POSIX-1.94-481.1.el9_6.x86_64
DEBUG util.py:463:  perl-Term-ANSIColor-5.01-461.el9.noarch
DEBUG util.py:463:  perl-IPC-Open3-1.21-481.1.el9_6.noarch
DEBUG util.py:463:  perl-subs-1.03-481.1.el9_6.noarch
DEBUG util.py:463:  perl-File-Temp-0.231.100-4.el9.noarch
DEBUG util.py:463:  perl-Term-Cap-1.17-460.el9.noarch
DEBUG util.py:463:  perl-Pod-Simple-3.42-4.el9.noarch
DEBUG util.py:463:  perl-HTTP-Tiny-0.076-462.el9.noarch
DEBUG util.py:463:  perl-Socket-2.031-4.el9.x86_64
DEBUG util.py:463:  perl-SelectSaver-1.02-481.1.el9_6.noarch
DEBUG util.py:463:  perl-Symbol-1.08-481.1.el9_6.noarch
DEBUG util.py:463:  perl-File-stat-1.09-481.1.el9_6.noarch
DEBUG util.py:463:  perl-podlators-4.14-460.el9.noarch
DEBUG util.py:463:  perl-Pod-Perldoc-3.28.01-461.el9.noarch
DEBUG util.py:463:  perl-Fcntl-1.13-481.1.el9_6.x86_64
DEBUG util.py:463:  perl-Text-ParseWords-3.30-460.el9.noarch
DEBUG util.py:463:  perl-mro-1.23-481.1.el9_6.x86_64
DEBUG util.py:463:  perl-IO-1.43-481.1.el9_6.x86_64
DEBUG util.py:463:  perl-overloading-0.02-481.1.el9_6.noarch
DEBUG util.py:463:  perl-Pod-Usage-2.01-4.el9.noarch
DEBUG util.py:463:  perl-Errno-1.30-481.1.el9_6.x86_64
DEBUG util.py:463:  perl-File-Basename-2.85-481.1.el9_6.noarch
DEBUG util.py:463:  perl-Getopt-Std-1.12-481.1.el9_6.noarch
DEBUG util.py:463:  perl-MIME-Base64-3.16-4.el9.x86_64
DEBUG util.py:463:  perl-Scalar-List-Utils-1.56-462.el9.x86_64
DEBUG util.py:463:  perl-constant-1.33-461.el9.noarch
DEBUG util.py:463:  perl-Storable-3.21-460.el9.x86_64
DEBUG util.py:463:  perl-overload-1.31-481.1.el9_6.noarch
DEBUG util.py:463:  perl-parent-0.238-460.el9.noarch
DEBUG util.py:463:  perl-vars-1.05-481.1.el9_6.noarch
DEBUG util.py:463:  perl-Getopt-Long-2.52-4.el9.noarch
DEBUG util.py:463:  perl-Carp-1.50-460.el9.noarch
DEBUG util.py:463:  perl-Exporter-5.74-461.el9.noarch
DEBUG util.py:463:  perl-PathTools-3.78-461.el9.x86_64
DEBUG util.py:463:  perl-Encode-3.08-462.el9.x86_64
DEBUG util.py:463:  perl-libs-5.32.1-481.1.el9_6.x86_64
DEBUG util.py:463:  perl-interpreter-5.32.1-481.1.el9_6.x86_64
DEBUG util.py:463:  kernel-srpm-macros-1.0-14.el9.noarch
DEBUG util.py:463:  openssl-3.5.1-7.el9_7.x86_64
DEBUG util.py:463:  libpwquality-1.4.4-8.el9.x86_64
DEBUG util.py:463:  pam-1.5.1-26.el9_6.x86_64
DEBUG util.py:463:  libevent-2.1.12-8.el9_4.x86_64
DEBUG util.py:463:  libsemanage-3.6-5.el9_6.x86_64
DEBUG util.py:463:  shadow-utils-4.9-15.el9.x86_64
DEBUG util.py:463:  libutempter-1.2.1-6.el9.x86_64
DEBUG util.py:463:  openldap-2.6.8-4.el9.x86_64
DEBUG util.py:463:  libcurl-7.76.1-35.el9_7.3.x86_64
DEBUG util.py:463:  curl-7.76.1-35.el9_7.3.x86_64
DEBUG util.py:463:  rpm-libs-4.16.1.3-39.el9.x86_64
DEBUG util.py:463:  rpm-4.16.1.3-39.el9.x86_64
DEBUG util.py:463:  efi-srpm-macros-6-4.el9.noarch
DEBUG util.py:463:  lua-srpm-macros-1-6.el9.noarch
DEBUG util.py:463:  rpmautospec-rpm-macros-0.8.4-1.el9.noarch
DEBUG util.py:463:  tar-1.34-9.el9_7.x86_64
DEBUG util.py:463:  patch-2.7.6-16.el9.x86_64
DEBUG util.py:463:  elfutils-default-yama-scope-0.193-1.el9.alma.1.noarch
DEBUG util.py:463:  elfutils-libs-0.193-1.el9.alma.1.x86_64
DEBUG util.py:463:  elfutils-debuginfod-client-0.193-1.el9.alma.1.x86_64
DEBUG util.py:463:  binutils-gold-2.35.2-67.el9_7.1.x86_64
DEBUG util.py:463:  binutils-2.35.2-67.el9_7.1.x86_64
DEBUG util.py:463:  elfutils-0.193-1.el9.alma.1.x86_64
DEBUG util.py:463:  gdb-minimal-16.3-2.el9.x86_64
DEBUG util.py:463:  debugedit-5.0-11.el9.x86_64
DEBUG util.py:463:  rpm-build-libs-4.16.1.3-39.el9.x86_64
DEBUG util.py:463:  fonts-srpm-macros-2.0.5-7.el9.1.noarch
DEBUG util.py:463:  go-srpm-macros-3.6.0-14.el9_7.noarch
DEBUG util.py:463:  python-srpm-macros-3.9-54.el9.noarch
DEBUG util.py:463:  redhat-rpm-config-210-1.el9.alma.1.noarch
DEBUG util.py:463:  rpm-build-4.16.1.3-39.el9.x86_64
DEBUG util.py:463:  pyproject-srpm-macros-1.16.2-1.el9.noarch
DEBUG util.py:463:  forge-srpm-macros-0.4.0-1.el9.noarch
DEBUG util.py:463:  go-srpm-macros-epel-3.8.0-1.el9.noarch
DEBUG util.py:463:  R-srpm-macros-1.3.7-2.el9.noarch
DEBUG util.py:463:  epel-rpm-macros-9-18.el9.noarch
DEBUG util.py:463:  util-linux-2.37.4-21.el9_7.x86_64
DEBUG util.py:463:  which-2.21-30.el9_6.x86_64
DEBUG util.py:610:  Child return code was: 0
DEBUG util.py:185:  kill orphans in chroot /var/lib/mock/alma+epel-9-x86_64/root
DEBUG util.py:185:  kill orphans in chroot /var/lib/mock/alma+epel-9-x86_64-bootstrap/root/var/lib/mock/alma+epel-9-x86_64/root
DEBUG util.py:636:  child environment: None
DEBUG util.py:558:  Executing command: ['/bin/umount', '-n', '-l', '/var/lib/mock/alma+epel-9-x86_64-bootstrap/root/var/lib/mock/alma+epel-9-x86_64/root'] with env {'TERM': 'vt100', 'SHELL': '/bin/sh', 'HOME': '/builddir', 'HOSTNAME': 'mock', 'PATH': '/usr/bin:/bin:/usr/sbin:/sbin', 'LANG': 'C.UTF-8'} and shell False
DEBUG util.py:610:  Child return code was: 0
DEBUG util.py:636:  child environment: None
DEBUG util.py:558:  Executing command: ['/bin/umount', '-n', '-l', '/var/lib/mock/alma+epel-9-x86_64-bootstrap/root/var/lib/mock/alma+epel-9-x86_64/root'] with env {'TERM': 'vt100', 'SHELL': '/bin/sh', 'HOME': '/builddir', 'HOSTNAME': 'mock', 'PATH': '/usr/bin:/bin:/usr/sbin:/sbin', 'LANG': 'C.UTF-8'} and shell False
DEBUG util.py:610:  Child return code was: 0
DEBUG file_util.py:17:  ensuring that dir exists: /var/lib/mock/alma+epel-9-x86_64/root/proc
DEBUG util.py:636:  child environment: None
DEBUG util.py:558:  Executing command: ['/bin/mount', '-n', '-t', 'tmpfs', '-o', 'rprivate,mode=0755', 'tmpfs', '/var/lib/mock/alma+epel-9-x86_64/root/proc'] with env {'TERM': 'vt100', 'SHELL': '/bin/sh', 'HOME': '/builddir', 'HOSTNAME': 'mock', 'PATH': '/usr/bin:/bin:/usr/sbin:/sbin', 'LANG': 'C.UTF-8'} and shell False
DEBUG util.py:610:  Child return code was: 0
DEBUG file_util.py:17:  ensuring that dir exists: /var/lib/mock/alma+epel-9-x86_64/root/proc
DEBUG util.py:636:  child environment: None
DEBUG util.py:558:  Executing command: ['/bin/mount', '-n', '-o', 'rbind', '/proc', '/var/lib/mock/alma+epel-9-x86_64/root/proc'] with env {'TERM': 'vt100', 'SHELL': '/bin/sh', 'HOME': '/builddir', 'HOSTNAME': 'mock', 'PATH': '/usr/bin:/bin:/usr/sbin:/sbin', 'LANG': 'C.UTF-8'} and shell False
DEBUG util.py:610:  Child return code was: 0
DEBUG util.py:636:  child environment: None
DEBUG util.py:558:  Executing command: ['/bin/mount', '-n', '-o', 'remount,nodev,noexec,nosuid,readonly,rprivate,rbind', '--target', '/var/lib/mock/alma+epel-9-x86_64/root/proc'] with env {'TERM': 'vt100', 'SHELL': '/bin/sh', 'HOME': '/builddir', 'HOSTNAME': 'mock', 'PATH': '/usr/bin:/bin:/usr/sbin:/sbin', 'LANG': 'C.UTF-8'} and shell False
DEBUG util.py:610:  Child return code was: 0
DEBUG file_util.py:17:  ensuring that dir exists: /var/lib/mock/alma+epel-9-x86_64/root/sys
DEBUG util.py:636:  child environment: None
DEBUG util.py:558:  Executing command: ['/bin/mount', '-n', '-t', 'tmpfs', '-o', 'rprivate,mode=0755', 'tmpfs', '/var/lib/mock/alma+epel-9-x86_64/root/sys'] with env {'TERM': 'vt100', 'SHELL': '/bin/sh', 'HOME': '/builddir', 'HOSTNAME': 'mock', 'PATH': '/usr/bin:/bin:/usr/sbin:/sbin', 'LANG': 'C.UTF-8'} and shell False
DEBUG util.py:610:  Child return code was: 0
DEBUG file_util.py:17:  ensuring that dir exists: /var/lib/mock/alma+epel-9-x86_64/root/sys
DEBUG util.py:636:  child environment: None
DEBUG util.py:558:  Executing command: ['/bin/mount', '-n', '-o', 'rbind', '/sys', '/var/lib/mock/alma+epel-9-x86_64/root/sys'] with env {'TERM': 'vt100', 'SHELL': '/bin/sh', 'HOME': '/builddir', 'HOSTNAME': 'mock', 'PATH': '/usr/bin:/bin:/usr/sbin:/sbin', 'LANG': 'C.UTF-8'} and shell False
DEBUG util.py:610:  Child return code was: 0
DEBUG util.py:636:  child environment: None
DEBUG util.py:558:  Executing command: ['/bin/mount', '-n', '-o', 'remount,nodev,noexec,nosuid,readonly,rprivate,rbind', '--target', '/var/lib/mock/alma+epel-9-x86_64/root/sys'] with env {'TERM': 'vt100', 'SHELL': '/bin/sh', 'HOME': '/builddir', 'HOSTNAME': 'mock', 'PATH': '/usr/bin:/bin:/usr/sbin:/sbin', 'LANG': 'C.UTF-8'} and shell False
DEBUG util.py:610:  Child return code was: 0
DEBUG file_util.py:17:  ensuring that dir exists: /var/lib/mock/alma+epel-9-x86_64/root/dev/shm
DEBUG util.py:636:  child environment: None
DEBUG util.py:558:  Executing command: ['/bin/mount', '-n', '-t', 'tmpfs', 'tmpfs', '/var/lib/mock/alma+epel-9-x86_64/root/dev/shm'] with env {'TERM': 'vt100', 'SHELL': '/bin/sh', 'HOME': '/builddir', 'HOSTNAME': 'mock', 'PATH': '/usr/bin:/bin:/usr/sbin:/sbin', 'LANG': 'C.UTF-8'} and shell False
DEBUG util.py:610:  Child return code was: 0
DEBUG file_util.py:17:  ensuring that dir exists: /var/lib/mock/alma+epel-9-x86_64/root/dev/pts
DEBUG util.py:636:  child environment: None
DEBUG util.py:558:  Executing command: ['/bin/mount', '-n', '-t', 'devpts', '-o', 'gid=5,mode=0620,ptmxmode=0666,newinstance', 'devpts', '/var/lib/mock/alma+epel-9-x86_64/root/dev/pts'] with env {'TERM': 'vt100', 'SHELL': '/bin/sh', 'HOME': '/builddir', 'HOSTNAME': 'mock', 'PATH': '/usr/bin:/bin:/usr/sbin:/sbin', 'LANG': 'C.UTF-8'} and shell False
DEBUG util.py:610:  Child return code was: 0
DEBUG util.py:636:  child environment: None
DEBUG util.py:558:  Executing command: ['/bin/mount', '-n', '-o', 'bind', '/tmp/mock-selinux-plugin.jbbm0dem', '/var/lib/mock/alma+epel-9-x86_64/root/proc/filesystems'] with env {'TERM': 'vt100', 'SHELL': '/bin/sh', 'HOME': '/builddir', 'HOSTNAME': 'mock', 'PATH': '/usr/bin:/bin:/usr/sbin:/sbin', 'LANG': 'C.UTF-8'} and shell False
DEBUG util.py:610:  Child return code was: 0
DEBUG file_util.py:17:  ensuring that dir exists: /var/lib/mock/alma+epel-9-x86_64/root/sys/fs/selinux
DEBUG util.py:636:  child environment: None
DEBUG util.py:558:  Executing command: ['/bin/mount', '-n', '-t', 'tmpfs', 'tmpfs', '/var/lib/mock/alma+epel-9-x86_64/root/sys/fs/selinux'] with env {'TERM': 'vt100', 'SHELL': '/bin/sh', 'HOME': '/builddir', 'HOSTNAME': 'mock', 'PATH': '/usr/bin:/bin:/usr/sbin:/sbin', 'LANG': 'C.UTF-8'} and shell False
DEBUG util.py:610:  Child return code was: 0
DEBUG file_util.py:17:  ensuring that dir exists: /var/lib/mock/alma+epel-9-x86_64-bootstrap/root/var/lib/mock/alma+epel-9-x86_64/root
DEBUG util.py:636:  child environment: None
DEBUG util.py:558:  Executing command: ['/bin/mount', '-n', '-t', 'tmpfs', '-o', 'private,mode=0755', 'tmpfs', '/var/lib/mock/alma+epel-9-x86_64-bootstrap/root/var/lib/mock/alma+epel-9-x86_64/root'] with env {'TERM': 'vt100', 'SHELL': '/bin/sh', 'HOME': '/builddir', 'HOSTNAME': 'mock', 'PATH': '/usr/bin:/bin:/usr/sbin:/sbin', 'LANG': 'C.UTF-8'} and shell False
DEBUG util.py:610:  Child return code was: 0
DEBUG file_util.py:17:  ensuring that dir exists: /var/lib/mock/alma+epel-9-x86_64-bootstrap/root/var/lib/mock/alma+epel-9-x86_64/root
DEBUG util.py:636:  child environment: None
DEBUG util.py:558:  Executing command: ['/bin/mount', '-n', '-o', 'rbind', '/var/lib/mock/alma+epel-9-x86_64/root', '/var/lib/mock/alma+epel-9-x86_64-bootstrap/root/var/lib/mock/alma+epel-9-x86_64/root'] with env {'TERM': 'vt100', 'SHELL': '/bin/sh', 'HOME': '/builddir', 'HOSTNAME': 'mock', 'PATH': '/usr/bin:/bin:/usr/sbin:/sbin', 'LANG': 'C.UTF-8'} and shell False
DEBUG util.py:610:  Child return code was: 0
DEBUG util.py:636:  child environment: None
DEBUG util.py:558:  Executing command: ['/bin/mount', '-n', '-o', 'remount,private,rbind', '--target', '/var/lib/mock/alma+epel-9-x86_64-bootstrap/root/var/lib/mock/alma+epel-9-x86_64/root'] with env {'TERM': 'vt100', 'SHELL': '/bin/sh', 'HOME': '/builddir', 'HOSTNAME': 'mock', 'PATH': '/usr/bin:/bin:/usr/sbin:/sbin', 'LANG': 'C.UTF-8'} and shell False
DEBUG util.py:610:  Child return code was: 0
DEBUG file_util.py:17:  ensuring that dir exists: /var/lib/mock/alma+epel-9-x86_64/root/installation-homedir
DEBUG package_manager.py:295:  ['/usr/bin/dnf-3', '--installroot', '/var/lib/mock/alma+epel-9-x86_64/root/', '-y', '--releasever', '9', '--setopt=deltarpm=False', '--setopt=allow_vendor_change=yes', '--allowerasing', '--disableplugin=local', '--disableplugin=spacewalk', '--disableplugin=versionlock', 'update']
DEBUG util.py:636:  child environment: None
DEBUG util.py:553:  Using nspawn with args ['--capability=cap_ipc_lock', '--bind=/tmp/mock-resolv.481fms99:/etc/resolv.conf']
DEBUG util.py:558:  Executing command: ['/usr/bin/systemd-nspawn', '-q', '-M', '7ae53d0163ce4c5c8a43c9d7aa8bcb97', '-D', '/var/lib/mock/alma+epel-9-x86_64-bootstrap/root', '-a', '--capability=cap_ipc_lock', '--bind=/tmp/mock-resolv.481fms99:/etc/resolv.conf', '--console=pipe', '--setenv=TERM=vt100', '--setenv=SHELL=/bin/bash', '--setenv=HOME=/var/lib/mock/alma+epel-9-x86_64/root/installation-homedir', '--setenv=HOSTNAME=mock', '--setenv=PATH=/usr/bin:/bin:/usr/sbin:/sbin', '--setenv=PROMPT_COMMAND=printf "\\033]0;<mock-chroot>\\007"', '--setenv=PS1=<mock-chroot> \\s-\\v\\$ ', '--setenv=LANG=C.UTF-8', '--setenv=LC_MESSAGES=C.UTF-8', '--resolv-conf=off', '/usr/bin/dnf-3', '--installroot', '/var/lib/mock/alma+epel-9-x86_64/root/', '-y', '--releasever', '9', '--setopt=deltarpm=False', '--setopt=allow_vendor_change=yes', '--allowerasing', '--disableplugin=local', '--disableplugin=spacewalk', '--disableplugin=versionlock', 'update', '--setopt=tsflags=nocontexts'] with env {'TERM': 'vt100', 'SHELL': '/bin/bash', 'HOME': '/var/lib/mock/alma+epel-9-x86_64/root/installation-homedir', 'HOSTNAME': 'mock', 'PATH': '/usr/bin:/bin:/usr/sbin:/sbin', 'PROMPT_COMMAND': 'printf "\\033]0;<mock-chroot>\\007"', 'PS1': '<mock-chroot> \\s-\\v\\$ ', 'LANG': 'C.UTF-8', 'LC_MESSAGES': 'C.UTF-8', 'SYSTEMD_NSPAWN_TMPFS_TMP': '0', 'SYSTEMD_SECCOMP': '0'} and shell False
DEBUG util.py:461:  No matches found for the following disable plugin patterns: local, spacewalk, versionlock
DEBUG util.py:463:  AlmaLinux 9 - BaseOS                                                                                                                                         2.5 kB/s | 3.8 kB     00:01    
DEBUG util.py:463:  AlmaLinux 9 - AppStream                                                                                                                                      2.9 kB/s | 4.2 kB     00:01    
DEBUG util.py:463:  AlmaLinux 9 - CRB                                                                                                                                            3.0 kB/s | 4.2 kB     00:01    
DEBUG util.py:463:  AlmaLinux 9 - Extras                                                                                                                                         2.3 kB/s | 3.3 kB     00:01    
DEBUG util.py:463:  Extra Packages for Enterprise Linux 9 - x86_64                                                                                                               6.9 kB/s |  12 kB     00:01    
DEBUG util.py:463:  Remi EL9                                                                                                                                                     2.5 kB/s | 3.0 kB     00:01    
DEBUG util.py:463:  Dependencies resolved.
DEBUG util.py:463:  Nothing to do.
DEBUG util.py:463:  Complete!
DEBUG util.py:610:  Child return code was: 0
DEBUG util.py:185:  kill orphans in chroot /var/lib/mock/alma+epel-9-x86_64/root
DEBUG util.py:185:  kill orphans in chroot /var/lib/mock/alma+epel-9-x86_64-bootstrap/root/var/lib/mock/alma+epel-9-x86_64/root
DEBUG util.py:636:  child environment: None
DEBUG util.py:558:  Executing command: ['/bin/umount', '-n', '-l', '/var/lib/mock/alma+epel-9-x86_64-bootstrap/root/var/lib/mock/alma+epel-9-x86_64/root'] with env {'TERM': 'vt100', 'SHELL': '/bin/sh', 'HOME': '/builddir', 'HOSTNAME': 'mock', 'PATH': '/usr/bin:/bin:/usr/sbin:/sbin', 'LANG': 'C.UTF-8'} and shell False
DEBUG util.py:610:  Child return code was: 0
DEBUG util.py:636:  child environment: None
DEBUG util.py:558:  Executing command: ['/bin/umount', '-n', '-l', '/var/lib/mock/alma+epel-9-x86_64-bootstrap/root/var/lib/mock/alma+epel-9-x86_64/root'] with env {'TERM': 'vt100', 'SHELL': '/bin/sh', 'HOME': '/builddir', 'HOSTNAME': 'mock', 'PATH': '/usr/bin:/bin:/usr/sbin:/sbin', 'LANG': 'C.UTF-8'} and shell False
DEBUG util.py:610:  Child return code was: 0
DEBUG util.py:636:  child environment: None
DEBUG util.py:558:  Executing command: ['/bin/umount', '-n', '-l', '/var/lib/mock/alma+epel-9-x86_64/root/sys/fs/selinux'] with env {'TERM': 'vt100', 'SHELL': '/bin/sh', 'HOME': '/builddir', 'HOSTNAME': 'mock', 'PATH': '/usr/bin:/bin:/usr/sbin:/sbin', 'LANG': 'C.UTF-8'} and shell False
DEBUG util.py:610:  Child return code was: 0
DEBUG util.py:636:  child environment: None
DEBUG util.py:558:  Executing command: ['/bin/umount', '-n', '/var/lib/mock/alma+epel-9-x86_64/root/proc/filesystems'] with env {'TERM': 'vt100', 'SHELL': '/bin/sh', 'HOME': '/builddir', 'HOSTNAME': 'mock', 'PATH': '/usr/bin:/bin:/usr/sbin:/sbin', 'LANG': 'C.UTF-8'} and shell False
DEBUG util.py:610:  Child return code was: 0
DEBUG util.py:636:  child environment: None
DEBUG util.py:558:  Executing command: ['/bin/umount', '-n', '-l', '/var/lib/mock/alma+epel-9-x86_64/root/dev/pts'] with env {'TERM': 'vt100', 'SHELL': '/bin/sh', 'HOME': '/builddir', 'HOSTNAME': 'mock', 'PATH': '/usr/bin:/bin:/usr/sbin:/sbin', 'LANG': 'C.UTF-8'} and shell False
DEBUG util.py:610:  Child return code was: 0
DEBUG util.py:636:  child environment: None
DEBUG util.py:558:  Executing command: ['/bin/umount', '-n', '-l', '/var/lib/mock/alma+epel-9-x86_64/root/dev/shm'] with env {'TERM': 'vt100', 'SHELL': '/bin/sh', 'HOME': '/builddir', 'HOSTNAME': 'mock', 'PATH': '/usr/bin:/bin:/usr/sbin:/sbin', 'LANG': 'C.UTF-8'} and shell False
DEBUG util.py:610:  Child return code was: 0
DEBUG util.py:636:  child environment: None
DEBUG util.py:558:  Executing command: ['/bin/umount', '-n', '-l', '/var/lib/mock/alma+epel-9-x86_64/root/sys'] with env {'TERM': 'vt100', 'SHELL': '/bin/sh', 'HOME': '/builddir', 'HOSTNAME': 'mock', 'PATH': '/usr/bin:/bin:/usr/sbin:/sbin', 'LANG': 'C.UTF-8'} and shell False
DEBUG util.py:610:  Child return code was: 0
DEBUG util.py:636:  child environment: None
DEBUG util.py:558:  Executing command: ['/bin/umount', '-n', '-l', '/var/lib/mock/alma+epel-9-x86_64/root/sys'] with env {'TERM': 'vt100', 'SHELL': '/bin/sh', 'HOME': '/builddir', 'HOSTNAME': 'mock', 'PATH': '/usr/bin:/bin:/usr/sbin:/sbin', 'LANG': 'C.UTF-8'} and shell False
DEBUG util.py:610:  Child return code was: 0
DEBUG util.py:636:  child environment: None
DEBUG util.py:558:  Executing command: ['/bin/umount', '-n', '-l', '/var/lib/mock/alma+epel-9-x86_64/root/proc'] with env {'TERM': 'vt100', 'SHELL': '/bin/sh', 'HOME': '/builddir', 'HOSTNAME': 'mock', 'PATH': '/usr/bin:/bin:/usr/sbin:/sbin', 'LANG': 'C.UTF-8'} and shell False
DEBUG util.py:610:  Child return code was: 0
DEBUG util.py:636:  child environment: None
DEBUG util.py:558:  Executing command: ['/bin/umount', '-n', '-l', '/var/lib/mock/alma+epel-9-x86_64/root/proc'] with env {'TERM': 'vt100', 'SHELL': '/bin/sh', 'HOME': '/builddir', 'HOSTNAME': 'mock', 'PATH': '/usr/bin:/bin:/usr/sbin:/sbin', 'LANG': 'C.UTF-8'} and shell False
DEBUG util.py:610:  Child return code was: 0
DEBUG file_util.py:17:  ensuring that dir exists: /var/lib/mock/alma+epel-9-x86_64-bootstrap/root/var/lib/mock/alma+epel-9-x86_64/root
DEBUG util.py:636:  child environment: None
DEBUG util.py:558:  Executing command: ['/bin/mount', '-n', '-t', 'tmpfs', '-o', 'private,mode=0755', 'tmpfs', '/var/lib/mock/alma+epel-9-x86_64-bootstrap/root/var/lib/mock/alma+epel-9-x86_64/root'] with env {'TERM': 'vt100', 'SHELL': '/bin/sh', 'HOME': '/builddir', 'HOSTNAME': 'mock', 'PATH': '/usr/bin:/bin:/usr/sbin:/sbin', 'LANG': 'C.UTF-8'} and shell False
DEBUG util.py:610:  Child return code was: 0
DEBUG file_util.py:17:  ensuring that dir exists: /var/lib/mock/alma+epel-9-x86_64-bootstrap/root/var/lib/mock/alma+epel-9-x86_64/root
DEBUG util.py:636:  child environment: None
DEBUG util.py:558:  Executing command: ['/bin/mount', '-n', '-o', 'rbind', '/var/lib/mock/alma+epel-9-x86_64/root', '/var/lib/mock/alma+epel-9-x86_64-bootstrap/root/var/lib/mock/alma+epel-9-x86_64/root'] with env {'TERM': 'vt100', 'SHELL': '/bin/sh', 'HOME': '/builddir', 'HOSTNAME': 'mock', 'PATH': '/usr/bin:/bin:/usr/sbin:/sbin', 'LANG': 'C.UTF-8'} and shell False
DEBUG util.py:610:  Child return code was: 0
DEBUG util.py:636:  child environment: None
DEBUG util.py:558:  Executing command: ['/bin/mount', '-n', '-o', 'remount,private,rbind', '--target', '/var/lib/mock/alma+epel-9-x86_64-bootstrap/root/var/lib/mock/alma+epel-9-x86_64/root'] with env {'TERM': 'vt100', 'SHELL': '/bin/sh', 'HOME': '/builddir', 'HOSTNAME': 'mock', 'PATH': '/usr/bin:/bin:/usr/sbin:/sbin', 'LANG': 'C.UTF-8'} and shell False
DEBUG util.py:610:  Child return code was: 0
DEBUG util.py:636:  child environment: None
DEBUG util.py:553:  Using nspawn with args ['--capability=cap_ipc_lock', '--bind=/tmp/mock-resolv.481fms99:/etc/resolv.conf']
DEBUG util.py:558:  Executing command: ['/usr/bin/systemd-nspawn', '-q', '-M', '06183cd4c3b74a808679a9dcfe536e1b', '-D', '/var/lib/mock/alma+epel-9-x86_64-bootstrap/root', '-a', '--capability=cap_ipc_lock', '--bind=/tmp/mock-resolv.481fms99:/etc/resolv.conf', '--console=pipe', '--setenv=TERM=vt100', '--setenv=SHELL=/bin/bash', '--setenv=HOME=/builddir', '--setenv=HOSTNAME=mock', '--setenv=PATH=/usr/bin:/bin:/usr/sbin:/sbin', '--setenv=PROMPT_COMMAND=printf "\\033]0;<mock-chroot>\\007"', '--setenv=PS1=<mock-chroot> \\s-\\v\\$ ', '--setenv=LANG=C.UTF-8', '--resolv-conf=off', '/bin/rpm', '-qa', '--root', '/var/lib/mock/alma+epel-9-x86_64/root'] with env {'TERM': 'vt100', 'SHELL': '/bin/bash', 'HOME': '/builddir', 'HOSTNAME': 'mock', 'PATH': '/usr/bin:/bin:/usr/sbin:/sbin', 'PROMPT_COMMAND': 'printf "\\033]0;<mock-chroot>\\007"', 'PS1': '<mock-chroot> \\s-\\v\\$ ', 'LANG': 'C.UTF-8', 'SYSTEMD_NSPAWN_TMPFS_TMP': '0', 'SYSTEMD_SECCOMP': '0'} and shell False
DEBUG util.py:463:  gpg-pubkey-b86b3716-61e69f29
DEBUG util.py:463:  gpg-pubkey-3228467c-613798eb
DEBUG util.py:463:  rust-srpm-macros-17-4.el9.noarch
DEBUG util.py:463:  rust-srpm-macros-epel-26.3-1.el9.noarch
DEBUG util.py:463:  qt6-srpm-macros-6.6.2-1.el9.noarch
DEBUG util.py:463:  ghc-srpm-macros-epel-1.9.1-1.el9.noarch
DEBUG util.py:463:  fpc-srpm-macros-1.3-7.el9.noarch
DEBUG util.py:463:  ansible-srpm-macros-1-16.el9.noarch
DEBUG util.py:463:  qt5-srpm-macros-5.15.9-1.el9.noarch
DEBUG util.py:463:  perl-srpm-macros-1-41.el9.noarch
DEBUG util.py:463:  openblas-srpm-macros-2-11.el9.noarch
DEBUG util.py:463:  ocaml-srpm-macros-6-6.el9.noarch
DEBUG util.py:463:  ghc-srpm-macros-1.5.0-6.el9.noarch
DEBUG util.py:463:  tzdata-2026a-1.el9.noarch
DEBUG util.py:463:  publicsuffix-list-dafsa-20210518-3.el9.noarch
DEBUG util.py:463:  pkgconf-m4-1.7.3-10.el9.noarch
DEBUG util.py:463:  pcre2-syntax-10.40-6.el9.noarch
DEBUG util.py:463:  ncurses-base-6.2-12.20210508.el9.noarch
DEBUG util.py:463:  libssh-config-0.10.4-17.el9_7.noarch
DEBUG util.py:463:  coreutils-common-8.32-39.el9.x86_64
DEBUG util.py:463:  almalinux-gpg-keys-9.7-1.el9.x86_64
DEBUG util.py:463:  almalinux-release-9.7-1.el9.x86_64
DEBUG util.py:463:  almalinux-repos-9.7-1.el9.x86_64
DEBUG util.py:463:  setup-2.13.7-10.el9.noarch
DEBUG util.py:463:  filesystem-3.16-5.el9.x86_64
DEBUG util.py:463:  basesystem-11-13.el9.noarch
DEBUG util.py:463:  ncurses-libs-6.2-12.20210508.el9.x86_64
DEBUG util.py:463:  bash-5.1.8-9.el9.x86_64
DEBUG util.py:463:  glibc-gconv-extra-2.34-231.el9_7.10.x86_64
DEBUG util.py:463:  libgcc-11.5.0-11.el9.alma.1.x86_64
DEBUG util.py:463:  glibc-minimal-langpack-2.34-231.el9_7.10.x86_64
DEBUG util.py:463:  glibc-common-2.34-231.el9_7.10.x86_64
DEBUG util.py:463:  glibc-2.34-231.el9_7.10.x86_64
DEBUG util.py:463:  zlib-1.2.11-40.el9.x86_64
DEBUG util.py:463:  xz-libs-5.2.5-8.el9_0.x86_64
DEBUG util.py:463:  bzip2-libs-1.0.8-10.el9_5.x86_64
DEBUG util.py:463:  libzstd-1.5.5-1.el9.x86_64
DEBUG util.py:463:  elfutils-libelf-0.193-1.el9.alma.1.x86_64
DEBUG util.py:463:  libstdc++-11.5.0-11.el9.alma.1.x86_64
DEBUG util.py:463:  libxcrypt-4.4.18-3.el9.x86_64
DEBUG util.py:463:  libuuid-2.37.4-21.el9_7.x86_64
DEBUG util.py:463:  gmp-6.2.0-13.el9.x86_64
DEBUG util.py:463:  libattr-2.5.1-3.el9.x86_64
DEBUG util.py:463:  libacl-2.3.1-4.el9.x86_64
DEBUG util.py:463:  libcap-2.48-10.el9_7.1.x86_64
DEBUG util.py:463:  popt-1.18-8.el9.x86_64
DEBUG util.py:463:  libcom_err-1.46.5-8.el9.x86_64
DEBUG util.py:463:  lz4-libs-1.9.3-5.el9.x86_64
DEBUG util.py:463:  readline-8.1-4.el9.x86_64
DEBUG util.py:463:  crypto-policies-20250905-1.git377cc42.el9_7.noarch
DEBUG util.py:463:  mpfr-4.1.0-7.el9.x86_64
DEBUG util.py:463:  dwz-0.16-1.el9.x86_64
DEBUG util.py:463:  unzip-6.0-59.el9.x86_64
DEBUG util.py:463:  file-libs-5.39-16.el9.x86_64
DEBUG util.py:463:  file-5.39-16.el9.x86_64
DEBUG util.py:463:  sqlite-libs-3.34.1-9.el9_7.x86_64
DEBUG util.py:463:  alternatives-1.24-2.el9.x86_64
DEBUG util.py:463:  libcap-ng-0.8.2-7.el9.x86_64
DEBUG util.py:463:  audit-libs-3.1.5-7.el9.x86_64
DEBUG util.py:463:  libffi-3.4.2-8.el9.x86_64
DEBUG util.py:463:  libsepol-3.6-3.el9.x86_64
DEBUG util.py:463:  libsigsegv-2.13-4.el9.x86_64
DEBUG util.py:463:  gawk-5.1.0-6.el9.x86_64
DEBUG util.py:463:  libsmartcols-2.37.4-21.el9_7.x86_64
DEBUG util.py:463:  libtasn1-4.16.0-9.el9.x86_64
DEBUG util.py:463:  p11-kit-0.25.3-3.el9_5.x86_64
DEBUG util.py:463:  libunistring-0.9.10-15.el9.x86_64
DEBUG util.py:463:  libidn2-2.3.0-7.el9.x86_64
DEBUG util.py:463:  lua-libs-5.4.4-4.el9.x86_64
DEBUG util.py:463:  libpsl-0.21.1-5.el9.x86_64
DEBUG util.py:463:  p11-kit-trust-0.25.3-3.el9_5.x86_64
DEBUG util.py:463:  zip-3.0-35.el9.x86_64
DEBUG util.py:463:  zstd-1.5.5-1.el9.x86_64
DEBUG util.py:463:  groff-base-1.22.4-10.el9.x86_64
DEBUG util.py:463:  bzip2-1.0.8-10.el9_5.x86_64
DEBUG util.py:463:  libxml2-2.9.13-14.el9_7.x86_64
DEBUG util.py:463:  info-6.7-15.el9.x86_64
DEBUG util.py:463:  ed-1.14.2-12.el9.x86_64
DEBUG util.py:463:  cpio-2.13-16.el9.x86_64
DEBUG util.py:463:  diffutils-3.7-12.el9.x86_64
DEBUG util.py:463:  gdbm-libs-1.23-1.el9.x86_64
DEBUG util.py:463:  json-c-0.14-11.el9.x86_64
DEBUG util.py:463:  keyutils-libs-1.6.3-1.el9.x86_64
DEBUG util.py:463:  libbrotli-1.0.9-9.el9_7.x86_64
DEBUG util.py:463:  libdb-5.3.28-57.el9_6.x86_64
DEBUG util.py:463:  libeconf-0.4.1-4.el9.x86_64
DEBUG util.py:463:  libgomp-11.5.0-11.el9.alma.1.x86_64
DEBUG util.py:463:  libgpg-error-1.42-5.el9.x86_64
DEBUG util.py:463:  libgcrypt-1.10.0-11.el9.x86_64
DEBUG util.py:463:  libnghttp2-1.43.0-6.el9_7.1.x86_64
DEBUG util.py:463:  libpkgconf-1.7.3-10.el9.x86_64
DEBUG util.py:463:  pkgconf-1.7.3-10.el9.x86_64
DEBUG util.py:463:  pkgconf-pkg-config-1.7.3-10.el9.x86_64
DEBUG util.py:463:  libtool-ltdl-2.4.6-46.el9.x86_64
DEBUG util.py:463:  libverto-0.3.2-3.el9.x86_64
DEBUG util.py:463:  ncurses-6.2-12.20210508.el9.x86_64
DEBUG util.py:463:  pcre-8.44-4.el9.x86_64
DEBUG util.py:463:  grep-3.6-5.el9.x86_64
DEBUG util.py:463:  xz-5.2.5-8.el9_0.x86_64
DEBUG util.py:463:  pcre2-10.40-6.el9.x86_64
DEBUG util.py:463:  libselinux-3.6-3.el9.x86_64
DEBUG util.py:463:  sed-4.8-9.el9.x86_64
DEBUG util.py:463:  findutils-4.8.0-7.el9.x86_64
DEBUG util.py:463:  openssl-fips-provider-3.5.1-7.el9_7.x86_64
DEBUG util.py:463:  openssl-libs-3.5.1-7.el9_7.x86_64
DEBUG util.py:463:  coreutils-8.32-39.el9.x86_64
DEBUG util.py:463:  ca-certificates-2025.2.80_v9.0.305-91.el9.noarch
DEBUG util.py:463:  libblkid-2.37.4-21.el9_7.x86_64
DEBUG util.py:463:  krb5-libs-1.21.1-9.el9_7.x86_64
DEBUG util.py:463:  libmount-2.37.4-21.el9_7.x86_64
DEBUG util.py:463:  gzip-1.12-1.el9.x86_64
DEBUG util.py:463:  cracklib-2.9.6-27.el9.x86_64
DEBUG util.py:463:  systemd-libs-252-55.el9_7.9.alma.1.x86_64
DEBUG util.py:463:  libarchive-3.5.3-9.el9_7.x86_64
DEBUG util.py:463:  util-linux-core-2.37.4-21.el9_7.x86_64
DEBUG util.py:463:  cracklib-dicts-2.9.6-27.el9.x86_64
DEBUG util.py:463:  cyrus-sasl-lib-2.1.27-22.el9.x86_64
DEBUG util.py:463:  libssh-0.10.4-17.el9_7.x86_64
DEBUG util.py:463:  libfdisk-2.37.4-21.el9_7.x86_64
DEBUG util.py:463:  perl-Digest-1.19-4.el9.noarch
DEBUG util.py:463:  perl-Digest-MD5-2.58-4.el9.x86_64
DEBUG util.py:463:  perl-B-1.80-481.1.el9_6.x86_64
DEBUG util.py:463:  perl-FileHandle-2.03-481.1.el9_6.noarch
DEBUG util.py:463:  perl-Data-Dumper-2.174-462.el9.x86_64
DEBUG util.py:463:  perl-libnet-3.13-4.el9.noarch
DEBUG util.py:463:  perl-AutoLoader-5.74-481.1.el9_6.noarch
DEBUG util.py:463:  perl-base-2.27-481.1.el9_6.noarch
DEBUG util.py:463:  perl-URI-5.09-3.el9.noarch
DEBUG util.py:463:  perl-if-0.60.800-481.1.el9_6.noarch
DEBUG util.py:463:  perl-IO-Socket-IP-0.41-5.el9.noarch
DEBUG util.py:463:  perl-Time-Local-1.300-7.el9.noarch
DEBUG util.py:463:  perl-File-Path-2.18-4.el9.noarch
DEBUG util.py:463:  perl-IO-Socket-SSL-2.073-2.el9.noarch
DEBUG util.py:463:  perl-Net-SSLeay-1.94-3.el9.x86_64
DEBUG util.py:463:  perl-Pod-Escapes-1.07-460.el9.noarch
DEBUG util.py:463:  perl-Text-Tabs+Wrap-2013.0523-460.el9.noarch
DEBUG util.py:463:  perl-Mozilla-CA-20200520-6.el9.noarch
DEBUG util.py:463:  perl-Class-Struct-0.66-481.1.el9_6.noarch
DEBUG util.py:463:  perl-POSIX-1.94-481.1.el9_6.x86_64
DEBUG util.py:463:  perl-Term-ANSIColor-5.01-461.el9.noarch
DEBUG util.py:463:  perl-IPC-Open3-1.21-481.1.el9_6.noarch
DEBUG util.py:463:  perl-subs-1.03-481.1.el9_6.noarch
DEBUG util.py:463:  perl-File-Temp-0.231.100-4.el9.noarch
DEBUG util.py:463:  perl-Term-Cap-1.17-460.el9.noarch
DEBUG util.py:463:  perl-Pod-Simple-3.42-4.el9.noarch
DEBUG util.py:463:  perl-HTTP-Tiny-0.076-462.el9.noarch
DEBUG util.py:463:  perl-Socket-2.031-4.el9.x86_64
DEBUG util.py:463:  perl-SelectSaver-1.02-481.1.el9_6.noarch
DEBUG util.py:463:  perl-Symbol-1.08-481.1.el9_6.noarch
DEBUG util.py:463:  perl-File-stat-1.09-481.1.el9_6.noarch
DEBUG util.py:463:  perl-podlators-4.14-460.el9.noarch
DEBUG util.py:463:  perl-Pod-Perldoc-3.28.01-461.el9.noarch
DEBUG util.py:463:  perl-Fcntl-1.13-481.1.el9_6.x86_64
DEBUG util.py:463:  perl-Text-ParseWords-3.30-460.el9.noarch
DEBUG util.py:463:  perl-mro-1.23-481.1.el9_6.x86_64
DEBUG util.py:463:  perl-IO-1.43-481.1.el9_6.x86_64
DEBUG util.py:463:  perl-overloading-0.02-481.1.el9_6.noarch
DEBUG util.py:463:  perl-Pod-Usage-2.01-4.el9.noarch
DEBUG util.py:463:  perl-Errno-1.30-481.1.el9_6.x86_64
DEBUG util.py:463:  perl-File-Basename-2.85-481.1.el9_6.noarch
DEBUG util.py:463:  perl-Getopt-Std-1.12-481.1.el9_6.noarch
DEBUG util.py:463:  perl-MIME-Base64-3.16-4.el9.x86_64
DEBUG util.py:463:  perl-Scalar-List-Utils-1.56-462.el9.x86_64
DEBUG util.py:463:  perl-constant-1.33-461.el9.noarch
DEBUG util.py:463:  perl-Storable-3.21-460.el9.x86_64
DEBUG util.py:463:  perl-overload-1.31-481.1.el9_6.noarch
DEBUG util.py:463:  perl-parent-0.238-460.el9.noarch
DEBUG util.py:463:  perl-vars-1.05-481.1.el9_6.noarch
DEBUG util.py:463:  perl-Getopt-Long-2.52-4.el9.noarch
DEBUG util.py:463:  perl-Carp-1.50-460.el9.noarch
DEBUG util.py:463:  perl-Exporter-5.74-461.el9.noarch
DEBUG util.py:463:  perl-PathTools-3.78-461.el9.x86_64
DEBUG util.py:463:  perl-Encode-3.08-462.el9.x86_64
DEBUG util.py:463:  perl-libs-5.32.1-481.1.el9_6.x86_64
DEBUG util.py:463:  perl-interpreter-5.32.1-481.1.el9_6.x86_64
DEBUG util.py:463:  kernel-srpm-macros-1.0-14.el9.noarch
DEBUG util.py:463:  openssl-3.5.1-7.el9_7.x86_64
DEBUG util.py:463:  libpwquality-1.4.4-8.el9.x86_64
DEBUG util.py:463:  pam-1.5.1-26.el9_6.x86_64
DEBUG util.py:463:  libevent-2.1.12-8.el9_4.x86_64
DEBUG util.py:463:  libsemanage-3.6-5.el9_6.x86_64
DEBUG util.py:463:  shadow-utils-4.9-15.el9.x86_64
DEBUG util.py:463:  libutempter-1.2.1-6.el9.x86_64
DEBUG util.py:463:  openldap-2.6.8-4.el9.x86_64
DEBUG util.py:463:  libcurl-7.76.1-35.el9_7.3.x86_64
DEBUG util.py:463:  curl-7.76.1-35.el9_7.3.x86_64
DEBUG util.py:463:  rpm-libs-4.16.1.3-39.el9.x86_64
DEBUG util.py:463:  rpm-4.16.1.3-39.el9.x86_64
DEBUG util.py:463:  efi-srpm-macros-6-4.el9.noarch
DEBUG util.py:463:  lua-srpm-macros-1-6.el9.noarch
DEBUG util.py:463:  rpmautospec-rpm-macros-0.8.4-1.el9.noarch
DEBUG util.py:463:  tar-1.34-9.el9_7.x86_64
DEBUG util.py:463:  patch-2.7.6-16.el9.x86_64
DEBUG util.py:463:  elfutils-default-yama-scope-0.193-1.el9.alma.1.noarch
DEBUG util.py:463:  elfutils-libs-0.193-1.el9.alma.1.x86_64
DEBUG util.py:463:  elfutils-debuginfod-client-0.193-1.el9.alma.1.x86_64
DEBUG util.py:463:  binutils-gold-2.35.2-67.el9_7.1.x86_64
DEBUG util.py:463:  binutils-2.35.2-67.el9_7.1.x86_64
DEBUG util.py:463:  elfutils-0.193-1.el9.alma.1.x86_64
DEBUG util.py:463:  gdb-minimal-16.3-2.el9.x86_64
DEBUG util.py:463:  debugedit-5.0-11.el9.x86_64
DEBUG util.py:463:  rpm-build-libs-4.16.1.3-39.el9.x86_64
DEBUG util.py:463:  fonts-srpm-macros-2.0.5-7.el9.1.noarch
DEBUG util.py:463:  go-srpm-macros-3.6.0-14.el9_7.noarch
DEBUG util.py:463:  python-srpm-macros-3.9-54.el9.noarch
DEBUG util.py:463:  redhat-rpm-config-210-1.el9.alma.1.noarch
DEBUG util.py:463:  rpm-build-4.16.1.3-39.el9.x86_64
DEBUG util.py:463:  pyproject-srpm-macros-1.16.2-1.el9.noarch
DEBUG util.py:463:  forge-srpm-macros-0.4.0-1.el9.noarch
DEBUG util.py:463:  go-srpm-macros-epel-3.8.0-1.el9.noarch
DEBUG util.py:463:  R-srpm-macros-1.3.7-2.el9.noarch
DEBUG util.py:463:  epel-rpm-macros-9-18.el9.noarch
DEBUG util.py:463:  util-linux-2.37.4-21.el9_7.x86_64
DEBUG util.py:463:  which-2.21-30.el9_6.x86_64
DEBUG util.py:610:  Child return code was: 0
DEBUG util.py:185:  kill orphans in chroot /var/lib/mock/alma+epel-9-x86_64/root
DEBUG util.py:185:  kill orphans in chroot /var/lib/mock/alma+epel-9-x86_64-bootstrap/root/var/lib/mock/alma+epel-9-x86_64/root
DEBUG util.py:636:  child environment: None
DEBUG util.py:558:  Executing command: ['/bin/umount', '-n', '-l', '/var/lib/mock/alma+epel-9-x86_64-bootstrap/root/var/lib/mock/alma+epel-9-x86_64/root'] with env {'TERM': 'vt100', 'SHELL': '/bin/sh', 'HOME': '/builddir', 'HOSTNAME': 'mock', 'PATH': '/usr/bin:/bin:/usr/sbin:/sbin', 'LANG': 'C.UTF-8'} and shell False
DEBUG util.py:610:  Child return code was: 0
DEBUG util.py:636:  child environment: None
DEBUG util.py:558:  Executing command: ['/bin/umount', '-n', '-l', '/var/lib/mock/alma+epel-9-x86_64-bootstrap/root/var/lib/mock/alma+epel-9-x86_64/root'] with env {'TERM': 'vt100', 'SHELL': '/bin/sh', 'HOME': '/builddir', 'HOSTNAME': 'mock', 'PATH': '/usr/bin:/bin:/usr/sbin:/sbin', 'LANG': 'C.UTF-8'} and shell False
DEBUG util.py:610:  Child return code was: 0
DEBUG file_util.py:17:  ensuring that dir exists: /var/lib/mock/alma+epel-9-x86_64/root/builddir/build
DEBUG file_util.py:17:  ensuring that dir exists: /var/lib/mock/alma+epel-9-x86_64/root/builddir/build/RPMS
DEBUG file_util.py:20:  created dir: /var/lib/mock/alma+epel-9-x86_64/root/builddir/build/RPMS
DEBUG file_util.py:17:  ensuring that dir exists: /var/lib/mock/alma+epel-9-x86_64/root/builddir/build/SPECS
DEBUG file_util.py:20:  created dir: /var/lib/mock/alma+epel-9-x86_64/root/builddir/build/SPECS
DEBUG file_util.py:17:  ensuring that dir exists: /var/lib/mock/alma+epel-9-x86_64/root/builddir/build/SRPMS
DEBUG file_util.py:20:  created dir: /var/lib/mock/alma+epel-9-x86_64/root/builddir/build/SRPMS
DEBUG file_util.py:17:  ensuring that dir exists: /var/lib/mock/alma+epel-9-x86_64/root/builddir/build/SOURCES
DEBUG file_util.py:17:  ensuring that dir exists: /var/lib/mock/alma+epel-9-x86_64/root/builddir/build/BUILD
DEBUG file_util.py:20:  created dir: /var/lib/mock/alma+epel-9-x86_64/root/builddir/build/BUILD
DEBUG file_util.py:17:  ensuring that dir exists: /var/lib/mock/alma+epel-9-x86_64/root/builddir/build/BUILDROOT
DEBUG file_util.py:20:  created dir: /var/lib/mock/alma+epel-9-x86_64/root/builddir/build/BUILDROOT
DEBUG file_util.py:17:  ensuring that dir exists: /var/lib/mock/alma+epel-9-x86_64/root/builddir/build/originals
DEBUG file_util.py:20:  created dir: /var/lib/mock/alma+epel-9-x86_64/root/builddir/build/originals
DEBUG file_util.py:17:  ensuring that dir exists: /var/lib/mock/alma+epel-9-x86_64/root/builddir
DEBUG util.py:636:  child environment: None
DEBUG util.py:558:  Executing command: ['userdel', '-f', 'mockbuild', '--prefix', '/var/lib/mock/alma+epel-9-x86_64/root'] with env {'TERM': 'vt100', 'SHELL': '/bin/sh', 'HOME': '/builddir', 'HOSTNAME': 'mock', 'PATH': '/usr/bin:/bin:/usr/sbin:/sbin', 'LANG': 'C.UTF-8'} and shell False
DEBUG util.py:610:  Child return code was: 0
DEBUG util.py:636:  child environment: None
DEBUG util.py:558:  Executing command: ['groupdel', 'mock', '--prefix', '/var/lib/mock/alma+epel-9-x86_64/root'] with env {'TERM': 'vt100', 'SHELL': '/bin/sh', 'HOME': '/builddir', 'HOSTNAME': 'mock', 'PATH': '/usr/bin:/bin:/usr/sbin:/sbin', 'LANG': 'C.UTF-8'} and shell False
DEBUG util.py:610:  Child return code was: 0
DEBUG util.py:636:  child environment: None
DEBUG util.py:558:  Executing command: ['groupadd', 'mock', '-g', '135', '--prefix', '/var/lib/mock/alma+epel-9-x86_64/root'] with env {'TERM': 'vt100', 'SHELL': '/bin/sh', 'HOME': '/builddir', 'HOSTNAME': 'mock', 'PATH': '/usr/bin:/bin:/usr/sbin:/sbin', 'LANG': 'C.UTF-8'} and shell False
DEBUG util.py:610:  Child return code was: 0
DEBUG util.py:636:  child environment: None
DEBUG util.py:558:  Executing command: ['useradd', 'mockbuild', '-o', '-u', '0', '-g', '135', '-N', '-d', '/builddir', '--prefix', '/var/lib/mock/alma+epel-9-x86_64/root'] with env {'TERM': 'vt100', 'SHELL': '/bin/sh', 'HOME': '/builddir', 'HOSTNAME': 'mock', 'PATH': '/usr/bin:/bin:/usr/sbin:/sbin', 'LANG': 'C.UTF-8'} and shell False
DEBUG util.py:461:  useradd warning: mockbuild's uid 0 outside of the UID_MIN 1000 and UID_MAX 60000 range.
DEBUG util.py:461:  useradd: warning: the home directory /builddir already exists.
DEBUG util.py:461:  useradd: Not copying any file from skel directory into it.
DEBUG util.py:461:  Creating mailbox file: File exists
DEBUG util.py:610:  Child return code was: 0
DEBUG file_util.py:29:  touching file: /var/lib/mock/alma+epel-9-x86_64/root/.initialized
DEBUG util.py:636:  child environment: None
DEBUG util.py:553:  Using nspawn with args ['--capability=cap_ipc_lock', '--bind=/tmp/mock-resolv.b7osqcp1:/etc/resolv.conf', '--bind=/dev/mapper/control', '--bind=/dev/fuse', '--bind=/dev/loop-control', '--bind=/dev/loop0', '--bind=/dev/loop1', '--bind=/dev/loop2', '--bind=/dev/loop3', '--bind=/dev/loop4', '--bind=/dev/loop5', '--bind=/dev/loop6', '--bind=/dev/loop7', '--bind=/dev/loop8', '--bind=/dev/loop9', '--bind=/dev/loop10', '--bind=/dev/loop11']
DEBUG util.py:558:  Executing command: ['/usr/bin/systemd-nspawn', '-q', '-M', '5a5c383b83414ae5bbfb241d549b2d7d', '-D', '/var/lib/mock/alma+epel-9-x86_64/root', '-a', '-u', 'mockbuild', '--capability=cap_ipc_lock', '--bind=/tmp/mock-resolv.b7osqcp1:/etc/resolv.conf', '--bind=/dev/mapper/control', '--bind=/dev/fuse', '--bind=/dev/loop-control', '--bind=/dev/loop0', '--bind=/dev/loop1', '--bind=/dev/loop2', '--bind=/dev/loop3', '--bind=/dev/loop4', '--bind=/dev/loop5', '--bind=/dev/loop6', '--bind=/dev/loop7', '--bind=/dev/loop8', '--bind=/dev/loop9', '--bind=/dev/loop10', '--bind=/dev/loop11', '--console=pipe', '--setenv=TERM=vt100', '--setenv=SHELL=/bin/bash', '--setenv=HOME=/builddir', '--setenv=HOSTNAME=mock', '--setenv=PATH=/usr/bin:/bin:/usr/sbin:/sbin', '--setenv=PROMPT_COMMAND=printf "\\033]0;<mock-chroot>\\007"', '--setenv=PS1=<mock-chroot> \\s-\\v\\$ ', '--setenv=LANG=C.UTF-8', '--resolv-conf=off', '/bin/rpm', '-Uvh', '--nodeps', '/builddir/build/originals/php-5.6.40-46.el9.src.rpm'] with env {'TERM': 'vt100', 'SHELL': '/bin/bash', 'HOME': '/builddir', 'HOSTNAME': 'mock', 'PATH': '/usr/bin:/bin:/usr/sbin:/sbin', 'PROMPT_COMMAND': 'printf "\\033]0;<mock-chroot>\\007"', 'PS1': '<mock-chroot> \\s-\\v\\$ ', 'LANG': 'C.UTF-8', 'SYSTEMD_NSPAWN_TMPFS_TMP': '0', 'SYSTEMD_SECCOMP': '0'} and shell False
DEBUG util.py:463:  Updating / installing...
DEBUG util.py:463:  php-5.6.40-46.el9                     ########################################
DEBUG util.py:610:  Child return code was: 0
DEBUG util.py:636:  child environment: None
DEBUG util.py:553:  Using nspawn with args ['--capability=cap_ipc_lock', '--bind=/tmp/mock-resolv.b7osqcp1:/etc/resolv.conf', '--bind=/dev/mapper/control', '--bind=/dev/fuse', '--bind=/dev/loop-control', '--bind=/dev/loop0', '--bind=/dev/loop1', '--bind=/dev/loop2', '--bind=/dev/loop3', '--bind=/dev/loop4', '--bind=/dev/loop5', '--bind=/dev/loop6', '--bind=/dev/loop7', '--bind=/dev/loop8', '--bind=/dev/loop9', '--bind=/dev/loop10', '--bind=/dev/loop11']
DEBUG util.py:558:  Executing command: ['/usr/bin/systemd-nspawn', '-q', '-M', '205a6f382a7f4e89880c2be08b2658d7', '-D', '/var/lib/mock/alma+epel-9-x86_64/root', '-a', '-u', 'mockbuild', '--capability=cap_ipc_lock', '--bind=/tmp/mock-resolv.b7osqcp1:/etc/resolv.conf', '--bind=/dev/mapper/control', '--bind=/dev/fuse', '--bind=/dev/loop-control', '--bind=/dev/loop0', '--bind=/dev/loop1', '--bind=/dev/loop2', '--bind=/dev/loop3', '--bind=/dev/loop4', '--bind=/dev/loop5', '--bind=/dev/loop6', '--bind=/dev/loop7', '--bind=/dev/loop8', '--bind=/dev/loop9', '--bind=/dev/loop10', '--bind=/dev/loop11', '--console=pipe', '--setenv=TERM=vt100', '--setenv=SHELL=/bin/bash', '--setenv=HOME=/builddir', '--setenv=HOSTNAME=mock', '--setenv=PATH=/usr/bin:/bin:/usr/sbin:/sbin', '--setenv=PROMPT_COMMAND=printf "\\033]0;<mock-chroot>\\007"', '--setenv=PS1=<mock-chroot> \\s-\\v\\$ ', '--setenv=LANG=C.UTF-8', '--resolv-conf=off', '/bin/rpm', '-qpl', '/builddir/build/originals/php-5.6.40-46.el9.src.rpm'] with env {'TERM': 'vt100', 'SHELL': '/bin/bash', 'HOME': '/builddir', 'HOSTNAME': 'mock', 'PATH': '/usr/bin:/bin:/usr/sbin:/sbin', 'PROMPT_COMMAND': 'printf "\\033]0;<mock-chroot>\\007"', 'PS1': '<mock-chroot> \\s-\\v\\$ ', 'LANG': 'C.UTF-8', 'SYSTEMD_NSPAWN_TMPFS_TMP': '0', 'SYSTEMD_SECCOMP': '0'} and shell False
DEBUG util.py:463:  macros.php
DEBUG util.py:463:  opcache-default.blacklist
DEBUG util.py:463:  opcache.ini
DEBUG util.py:463:  openssl-1.0.2u.tar.gz
DEBUG util.py:463:  php-5.3.0-recode.patch
DEBUG util.py:463:  php-5.4.0-dlopen.patch
DEBUG util.py:463:  php-5.4.0-phpize.patch
DEBUG util.py:463:  php-5.5.30-curl.patch
DEBUG util.py:463:  php-5.6.0-oldpcre.patch
DEBUG util.py:463:  php-5.6.13-systzdata-v12.patch
DEBUG util.py:463:  php-5.6.17-libdb.patch
DEBUG util.py:463:  php-5.6.3-embed.patch
DEBUG util.py:463:  php-5.6.3-fixheader.patch
DEBUG util.py:463:  php-5.6.3-includedir.patch
DEBUG util.py:463:  php-5.6.3-ldap_r.patch
DEBUG util.py:463:  php-5.6.3-oci8conf.patch
DEBUG util.py:463:  php-5.6.3-phpinfo.patch
DEBUG util.py:463:  php-5.6.30-datetests.patch
DEBUG util.py:463:  php-5.6.30-dtrace.patch
DEBUG util.py:463:  php-5.6.30-interbase.patch
DEBUG util.py:463:  php-5.6.31-oci.patch
DEBUG util.py:463:  php-5.6.31-openssl11.patch
DEBUG util.py:463:  php-5.6.37-icu62.patch
DEBUG util.py:463:  php-5.6.40-gcc10.patch
DEBUG util.py:463:  php-5.6.40-strip.tar.xz
DEBUG util.py:463:  php-7.1.7-httpd.patch
DEBUG util.py:463:  php-bug75457.patch
DEBUG util.py:463:  php-bug76450.patch
DEBUG util.py:463:  php-bug76846.patch
DEBUG util.py:463:  php-bug77396.patch
DEBUG util.py:463:  php-bug77423.patch
DEBUG util.py:463:  php-bug77431.patch
DEBUG util.py:463:  php-bug77540.patch
DEBUG util.py:463:  php-bug77563.patch
DEBUG util.py:463:  php-bug77586.patch
DEBUG util.py:463:  php-bug77630.patch
DEBUG util.py:463:  php-bug77753.patch
DEBUG util.py:463:  php-bug77831.patch
DEBUG util.py:463:  php-bug77919.patch
DEBUG util.py:463:  php-bug77950.patch
DEBUG util.py:463:  php-bug77967.patch
DEBUG util.py:463:  php-bug77988.patch
DEBUG util.py:463:  php-bug78069.patch
DEBUG util.py:463:  php-bug78222.patch
DEBUG util.py:463:  php-bug78256.patch
DEBUG util.py:463:  php-bug78380.patch
DEBUG util.py:463:  php-bug78599.patch
DEBUG util.py:463:  php-bug78793.patch
DEBUG util.py:463:  php-bug78862.patch
DEBUG util.py:463:  php-bug78863.patch
DEBUG util.py:463:  php-bug78875.patch
DEBUG util.py:463:  php-bug78878.patch
DEBUG util.py:463:  php-bug78910.patch
DEBUG util.py:463:  php-bug79037.patch
DEBUG util.py:463:  php-bug79082.patch
DEBUG util.py:463:  php-bug79099.patch
DEBUG util.py:463:  php-bug79221.patch
DEBUG util.py:463:  php-bug79282.patch
DEBUG util.py:463:  php-bug79329.patch
DEBUG util.py:463:  php-bug79330.patch
DEBUG util.py:463:  php-bug79465.patch
DEBUG util.py:463:  php-bug79699.patch
DEBUG util.py:463:  php-bug79797.patch
DEBUG util.py:463:  php-bug79877.patch
DEBUG util.py:463:  php-bug79971.patch
DEBUG util.py:463:  php-bug80672.patch
DEBUG util.py:463:  php-bug80710.patch
DEBUG util.py:463:  php-bug81026.patch
DEBUG util.py:463:  php-bug81122.patch
DEBUG util.py:463:  php-bug81211.patch
DEBUG util.py:463:  php-bug81719.patch
DEBUG util.py:463:  php-bug81720.patch
DEBUG util.py:463:  php-bug81726.patch
DEBUG util.py:463:  php-bug81727.patch
DEBUG util.py:463:  php-bug81740.patch
DEBUG util.py:463:  php-bug81744.patch
DEBUG util.py:463:  php-bug81746.patch
DEBUG util.py:463:  php-cve-2023-0662.patch
DEBUG util.py:463:  php-cve-2023-3247.patch
DEBUG util.py:463:  php-cve-2023-3823.patch
DEBUG util.py:463:  php-cve-2023-3824.patch
DEBUG util.py:463:  php-cve-2024-11233.patch
DEBUG util.py:463:  php-cve-2024-11234.patch
DEBUG util.py:463:  php-cve-2024-2756.patch
DEBUG util.py:463:  php-cve-2024-3096.patch
DEBUG util.py:463:  php-cve-2024-5458.patch
DEBUG util.py:463:  php-cve-2024-8925.patch
DEBUG util.py:463:  php-cve-2024-8926.patch
DEBUG util.py:463:  php-cve-2024-8927.patch
DEBUG util.py:463:  php-cve-2024-8932.patch
DEBUG util.py:463:  php-cve-2026-6735.patch
DEBUG util.py:463:  php-cve-2026-7261.patch
DEBUG util.py:463:  php-cve-2026-7262.patch
DEBUG util.py:463:  php-fpm-www.conf
DEBUG util.py:463:  php-fpm.conf
DEBUG util.py:463:  php-fpm.init
DEBUG util.py:463:  php-fpm.logrotate
DEBUG util.py:463:  php-fpm.service
DEBUG util.py:463:  php-fpm.sysconfig
DEBUG util.py:463:  php-fpm.wants
DEBUG util.py:463:  php-ghsa-4w77-75f9-2c8w.patch
DEBUG util.py:463:  php-mysqlnd-utf8mb4.patch
DEBUG util.py:463:  php-net-snmp.patch
DEBUG util.py:463:  php-news.patch
DEBUG util.py:463:  php-openssl-cert.patch
DEBUG util.py:463:  php-sqlite3-defensive.patch
DEBUG util.py:463:  php.conf
DEBUG util.py:463:  php.conf2
DEBUG util.py:463:  php.ini
DEBUG util.py:463:  php.modconf
DEBUG util.py:463:  php.spec
DEBUG util.py:463:  strip.sh
DEBUG util.py:610:  Child return code was: 0
DEBUG file_util.py:17:  ensuring that dir exists: /var/lib/mock/alma+epel-9-x86_64-bootstrap/root/var/lib/mock/alma+epel-9-x86_64/root
DEBUG util.py:636:  child environment: None
DEBUG util.py:558:  Executing command: ['/bin/mount', '-n', '-t', 'tmpfs', '-o', 'private,mode=0755', 'tmpfs', '/var/lib/mock/alma+epel-9-x86_64-bootstrap/root/var/lib/mock/alma+epel-9-x86_64/root'] with env {'TERM': 'vt100', 'SHELL': '/bin/sh', 'HOME': '/builddir', 'HOSTNAME': 'mock', 'PATH': '/usr/bin:/bin:/usr/sbin:/sbin', 'LANG': 'C.UTF-8'} and shell False
DEBUG util.py:610:  Child return code was: 0
DEBUG file_util.py:17:  ensuring that dir exists: /var/lib/mock/alma+epel-9-x86_64-bootstrap/root/var/lib/mock/alma+epel-9-x86_64/root
DEBUG util.py:636:  child environment: None
DEBUG util.py:558:  Executing command: ['/bin/mount', '-n', '-o', 'rbind', '/var/lib/mock/alma+epel-9-x86_64/root', '/var/lib/mock/alma+epel-9-x86_64-bootstrap/root/var/lib/mock/alma+epel-9-x86_64/root'] with env {'TERM': 'vt100', 'SHELL': '/bin/sh', 'HOME': '/builddir', 'HOSTNAME': 'mock', 'PATH': '/usr/bin:/bin:/usr/sbin:/sbin', 'LANG': 'C.UTF-8'} and shell False
DEBUG util.py:610:  Child return code was: 0
DEBUG util.py:636:  child environment: None
DEBUG util.py:558:  Executing command: ['/bin/mount', '-n', '-o', 'remount,private,rbind', '--target', '/var/lib/mock/alma+epel-9-x86_64-bootstrap/root/var/lib/mock/alma+epel-9-x86_64/root'] with env {'TERM': 'vt100', 'SHELL': '/bin/sh', 'HOME': '/builddir', 'HOSTNAME': 'mock', 'PATH': '/usr/bin:/bin:/usr/sbin:/sbin', 'LANG': 'C.UTF-8'} and shell False
DEBUG util.py:610:  Child return code was: 0
DEBUG util.py:636:  child environment: None
DEBUG util.py:553:  Using nspawn with args ['--capability=cap_ipc_lock', '--bind=/tmp/mock-resolv.481fms99:/etc/resolv.conf']
DEBUG util.py:558:  Executing command: ['/usr/bin/systemd-nspawn', '-q', '-M', 'b3acec50342e464ba111a99851dc296d', '-D', '/var/lib/mock/alma+epel-9-x86_64-bootstrap/root', '-a', '--capability=cap_ipc_lock', '--bind=/tmp/mock-resolv.481fms99:/etc/resolv.conf', '--console=pipe', '--setenv=TERM=vt100', '--setenv=SHELL=/bin/bash', '--setenv=HOME=/builddir', '--setenv=HOSTNAME=mock', '--setenv=PATH=/usr/bin:/bin:/usr/sbin:/sbin', '--setenv=PROMPT_COMMAND=printf "\\033]0;<mock-chroot>\\007"', '--setenv=PS1=<mock-chroot> \\s-\\v\\$ ', '--setenv=LANG=C.UTF-8', '--resolv-conf=off', '/bin/rpm', '-qa', '--root', '/var/lib/mock/alma+epel-9-x86_64/root'] with env {'TERM': 'vt100', 'SHELL': '/bin/bash', 'HOME': '/builddir', 'HOSTNAME': 'mock', 'PATH': '/usr/bin:/bin:/usr/sbin:/sbin', 'PROMPT_COMMAND': 'printf "\\033]0;<mock-chroot>\\007"', 'PS1': '<mock-chroot> \\s-\\v\\$ ', 'LANG': 'C.UTF-8', 'SYSTEMD_NSPAWN_TMPFS_TMP': '0', 'SYSTEMD_SECCOMP': '0'} and shell False
DEBUG util.py:463:  gpg-pubkey-b86b3716-61e69f29
DEBUG util.py:463:  gpg-pubkey-3228467c-613798eb
DEBUG util.py:463:  rust-srpm-macros-17-4.el9.noarch
DEBUG util.py:463:  rust-srpm-macros-epel-26.3-1.el9.noarch
DEBUG util.py:463:  qt6-srpm-macros-6.6.2-1.el9.noarch
DEBUG util.py:463:  ghc-srpm-macros-epel-1.9.1-1.el9.noarch
DEBUG util.py:463:  fpc-srpm-macros-1.3-7.el9.noarch
DEBUG util.py:463:  ansible-srpm-macros-1-16.el9.noarch
DEBUG util.py:463:  qt5-srpm-macros-5.15.9-1.el9.noarch
DEBUG util.py:463:  perl-srpm-macros-1-41.el9.noarch
DEBUG util.py:463:  openblas-srpm-macros-2-11.el9.noarch
DEBUG util.py:463:  ocaml-srpm-macros-6-6.el9.noarch
DEBUG util.py:463:  ghc-srpm-macros-1.5.0-6.el9.noarch
DEBUG util.py:463:  tzdata-2026a-1.el9.noarch
DEBUG util.py:463:  publicsuffix-list-dafsa-20210518-3.el9.noarch
DEBUG util.py:463:  pkgconf-m4-1.7.3-10.el9.noarch
DEBUG util.py:463:  pcre2-syntax-10.40-6.el9.noarch
DEBUG util.py:463:  ncurses-base-6.2-12.20210508.el9.noarch
DEBUG util.py:463:  libssh-config-0.10.4-17.el9_7.noarch
DEBUG util.py:463:  coreutils-common-8.32-39.el9.x86_64
DEBUG util.py:463:  almalinux-gpg-keys-9.7-1.el9.x86_64
DEBUG util.py:463:  almalinux-release-9.7-1.el9.x86_64
DEBUG util.py:463:  almalinux-repos-9.7-1.el9.x86_64
DEBUG util.py:463:  setup-2.13.7-10.el9.noarch
DEBUG util.py:463:  filesystem-3.16-5.el9.x86_64
DEBUG util.py:463:  basesystem-11-13.el9.noarch
DEBUG util.py:463:  ncurses-libs-6.2-12.20210508.el9.x86_64
DEBUG util.py:463:  bash-5.1.8-9.el9.x86_64
DEBUG util.py:463:  glibc-gconv-extra-2.34-231.el9_7.10.x86_64
DEBUG util.py:463:  libgcc-11.5.0-11.el9.alma.1.x86_64
DEBUG util.py:463:  glibc-minimal-langpack-2.34-231.el9_7.10.x86_64
DEBUG util.py:463:  glibc-common-2.34-231.el9_7.10.x86_64
DEBUG util.py:463:  glibc-2.34-231.el9_7.10.x86_64
DEBUG util.py:463:  zlib-1.2.11-40.el9.x86_64
DEBUG util.py:463:  xz-libs-5.2.5-8.el9_0.x86_64
DEBUG util.py:463:  bzip2-libs-1.0.8-10.el9_5.x86_64
DEBUG util.py:463:  libzstd-1.5.5-1.el9.x86_64
DEBUG util.py:463:  elfutils-libelf-0.193-1.el9.alma.1.x86_64
DEBUG util.py:463:  libstdc++-11.5.0-11.el9.alma.1.x86_64
DEBUG util.py:463:  libxcrypt-4.4.18-3.el9.x86_64
DEBUG util.py:463:  libuuid-2.37.4-21.el9_7.x86_64
DEBUG util.py:463:  gmp-6.2.0-13.el9.x86_64
DEBUG util.py:463:  libattr-2.5.1-3.el9.x86_64
DEBUG util.py:463:  libacl-2.3.1-4.el9.x86_64
DEBUG util.py:463:  libcap-2.48-10.el9_7.1.x86_64
DEBUG util.py:463:  popt-1.18-8.el9.x86_64
DEBUG util.py:463:  libcom_err-1.46.5-8.el9.x86_64
DEBUG util.py:463:  lz4-libs-1.9.3-5.el9.x86_64
DEBUG util.py:463:  readline-8.1-4.el9.x86_64
DEBUG util.py:463:  crypto-policies-20250905-1.git377cc42.el9_7.noarch
DEBUG util.py:463:  mpfr-4.1.0-7.el9.x86_64
DEBUG util.py:463:  dwz-0.16-1.el9.x86_64
DEBUG util.py:463:  unzip-6.0-59.el9.x86_64
DEBUG util.py:463:  file-libs-5.39-16.el9.x86_64
DEBUG util.py:463:  file-5.39-16.el9.x86_64
DEBUG util.py:463:  sqlite-libs-3.34.1-9.el9_7.x86_64
DEBUG util.py:463:  alternatives-1.24-2.el9.x86_64
DEBUG util.py:463:  libcap-ng-0.8.2-7.el9.x86_64
DEBUG util.py:463:  audit-libs-3.1.5-7.el9.x86_64
DEBUG util.py:463:  libffi-3.4.2-8.el9.x86_64
DEBUG util.py:463:  libsepol-3.6-3.el9.x86_64
DEBUG util.py:463:  libsigsegv-2.13-4.el9.x86_64
DEBUG util.py:463:  gawk-5.1.0-6.el9.x86_64
DEBUG util.py:463:  libsmartcols-2.37.4-21.el9_7.x86_64
DEBUG util.py:463:  libtasn1-4.16.0-9.el9.x86_64
DEBUG util.py:463:  p11-kit-0.25.3-3.el9_5.x86_64
DEBUG util.py:463:  libunistring-0.9.10-15.el9.x86_64
DEBUG util.py:463:  libidn2-2.3.0-7.el9.x86_64
DEBUG util.py:463:  lua-libs-5.4.4-4.el9.x86_64
DEBUG util.py:463:  libpsl-0.21.1-5.el9.x86_64
DEBUG util.py:463:  p11-kit-trust-0.25.3-3.el9_5.x86_64
DEBUG util.py:463:  zip-3.0-35.el9.x86_64
DEBUG util.py:463:  zstd-1.5.5-1.el9.x86_64
DEBUG util.py:463:  groff-base-1.22.4-10.el9.x86_64
DEBUG util.py:463:  bzip2-1.0.8-10.el9_5.x86_64
DEBUG util.py:463:  libxml2-2.9.13-14.el9_7.x86_64
DEBUG util.py:463:  info-6.7-15.el9.x86_64
DEBUG util.py:463:  ed-1.14.2-12.el9.x86_64
DEBUG util.py:463:  cpio-2.13-16.el9.x86_64
DEBUG util.py:463:  diffutils-3.7-12.el9.x86_64
DEBUG util.py:463:  gdbm-libs-1.23-1.el9.x86_64
DEBUG util.py:463:  json-c-0.14-11.el9.x86_64
DEBUG util.py:463:  keyutils-libs-1.6.3-1.el9.x86_64
DEBUG util.py:463:  libbrotli-1.0.9-9.el9_7.x86_64
DEBUG util.py:463:  libdb-5.3.28-57.el9_6.x86_64
DEBUG util.py:463:  libeconf-0.4.1-4.el9.x86_64
DEBUG util.py:463:  libgomp-11.5.0-11.el9.alma.1.x86_64
DEBUG util.py:463:  libgpg-error-1.42-5.el9.x86_64
DEBUG util.py:463:  libgcrypt-1.10.0-11.el9.x86_64
DEBUG util.py:463:  libnghttp2-1.43.0-6.el9_7.1.x86_64
DEBUG util.py:463:  libpkgconf-1.7.3-10.el9.x86_64
DEBUG util.py:463:  pkgconf-1.7.3-10.el9.x86_64
DEBUG util.py:463:  pkgconf-pkg-config-1.7.3-10.el9.x86_64
DEBUG util.py:463:  libtool-ltdl-2.4.6-46.el9.x86_64
DEBUG util.py:463:  libverto-0.3.2-3.el9.x86_64
DEBUG util.py:463:  ncurses-6.2-12.20210508.el9.x86_64
DEBUG util.py:463:  pcre-8.44-4.el9.x86_64
DEBUG util.py:463:  grep-3.6-5.el9.x86_64
DEBUG util.py:463:  xz-5.2.5-8.el9_0.x86_64
DEBUG util.py:463:  pcre2-10.40-6.el9.x86_64
DEBUG util.py:463:  libselinux-3.6-3.el9.x86_64
DEBUG util.py:463:  sed-4.8-9.el9.x86_64
DEBUG util.py:463:  findutils-4.8.0-7.el9.x86_64
DEBUG util.py:463:  openssl-fips-provider-3.5.1-7.el9_7.x86_64
DEBUG util.py:463:  openssl-libs-3.5.1-7.el9_7.x86_64
DEBUG util.py:463:  coreutils-8.32-39.el9.x86_64
DEBUG util.py:463:  ca-certificates-2025.2.80_v9.0.305-91.el9.noarch
DEBUG util.py:463:  libblkid-2.37.4-21.el9_7.x86_64
DEBUG util.py:463:  krb5-libs-1.21.1-9.el9_7.x86_64
DEBUG util.py:463:  libmount-2.37.4-21.el9_7.x86_64
DEBUG util.py:463:  gzip-1.12-1.el9.x86_64
DEBUG util.py:463:  cracklib-2.9.6-27.el9.x86_64
DEBUG util.py:463:  systemd-libs-252-55.el9_7.9.alma.1.x86_64
DEBUG util.py:463:  libarchive-3.5.3-9.el9_7.x86_64
DEBUG util.py:463:  util-linux-core-2.37.4-21.el9_7.x86_64
DEBUG util.py:463:  cracklib-dicts-2.9.6-27.el9.x86_64
DEBUG util.py:463:  cyrus-sasl-lib-2.1.27-22.el9.x86_64
DEBUG util.py:463:  libssh-0.10.4-17.el9_7.x86_64
DEBUG util.py:463:  libfdisk-2.37.4-21.el9_7.x86_64
DEBUG util.py:463:  perl-Digest-1.19-4.el9.noarch
DEBUG util.py:463:  perl-Digest-MD5-2.58-4.el9.x86_64
DEBUG util.py:463:  perl-B-1.80-481.1.el9_6.x86_64
DEBUG util.py:463:  perl-FileHandle-2.03-481.1.el9_6.noarch
DEBUG util.py:463:  perl-Data-Dumper-2.174-462.el9.x86_64
DEBUG util.py:463:  perl-libnet-3.13-4.el9.noarch
DEBUG util.py:463:  perl-AutoLoader-5.74-481.1.el9_6.noarch
DEBUG util.py:463:  perl-base-2.27-481.1.el9_6.noarch
DEBUG util.py:463:  perl-URI-5.09-3.el9.noarch
DEBUG util.py:463:  perl-if-0.60.800-481.1.el9_6.noarch
DEBUG util.py:463:  perl-IO-Socket-IP-0.41-5.el9.noarch
DEBUG util.py:463:  perl-Time-Local-1.300-7.el9.noarch
DEBUG util.py:463:  perl-File-Path-2.18-4.el9.noarch
DEBUG util.py:463:  perl-IO-Socket-SSL-2.073-2.el9.noarch
DEBUG util.py:463:  perl-Net-SSLeay-1.94-3.el9.x86_64
DEBUG util.py:463:  perl-Pod-Escapes-1.07-460.el9.noarch
DEBUG util.py:463:  perl-Text-Tabs+Wrap-2013.0523-460.el9.noarch
DEBUG util.py:463:  perl-Mozilla-CA-20200520-6.el9.noarch
DEBUG util.py:463:  perl-Class-Struct-0.66-481.1.el9_6.noarch
DEBUG util.py:463:  perl-POSIX-1.94-481.1.el9_6.x86_64
DEBUG util.py:463:  perl-Term-ANSIColor-5.01-461.el9.noarch
DEBUG util.py:463:  perl-IPC-Open3-1.21-481.1.el9_6.noarch
DEBUG util.py:463:  perl-subs-1.03-481.1.el9_6.noarch
DEBUG util.py:463:  perl-File-Temp-0.231.100-4.el9.noarch
DEBUG util.py:463:  perl-Term-Cap-1.17-460.el9.noarch
DEBUG util.py:463:  perl-Pod-Simple-3.42-4.el9.noarch
DEBUG util.py:463:  perl-HTTP-Tiny-0.076-462.el9.noarch
DEBUG util.py:463:  perl-Socket-2.031-4.el9.x86_64
DEBUG util.py:463:  perl-SelectSaver-1.02-481.1.el9_6.noarch
DEBUG util.py:463:  perl-Symbol-1.08-481.1.el9_6.noarch
DEBUG util.py:463:  perl-File-stat-1.09-481.1.el9_6.noarch
DEBUG util.py:463:  perl-podlators-4.14-460.el9.noarch
DEBUG util.py:463:  perl-Pod-Perldoc-3.28.01-461.el9.noarch
DEBUG util.py:463:  perl-Fcntl-1.13-481.1.el9_6.x86_64
DEBUG util.py:463:  perl-Text-ParseWords-3.30-460.el9.noarch
DEBUG util.py:463:  perl-mro-1.23-481.1.el9_6.x86_64
DEBUG util.py:463:  perl-IO-1.43-481.1.el9_6.x86_64
DEBUG util.py:463:  perl-overloading-0.02-481.1.el9_6.noarch
DEBUG util.py:463:  perl-Pod-Usage-2.01-4.el9.noarch
DEBUG util.py:463:  perl-Errno-1.30-481.1.el9_6.x86_64
DEBUG util.py:463:  perl-File-Basename-2.85-481.1.el9_6.noarch
DEBUG util.py:463:  perl-Getopt-Std-1.12-481.1.el9_6.noarch
DEBUG util.py:463:  perl-MIME-Base64-3.16-4.el9.x86_64
DEBUG util.py:463:  perl-Scalar-List-Utils-1.56-462.el9.x86_64
DEBUG util.py:463:  perl-constant-1.33-461.el9.noarch
DEBUG util.py:463:  perl-Storable-3.21-460.el9.x86_64
DEBUG util.py:463:  perl-overload-1.31-481.1.el9_6.noarch
DEBUG util.py:463:  perl-parent-0.238-460.el9.noarch
DEBUG util.py:463:  perl-vars-1.05-481.1.el9_6.noarch
DEBUG util.py:463:  perl-Getopt-Long-2.52-4.el9.noarch
DEBUG util.py:463:  perl-Carp-1.50-460.el9.noarch
DEBUG util.py:463:  perl-Exporter-5.74-461.el9.noarch
DEBUG util.py:463:  perl-PathTools-3.78-461.el9.x86_64
DEBUG util.py:463:  perl-Encode-3.08-462.el9.x86_64
DEBUG util.py:463:  perl-libs-5.32.1-481.1.el9_6.x86_64
DEBUG util.py:463:  perl-interpreter-5.32.1-481.1.el9_6.x86_64
DEBUG util.py:463:  kernel-srpm-macros-1.0-14.el9.noarch
DEBUG util.py:463:  openssl-3.5.1-7.el9_7.x86_64
DEBUG util.py:463:  libpwquality-1.4.4-8.el9.x86_64
DEBUG util.py:463:  pam-1.5.1-26.el9_6.x86_64
DEBUG util.py:463:  libevent-2.1.12-8.el9_4.x86_64
DEBUG util.py:463:  libsemanage-3.6-5.el9_6.x86_64
DEBUG util.py:463:  shadow-utils-4.9-15.el9.x86_64
DEBUG util.py:463:  libutempter-1.2.1-6.el9.x86_64
DEBUG util.py:463:  openldap-2.6.8-4.el9.x86_64
DEBUG util.py:463:  libcurl-7.76.1-35.el9_7.3.x86_64
DEBUG util.py:463:  curl-7.76.1-35.el9_7.3.x86_64
DEBUG util.py:463:  rpm-libs-4.16.1.3-39.el9.x86_64
DEBUG util.py:463:  rpm-4.16.1.3-39.el9.x86_64
DEBUG util.py:463:  efi-srpm-macros-6-4.el9.noarch
DEBUG util.py:463:  lua-srpm-macros-1-6.el9.noarch
DEBUG util.py:463:  rpmautospec-rpm-macros-0.8.4-1.el9.noarch
DEBUG util.py:463:  tar-1.34-9.el9_7.x86_64
DEBUG util.py:463:  patch-2.7.6-16.el9.x86_64
DEBUG util.py:463:  elfutils-default-yama-scope-0.193-1.el9.alma.1.noarch
DEBUG util.py:463:  elfutils-libs-0.193-1.el9.alma.1.x86_64
DEBUG util.py:463:  elfutils-debuginfod-client-0.193-1.el9.alma.1.x86_64
DEBUG util.py:463:  binutils-gold-2.35.2-67.el9_7.1.x86_64
DEBUG util.py:463:  binutils-2.35.2-67.el9_7.1.x86_64
DEBUG util.py:463:  elfutils-0.193-1.el9.alma.1.x86_64
DEBUG util.py:463:  gdb-minimal-16.3-2.el9.x86_64
DEBUG util.py:463:  debugedit-5.0-11.el9.x86_64
DEBUG util.py:463:  rpm-build-libs-4.16.1.3-39.el9.x86_64
DEBUG util.py:463:  fonts-srpm-macros-2.0.5-7.el9.1.noarch
DEBUG util.py:463:  go-srpm-macros-3.6.0-14.el9_7.noarch
DEBUG util.py:463:  python-srpm-macros-3.9-54.el9.noarch
DEBUG util.py:463:  redhat-rpm-config-210-1.el9.alma.1.noarch
DEBUG util.py:463:  rpm-build-4.16.1.3-39.el9.x86_64
DEBUG util.py:463:  pyproject-srpm-macros-1.16.2-1.el9.noarch
DEBUG util.py:463:  forge-srpm-macros-0.4.0-1.el9.noarch
DEBUG util.py:463:  go-srpm-macros-epel-3.8.0-1.el9.noarch
DEBUG util.py:463:  R-srpm-macros-1.3.7-2.el9.noarch
DEBUG util.py:463:  epel-rpm-macros-9-18.el9.noarch
DEBUG util.py:463:  util-linux-2.37.4-21.el9_7.x86_64
DEBUG util.py:463:  which-2.21-30.el9_6.x86_64
DEBUG util.py:610:  Child return code was: 0
DEBUG util.py:185:  kill orphans in chroot /var/lib/mock/alma+epel-9-x86_64/root
DEBUG util.py:185:  kill orphans in chroot /var/lib/mock/alma+epel-9-x86_64-bootstrap/root/var/lib/mock/alma+epel-9-x86_64/root
DEBUG util.py:636:  child environment: None
DEBUG util.py:558:  Executing command: ['/bin/umount', '-n', '-l', '/var/lib/mock/alma+epel-9-x86_64-bootstrap/root/var/lib/mock/alma+epel-9-x86_64/root'] with env {'TERM': 'vt100', 'SHELL': '/bin/sh', 'HOME': '/builddir', 'HOSTNAME': 'mock', 'PATH': '/usr/bin:/bin:/usr/sbin:/sbin', 'LANG': 'C.UTF-8'} and shell False
DEBUG util.py:610:  Child return code was: 0
DEBUG util.py:636:  child environment: None
DEBUG util.py:558:  Executing command: ['/bin/umount', '-n', '-l', '/var/lib/mock/alma+epel-9-x86_64-bootstrap/root/var/lib/mock/alma+epel-9-x86_64/root'] with env {'TERM': 'vt100', 'SHELL': '/bin/sh', 'HOME': '/builddir', 'HOSTNAME': 'mock', 'PATH': '/usr/bin:/bin:/usr/sbin:/sbin', 'LANG': 'C.UTF-8'} and shell False
DEBUG util.py:610:  Child return code was: 0
DEBUG util.py:636:  child environment: None
DEBUG util.py:553:  Using nspawn with args ['--capability=cap_ipc_lock', '--bind=/tmp/mock-resolv.b7osqcp1:/etc/resolv.conf', '--bind=/dev/mapper/control', '--bind=/dev/fuse', '--bind=/dev/loop-control', '--bind=/dev/loop0', '--bind=/dev/loop1', '--bind=/dev/loop2', '--bind=/dev/loop3', '--bind=/dev/loop4', '--bind=/dev/loop5', '--bind=/dev/loop6', '--bind=/dev/loop7', '--bind=/dev/loop8', '--bind=/dev/loop9', '--bind=/dev/loop10', '--bind=/dev/loop11']
DEBUG util.py:558:  Executing command: ['/usr/bin/systemd-nspawn', '-q', '-M', 'f00c941f40394a488521b0ecc6d74721', '-D', '/var/lib/mock/alma+epel-9-x86_64/root', '-a', '--capability=cap_ipc_lock', '--bind=/tmp/mock-resolv.b7osqcp1:/etc/resolv.conf', '--bind=/dev/mapper/control', '--bind=/dev/fuse', '--bind=/dev/loop-control', '--bind=/dev/loop0', '--bind=/dev/loop1', '--bind=/dev/loop2', '--bind=/dev/loop3', '--bind=/dev/loop4', '--bind=/dev/loop5', '--bind=/dev/loop6', '--bind=/dev/loop7', '--bind=/dev/loop8', '--bind=/dev/loop9', '--bind=/dev/loop10', '--bind=/dev/loop11', '--console=pipe', '--setenv=TERM=vt100', '--setenv=SHELL=/bin/bash', '--setenv=HOME=/builddir', '--setenv=HOSTNAME=mock', '--setenv=PATH=/usr/bin:/bin:/usr/sbin:/sbin', '--setenv=PROMPT_COMMAND=printf "\\033]0;<mock-chroot>\\007"', '--setenv=PS1=<mock-chroot> \\s-\\v\\$ ', '--setenv=LANG=C.UTF-8', '--resolv-conf=off', '/bin/sh', '-c', 'case $(rpmbuild --help) in *--noclean*) exit 0; esac; exit 1'] with env {'TERM': 'vt100', 'SHELL': '/bin/bash', 'HOME': '/builddir', 'HOSTNAME': 'mock', 'PATH': '/usr/bin:/bin:/usr/sbin:/sbin', 'PROMPT_COMMAND': 'printf "\\033]0;<mock-chroot>\\007"', 'PS1': '<mock-chroot> \\s-\\v\\$ ', 'LANG': 'C.UTF-8', 'SYSTEMD_NSPAWN_TMPFS_TMP': '0', 'SYSTEMD_SECCOMP': '0'} and shell False
DEBUG util.py:610:  Child return code was: 0
DEBUG util.py:636:  child environment: None
DEBUG file_util.py:17:  ensuring that dir exists: /var/lib/mock/alma+epel-9-x86_64/root/proc
DEBUG util.py:636:  child environment: None
DEBUG util.py:558:  Executing command: ['/bin/mount', '-n', '-t', 'tmpfs', '-o', 'rprivate,mode=0755', 'tmpfs', '/var/lib/mock/alma+epel-9-x86_64/root/proc'] with env {'TERM': 'vt100', 'SHELL': '/bin/sh', 'HOME': '/builddir', 'HOSTNAME': 'mock', 'PATH': '/usr/bin:/bin:/usr/sbin:/sbin', 'LANG': 'C.UTF-8'} and shell False
DEBUG util.py:610:  Child return code was: 0
DEBUG file_util.py:17:  ensuring that dir exists: /var/lib/mock/alma+epel-9-x86_64/root/proc
DEBUG util.py:636:  child environment: None
DEBUG util.py:558:  Executing command: ['/bin/mount', '-n', '-o', 'rbind', '/proc', '/var/lib/mock/alma+epel-9-x86_64/root/proc'] with env {'TERM': 'vt100', 'SHELL': '/bin/sh', 'HOME': '/builddir', 'HOSTNAME': 'mock', 'PATH': '/usr/bin:/bin:/usr/sbin:/sbin', 'LANG': 'C.UTF-8'} and shell False
DEBUG util.py:610:  Child return code was: 0
DEBUG util.py:636:  child environment: None
DEBUG util.py:558:  Executing command: ['/bin/mount', '-n', '-o', 'remount,nodev,noexec,nosuid,readonly,rprivate,rbind', '--target', '/var/lib/mock/alma+epel-9-x86_64/root/proc'] with env {'TERM': 'vt100', 'SHELL': '/bin/sh', 'HOME': '/builddir', 'HOSTNAME': 'mock', 'PATH': '/usr/bin:/bin:/usr/sbin:/sbin', 'LANG': 'C.UTF-8'} and shell False
DEBUG util.py:610:  Child return code was: 0
DEBUG file_util.py:17:  ensuring that dir exists: /var/lib/mock/alma+epel-9-x86_64/root/sys
DEBUG util.py:636:  child environment: None
DEBUG util.py:558:  Executing command: ['/bin/mount', '-n', '-t', 'tmpfs', '-o', 'rprivate,mode=0755', 'tmpfs', '/var/lib/mock/alma+epel-9-x86_64/root/sys'] with env {'TERM': 'vt100', 'SHELL': '/bin/sh', 'HOME': '/builddir', 'HOSTNAME': 'mock', 'PATH': '/usr/bin:/bin:/usr/sbin:/sbin', 'LANG': 'C.UTF-8'} and shell False
DEBUG util.py:610:  Child return code was: 0
DEBUG file_util.py:17:  ensuring that dir exists: /var/lib/mock/alma+epel-9-x86_64/root/sys
DEBUG util.py:636:  child environment: None
DEBUG util.py:558:  Executing command: ['/bin/mount', '-n', '-o', 'rbind', '/sys', '/var/lib/mock/alma+epel-9-x86_64/root/sys'] with env {'TERM': 'vt100', 'SHELL': '/bin/sh', 'HOME': '/builddir', 'HOSTNAME': 'mock', 'PATH': '/usr/bin:/bin:/usr/sbin:/sbin', 'LANG': 'C.UTF-8'} and shell False
DEBUG util.py:610:  Child return code was: 0
DEBUG util.py:636:  child environment: None
DEBUG util.py:558:  Executing command: ['/bin/mount', '-n', '-o', 'remount,nodev,noexec,nosuid,readonly,rprivate,rbind', '--target', '/var/lib/mock/alma+epel-9-x86_64/root/sys'] with env {'TERM': 'vt100', 'SHELL': '/bin/sh', 'HOME': '/builddir', 'HOSTNAME': 'mock', 'PATH': '/usr/bin:/bin:/usr/sbin:/sbin', 'LANG': 'C.UTF-8'} and shell False
DEBUG util.py:610:  Child return code was: 0
DEBUG file_util.py:17:  ensuring that dir exists: /var/lib/mock/alma+epel-9-x86_64/root/dev/shm
DEBUG util.py:636:  child environment: None
DEBUG util.py:558:  Executing command: ['/bin/mount', '-n', '-t', 'tmpfs', 'tmpfs', '/var/lib/mock/alma+epel-9-x86_64/root/dev/shm'] with env {'TERM': 'vt100', 'SHELL': '/bin/sh', 'HOME': '/builddir', 'HOSTNAME': 'mock', 'PATH': '/usr/bin:/bin:/usr/sbin:/sbin', 'LANG': 'C.UTF-8'} and shell False
DEBUG util.py:610:  Child return code was: 0
DEBUG file_util.py:17:  ensuring that dir exists: /var/lib/mock/alma+epel-9-x86_64/root/dev/pts
DEBUG util.py:636:  child environment: None
DEBUG util.py:558:  Executing command: ['/bin/mount', '-n', '-t', 'devpts', '-o', 'gid=5,mode=0620,ptmxmode=0666,newinstance', 'devpts', '/var/lib/mock/alma+epel-9-x86_64/root/dev/pts'] with env {'TERM': 'vt100', 'SHELL': '/bin/sh', 'HOME': '/builddir', 'HOSTNAME': 'mock', 'PATH': '/usr/bin:/bin:/usr/sbin:/sbin', 'LANG': 'C.UTF-8'} and shell False
DEBUG util.py:610:  Child return code was: 0
DEBUG util.py:636:  child environment: None
DEBUG util.py:558:  Executing command: ['/bin/mount', '-n', '-o', 'bind', '/tmp/mock-selinux-plugin.jbbm0dem', '/var/lib/mock/alma+epel-9-x86_64/root/proc/filesystems'] with env {'TERM': 'vt100', 'SHELL': '/bin/sh', 'HOME': '/builddir', 'HOSTNAME': 'mock', 'PATH': '/usr/bin:/bin:/usr/sbin:/sbin', 'LANG': 'C.UTF-8'} and shell False
DEBUG util.py:610:  Child return code was: 0
DEBUG file_util.py:17:  ensuring that dir exists: /var/lib/mock/alma+epel-9-x86_64/root/sys/fs/selinux
DEBUG util.py:636:  child environment: None
DEBUG util.py:558:  Executing command: ['/bin/mount', '-n', '-t', 'tmpfs', 'tmpfs', '/var/lib/mock/alma+epel-9-x86_64/root/sys/fs/selinux'] with env {'TERM': 'vt100', 'SHELL': '/bin/sh', 'HOME': '/builddir', 'HOSTNAME': 'mock', 'PATH': '/usr/bin:/bin:/usr/sbin:/sbin', 'LANG': 'C.UTF-8'} and shell False
DEBUG util.py:610:  Child return code was: 0
DEBUG file_util.py:17:  ensuring that dir exists: /var/lib/mock/alma+epel-9-x86_64-bootstrap/root/var/lib/mock/alma+epel-9-x86_64/root
DEBUG util.py:636:  child environment: None
DEBUG util.py:558:  Executing command: ['/bin/mount', '-n', '-t', 'tmpfs', '-o', 'private,mode=0755', 'tmpfs', '/var/lib/mock/alma+epel-9-x86_64-bootstrap/root/var/lib/mock/alma+epel-9-x86_64/root'] with env {'TERM': 'vt100', 'SHELL': '/bin/sh', 'HOME': '/builddir', 'HOSTNAME': 'mock', 'PATH': '/usr/bin:/bin:/usr/sbin:/sbin', 'LANG': 'C.UTF-8'} and shell False
DEBUG util.py:610:  Child return code was: 0
DEBUG file_util.py:17:  ensuring that dir exists: /var/lib/mock/alma+epel-9-x86_64-bootstrap/root/var/lib/mock/alma+epel-9-x86_64/root
DEBUG util.py:636:  child environment: None
DEBUG util.py:558:  Executing command: ['/bin/mount', '-n', '-o', 'rbind', '/var/lib/mock/alma+epel-9-x86_64/root', '/var/lib/mock/alma+epel-9-x86_64-bootstrap/root/var/lib/mock/alma+epel-9-x86_64/root'] with env {'TERM': 'vt100', 'SHELL': '/bin/sh', 'HOME': '/builddir', 'HOSTNAME': 'mock', 'PATH': '/usr/bin:/bin:/usr/sbin:/sbin', 'LANG': 'C.UTF-8'} and shell False
DEBUG util.py:610:  Child return code was: 0
DEBUG util.py:636:  child environment: None
DEBUG util.py:558:  Executing command: ['/bin/mount', '-n', '-o', 'remount,private,rbind', '--target', '/var/lib/mock/alma+epel-9-x86_64-bootstrap/root/var/lib/mock/alma+epel-9-x86_64/root'] with env {'TERM': 'vt100', 'SHELL': '/bin/sh', 'HOME': '/builddir', 'HOSTNAME': 'mock', 'PATH': '/usr/bin:/bin:/usr/sbin:/sbin', 'LANG': 'C.UTF-8'} and shell False
DEBUG util.py:610:  Child return code was: 0
DEBUG file_util.py:17:  ensuring that dir exists: /var/lib/mock/alma+epel-9-x86_64/root/installation-homedir
DEBUG package_manager.py:295:  ['/usr/bin/dnf-3', 'builddep', '--installroot', '/var/lib/mock/alma+epel-9-x86_64/root/', '--releasever', '9', '--setopt=deltarpm=False', '--setopt=allow_vendor_change=yes', '--allowerasing', '--disableplugin=local', '--disableplugin=spacewalk', '--disableplugin=versionlock', '/var/lib/mock/alma+epel-9-x86_64/root//builddir/build/SRPMS/php-5.6.40-46.el9.src.rpm']
DEBUG util.py:636:  child environment: None
DEBUG util.py:553:  Using nspawn with args ['--capability=cap_ipc_lock', '--bind=/tmp/mock-resolv.481fms99:/etc/resolv.conf']
DEBUG util.py:558:  Executing command: ['/usr/bin/systemd-nspawn', '-q', '-M', '81cdc7f8d8a444e080cd55871439d778', '-D', '/var/lib/mock/alma+epel-9-x86_64-bootstrap/root', '-a', '--capability=cap_ipc_lock', '--bind=/tmp/mock-resolv.481fms99:/etc/resolv.conf', '--console=pipe', '--setenv=TERM=vt100', '--setenv=SHELL=/bin/bash', '--setenv=HOME=/var/lib/mock/alma+epel-9-x86_64/root/installation-homedir', '--setenv=HOSTNAME=mock', '--setenv=PATH=/usr/bin:/bin:/usr/sbin:/sbin', '--setenv=PROMPT_COMMAND=printf "\\033]0;<mock-chroot>\\007"', '--setenv=PS1=<mock-chroot> \\s-\\v\\$ ', '--setenv=LANG=C.UTF-8', '--setenv=LC_MESSAGES=C.UTF-8', '--resolv-conf=off', '/usr/bin/dnf-3', 'builddep', '--installroot', '/var/lib/mock/alma+epel-9-x86_64/root/', '--releasever', '9', '--setopt=deltarpm=False', '--setopt=allow_vendor_change=yes', '--allowerasing', '--disableplugin=local', '--disableplugin=spacewalk', '--disableplugin=versionlock', '/var/lib/mock/alma+epel-9-x86_64/root//builddir/build/SRPMS/php-5.6.40-46.el9.src.rpm', '--setopt=tsflags=nocontexts'] with env {'TERM': 'vt100', 'SHELL': '/bin/bash', 'HOME': '/var/lib/mock/alma+epel-9-x86_64/root/installation-homedir', 'HOSTNAME': 'mock', 'PATH': '/usr/bin:/bin:/usr/sbin:/sbin', 'PROMPT_COMMAND': 'printf "\\033]0;<mock-chroot>\\007"', 'PS1': '<mock-chroot> \\s-\\v\\$ ', 'LANG': 'C.UTF-8', 'LC_MESSAGES': 'C.UTF-8', 'SYSTEMD_NSPAWN_TMPFS_TMP': '0', 'SYSTEMD_SECCOMP': '0'} and shell False
DEBUG util.py:461:  No matches found for the following disable plugin patterns: local, spacewalk, versionlock
DEBUG util.py:463:  AlmaLinux 9 - BaseOS                                                                                                                                         3.5 kB/s | 3.8 kB     00:01    
DEBUG util.py:463:  AlmaLinux 9 - AppStream                                                                                                                                      3.8 kB/s | 4.2 kB     00:01    
DEBUG util.py:463:  AlmaLinux 9 - CRB                                                                                                                                            4.6 kB/s | 4.2 kB     00:00    
DEBUG util.py:463:  AlmaLinux 9 - Extras                                                                                                                                         2.8 kB/s | 3.3 kB     00:01    
DEBUG util.py:463:  Extra Packages for Enterprise Linux 9 - x86_64                                                                                                               7.9 kB/s |  12 kB     00:01    
DEBUG util.py:463:  Remi EL9                                                                                                                                                     2.6 kB/s | 3.0 kB     00:01    
DEBUG util.py:463:  Package bzip2-1.0.8-10.el9_5.x86_64 is already installed.
DEBUG util.py:463:  Dependencies resolved.
DEBUG util.py:463:  =============================================================================================================================================================================================
DEBUG util.py:463:   Package                                               Architecture                    Version                                                      Repository                          Size
DEBUG util.py:463:  =============================================================================================================================================================================================
DEBUG util.py:463:  Installing:
DEBUG util.py:463:   aspell-devel                                          x86_64                          12:0.60.8-8.el9                                              crb                                 39 k
DEBUG util.py:463:   autoconf                                              noarch                          2.69-41.el9                                                  appstream                          665 k
DEBUG util.py:463:   automake                                              noarch                          1.16.2-8.el9                                                 appstream                          662 k
DEBUG util.py:463:   bzip2-devel                                           x86_64                          1.0.8-10.el9_5                                               appstream                          213 k
DEBUG util.py:463:   cyrus-sasl-devel                                      x86_64                          2.1.27-22.el9                                                appstream                          100 k
DEBUG util.py:463:   enchant-devel                                         x86_64                          1:1.6.0-30.el9                                               crb                                 12 k
DEBUG util.py:463:   exim                                                  x86_64                          4.99.2-1.el9                                                 epel                               1.5 M
DEBUG util.py:463:   firebird-devel                                        x86_64                          4.0.7.3271-1.el9                                             epel                               173 k
DEBUG util.py:463:   freetds-devel                                         x86_64                          1.4.23-1.el9                                                 epel                                48 k
DEBUG util.py:463:   freetype-devel                                        x86_64                          2.10.4-10.el9_5                                              appstream                          1.1 M
DEBUG util.py:463:   gcc                                                   x86_64                          11.5.0-11.el9.alma.1                                         appstream                           32 M
DEBUG util.py:463:   gcc-c++                                               x86_64                          11.5.0-11.el9.alma.1                                         appstream                           13 M
DEBUG util.py:463:   gd3php-devel                                          x86_64                          2.3.3-9.el9.remi                                             remi                                37 k
DEBUG util.py:463:   gmp-devel                                             x86_64                          1:6.2.0-13.el9                                               appstream                          173 k
DEBUG util.py:463:   httpd-devel                                           x86_64                          2.4.62-7.el9_7.3                                             appstream                          192 k
DEBUG util.py:463:   httpd-filesystem                                      noarch                          2.4.62-7.el9_7.3                                             appstream                           12 k
DEBUG util.py:463:   krb5-devel                                            x86_64                          1.21.1-9.el9_7                                               appstream                          131 k
DEBUG util.py:463:   libXpm-devel                                          x86_64                          3.5.13-10.el9                                                appstream                           34 k
DEBUG util.py:463:   libacl-devel                                          x86_64                          2.3.1-4.el9                                                  appstream                           68 k
DEBUG util.py:463:   libcurl-devel                                         x86_64                          7.76.1-35.el9_7.3                                            appstream                          848 k
DEBUG util.py:463:   libdb-devel                                           x86_64                          5.3.28-57.el9_6                                              appstream                           36 k
DEBUG util.py:463:   libedit-devel                                         x86_64                          3.1-38.20210216cvs.el9                                       appstream                           39 k
DEBUG util.py:463:   libicu69-devel                                        x86_64                          69.1-4.el9.remi                                              remi                               837 k
DEBUG util.py:463:   libjpeg-turbo-devel                                   x86_64                          2.0.90-7.el9                                                 appstream                           98 k
DEBUG util.py:463:   libmcrypt-devel                                       x86_64                          2.5.8-30.el9                                                 epel                                15 k
DEBUG util.py:463:   libpng-devel                                          x86_64                          2:1.6.37-12.el9_7.4                                          appstream                          290 k
DEBUG util.py:463:   libpq-devel                                           x86_64                          13.23-1.el9_7                                                appstream                           92 k
DEBUG util.py:463:   libstdc++-devel                                       x86_64                          11.5.0-11.el9.alma.1                                         appstream                          2.2 M
DEBUG util.py:463:   libtidy-devel                                         x86_64                          5.8.0-2.el9                                                  epel                                44 k
DEBUG util.py:463:   libtool                                               x86_64                          2.4.6-46.el9                                                 appstream                          577 k
DEBUG util.py:463:   libtool-ltdl-devel                                    x86_64                          2.4.6-46.el9                                                 crb                                152 k
DEBUG util.py:463:   libxml2-devel                                         x86_64                          2.9.13-14.el9_7                                              appstream                          828 k
DEBUG util.py:463:   libxslt-devel                                         x86_64                          1.1.34-14.el9_7.1                                            appstream                          287 k
DEBUG util.py:463:   make                                                  x86_64                          1:4.3-8.el9                                                  baseos                             530 k
DEBUG util.py:463:   net-snmp-devel                                        x86_64                          1:5.9.1-17.el9_7.1                                           appstream                          217 k
DEBUG util.py:463:   openldap-devel                                        x86_64                          2.6.8-4.el9                                                  appstream                          684 k
DEBUG util.py:463:   pam-devel                                             x86_64                          1.5.1-26.el9_6                                               appstream                          140 k
DEBUG util.py:463:   pcre-devel                                            x86_64                          8.44-4.el9                                                   appstream                          469 k
DEBUG util.py:463:   perl                                                  x86_64                          4:5.32.1-481.1.el9_6                                         appstream                           11 k
DEBUG util.py:463:   recode-devel                                          x86_64                          3.7.11-1.el9                                                 epel                                16 k
DEBUG util.py:463:   sqlite-devel                                          x86_64                          3.34.1-9.el9_7                                               appstream                          133 k
DEBUG util.py:463:   systemd                                               x86_64                          252-55.el9_7.9.alma.1                                        baseos                             4.0 M
DEBUG util.py:463:   systemd-devel                                         x86_64                          252-55.el9_7.9.alma.1                                        appstream                          481 k
DEBUG util.py:463:   systemtap-sdt-devel                                   x86_64                          5.3-3.el9                                                    appstream                           68 k
DEBUG util.py:463:   t1lib-devel                                           x86_64                          5.1.2-31.el9                                                 epel                               518 k
DEBUG util.py:463:   tokyocabinet-devel                                    x86_64                          1.4.48-19.el9                                                crb                                 88 k
DEBUG util.py:463:   unixODBC-devel                                        x86_64                          2.3.9-4.el9                                                  crb                                 50 k
DEBUG util.py:463:   uw-imap-devel                                         x86_64                          2007f-30.el9.remi                                            remi                                56 k
DEBUG util.py:463:   zlib-devel                                            x86_64                          1.2.11-40.el9                                                appstream                           44 k
DEBUG util.py:463:  Installing dependencies:
DEBUG util.py:463:   acl                                                   x86_64                          2.3.1-4.el9                                                  baseos                              69 k
DEBUG util.py:463:   annobin                                               x86_64                          12.98-1.el9                                                  appstream                          1.1 M
DEBUG util.py:463:   apr                                                   x86_64                          1.7.0-12.el9_3                                               appstream                          122 k
DEBUG util.py:463:   apr-devel                                             x86_64                          1.7.0-12.el9_3                                               appstream                          218 k
DEBUG util.py:463:   apr-util                                              x86_64                          1.6.1-23.el9                                                 appstream                           94 k
DEBUG util.py:463:   apr-util-bdb                                          x86_64                          1.6.1-23.el9                                                 appstream                           12 k
DEBUG util.py:463:   apr-util-devel                                        x86_64                          1.6.1-23.el9                                                 appstream                           70 k
DEBUG util.py:463:   aspell                                                x86_64                          12:0.60.8-8.el9                                              crb                                686 k
DEBUG util.py:463:   attr                                                  x86_64                          2.5.1-3.el9                                                  baseos                              58 k
DEBUG util.py:463:   brotli                                                x86_64                          1.0.9-9.el9_7                                                appstream                          311 k
DEBUG util.py:463:   brotli-devel                                          x86_64                          1.0.9-9.el9_7                                                appstream                           30 k
DEBUG util.py:463:   cairo                                                 x86_64                          1.17.4-7.el9                                                 appstream                          659 k
DEBUG util.py:463:   cmake-filesystem                                      x86_64                          3.26.5-3.el9_7                                               appstream                           11 k
DEBUG util.py:463:   cpp                                                   x86_64                          11.5.0-11.el9.alma.1                                         appstream                           11 M
DEBUG util.py:463:   cyrus-sasl                                            x86_64                          2.1.27-22.el9                                                baseos                              69 k
DEBUG util.py:463:   dbus                                                  x86_64                          1:1.12.20-8.el9                                              baseos                             6.8 k
DEBUG util.py:463:   dbus-broker                                           x86_64                          28-7.el9                                                     baseos                             171 k
DEBUG util.py:463:   dbus-common                                           noarch                          1:1.12.20-8.el9                                              baseos                              14 k
DEBUG util.py:463:   dejavu-sans-fonts                                     noarch                          2.37-18.el9                                                  baseos                             1.3 M
DEBUG util.py:463:   elfutils-devel                                        x86_64                          0.193-1.el9.alma.1                                           appstream                           49 k
DEBUG util.py:463:   elfutils-libelf-devel                                 x86_64                          0.193-1.el9.alma.1                                           appstream                           37 k
DEBUG util.py:463:   emacs-filesystem                                      noarch                          1:27.2-18.el9                                                appstream                          8.2 k
DEBUG util.py:463:   enchant                                               x86_64                          1:1.6.0-30.el9                                               appstream                           60 k
DEBUG util.py:463:   expat                                                 x86_64                          2.5.0-5.el9_7.1                                              baseos                             117 k
DEBUG util.py:463:   expat-devel                                           x86_64                          2.5.0-5.el9_7.1                                              appstream                           52 k
DEBUG util.py:463:   firebird                                              x86_64                          4.0.7.3271-1.el9                                             epel                               7.5 M
DEBUG util.py:463:   firebird-utils                                        x86_64                          4.0.7.3271-1.el9                                             epel                               3.1 M
DEBUG util.py:463:   fontconfig                                            x86_64                          2.14.0-2.el9_1                                               appstream                          274 k
DEBUG util.py:463:   fontconfig-devel                                      x86_64                          2.14.0-2.el9_1                                               appstream                          127 k
DEBUG util.py:463:   fonts-filesystem                                      noarch                          1:2.0.5-7.el9.1                                              baseos                             9.0 k
DEBUG util.py:463:   freetds                                               x86_64                          1.4.23-1.el9                                                 epel                               278 k
DEBUG util.py:463:   freetds-libs                                          x86_64                          1.4.23-1.el9                                                 epel                               433 k
DEBUG util.py:463:   freetype                                              x86_64                          2.10.4-10.el9_5                                              baseos                             385 k
DEBUG util.py:463:   fribidi                                               x86_64                          1.0.10-6.el9.2                                               appstream                           84 k
DEBUG util.py:463:   fribidi-devel                                         x86_64                          1.0.10-6.el9.2                                               appstream                           25 k
DEBUG util.py:463:   gcc-plugin-annobin                                    x86_64                          11.5.0-11.el9.alma.1                                         appstream                           37 k
DEBUG util.py:463:   gd3php                                                x86_64                          2.3.3-9.el9.remi                                             remi                               136 k
DEBUG util.py:463:   gettext                                               x86_64                          0.21-8.el9                                                   baseos                             1.1 M
DEBUG util.py:463:   gettext-libs                                          x86_64                          0.21-8.el9                                                   baseos                             302 k
DEBUG util.py:463:   glib2                                                 x86_64                          2.68.4-18.el9_7.2                                            baseos                             2.6 M
DEBUG util.py:463:   glib2-devel                                           x86_64                          2.68.4-18.el9_7.2                                            appstream                          469 k
DEBUG util.py:463:   glibc-devel                                           x86_64                          2.34-231.el9_7.10                                            appstream                           34 k
DEBUG util.py:463:   glibc-headers                                         x86_64                          2.34-231.el9_7.10                                            appstream                          440 k
DEBUG util.py:463:   gmp-c++                                               x86_64                          1:6.2.0-13.el9                                               appstream                           18 k
DEBUG util.py:463:   gnupg2                                                x86_64                          2.3.3-5.el9_7                                                baseos                             2.5 M
DEBUG util.py:463:   gnutls                                                x86_64                          3.8.3-10.el9_7                                               baseos                             1.1 M
DEBUG util.py:463:   graphite2                                             x86_64                          1.3.14-9.el9                                                 baseos                              94 k
DEBUG util.py:463:   graphite2-devel                                       x86_64                          1.3.14-9.el9                                                 appstream                           21 k
DEBUG util.py:463:   harfbuzz                                              x86_64                          2.7.4-10.el9                                                 baseos                             623 k
DEBUG util.py:463:   harfbuzz-devel                                        x86_64                          2.7.4-10.el9                                                 appstream                          304 k
DEBUG util.py:463:   harfbuzz-icu                                          x86_64                          2.7.4-10.el9                                                 appstream                           13 k
DEBUG util.py:463:   highway                                               x86_64                          1.3.0-1.el9                                                  epel                               553 k
DEBUG util.py:463:   httpd-core                                            x86_64                          2.4.62-7.el9_7.3                                             appstream                          1.4 M
DEBUG util.py:463:   httpd-tools                                           x86_64                          2.4.62-7.el9_7.3                                             appstream                           79 k
DEBUG util.py:463:   hunspell                                              x86_64                          1.7.0-11.el9                                                 appstream                          322 k
DEBUG util.py:463:   hunspell-en-US                                        noarch                          0.20140811.1-20.el9                                          appstream                          176 k
DEBUG util.py:463:   hunspell-filesystem                                   x86_64                          1.7.0-11.el9                                                 appstream                          7.6 k
DEBUG util.py:463:   ima-evm-utils                                         x86_64                          1.6.2-2.el9                                                  baseos                              70 k
DEBUG util.py:463:   jbigkit-libs                                          x86_64                          2.1-23.el9                                                   appstream                           52 k
DEBUG util.py:463:   kernel-headers                                        x86_64                          5.14.0-611.55.1.el9_7                                        appstream                          2.7 M
DEBUG util.py:463:   keyutils                                              x86_64                          1.6.3-1.el9                                                  baseos                              71 k
DEBUG util.py:463:   keyutils-libs-devel                                   x86_64                          1.6.3-1.el9                                                  appstream                           54 k
DEBUG util.py:463:   kmod-libs                                             x86_64                          28-11.el9                                                    baseos                              62 k
DEBUG util.py:463:   langpacks-core-font-en                                noarch                          3.0-16.el9                                                   appstream                          9.4 k
DEBUG util.py:463:   libICE                                                x86_64                          1.0.10-8.el9                                                 appstream                           70 k
DEBUG util.py:463:   libSM                                                 x86_64                          1.2.3-10.el9                                                 appstream                           41 k
DEBUG util.py:463:   libX11                                                x86_64                          1.7.0-11.el9                                                 appstream                          646 k
DEBUG util.py:463:   libX11-common                                         noarch                          1.7.0-11.el9                                                 appstream                          151 k
DEBUG util.py:463:   libX11-devel                                          x86_64                          1.7.0-11.el9                                                 appstream                          939 k
DEBUG util.py:463:   libX11-xcb                                            x86_64                          1.7.0-11.el9                                                 appstream                           10 k
DEBUG util.py:463:   libXau                                                x86_64                          1.0.9-8.el9                                                  appstream                           30 k
DEBUG util.py:463:   libXau-devel                                          x86_64                          1.0.9-8.el9                                                  appstream                           13 k
DEBUG util.py:463:   libXext                                               x86_64                          1.3.4-8.el9                                                  appstream                           39 k
DEBUG util.py:463:   libXpm                                                x86_64                          3.5.13-10.el9                                                appstream                           57 k
DEBUG util.py:463:   libXrender                                            x86_64                          0.9.10-16.el9                                                appstream                           27 k
DEBUG util.py:463:   libXt                                                 x86_64                          1.2.0-6.el9                                                  appstream                          179 k
DEBUG util.py:463:   libaom                                                x86_64                          3.13.1-1.el9                                                 epel                               1.8 M
DEBUG util.py:463:   libassuan                                             x86_64                          2.5.5-3.el9                                                  baseos                              67 k
DEBUG util.py:463:   libattr-devel                                         x86_64                          2.5.1-3.el9                                                  appstream                           25 k
DEBUG util.py:463:   libavif                                               x86_64                          0.11.1-5.el9                                                 epel                                80 k
DEBUG util.py:463:   libavif-devel                                         x86_64                          0.11.1-5.el9                                                 epel                                25 k
DEBUG util.py:463:   libblkid-devel                                        x86_64                          2.37.4-21.el9_7                                              appstream                           14 k
DEBUG util.py:463:   libbsd                                                x86_64                          0.12.2-1.el9                                                 epel                               120 k
DEBUG util.py:463:   libc-client                                           x86_64                          2007f-30.el9.remi                                            remi                               577 k
DEBUG util.py:463:   libcom_err-devel                                      x86_64                          1.46.5-8.el9                                                 appstream                           15 k
DEBUG util.py:463:   libdav1d                                              x86_64                          1.5.3-1.el9                                                  epel                               610 k
DEBUG util.py:463:   libedit                                               x86_64                          3.1-38.20210216cvs.el9                                       baseos                             103 k
DEBUG util.py:463:   libfbclient2                                          x86_64                          4.0.7.3271-1.el9                                             epel                               1.1 M
DEBUG util.py:463:   libfbclient2-devel                                    x86_64                          4.0.7.3271-1.el9                                             epel                               8.4 k
DEBUG util.py:463:   libffi-devel                                          x86_64                          3.4.2-8.el9                                                  appstream                           28 k
DEBUG util.py:463:   libgpg-error-devel                                    x86_64                          1.42-5.el9                                                   appstream                           65 k
DEBUG util.py:463:   libgsasl                                              x86_64                          1.10.0-15.el9                                                epel                               153 k
DEBUG util.py:463:   libib-util                                            x86_64                          4.0.7.3271-1.el9                                             epel                                11 k
DEBUG util.py:463:   libicu                                                x86_64                          67.1-10.el9_6                                                baseos                             9.6 M
DEBUG util.py:463:   libicu69                                              x86_64                          69.1-4.el9.remi                                              remi                               9.8 M
DEBUG util.py:463:   libidn                                                x86_64                          1.38-4.el9                                                   epel                               191 k
DEBUG util.py:463:   libimagequant                                         x86_64                          2.17.0-1.el9                                                 epel                                62 k
DEBUG util.py:463:   libimagequant-devel                                   x86_64                          2.17.0-1.el9                                                 epel                                10 k
DEBUG util.py:463:   libjpeg-turbo                                         x86_64                          2.0.90-7.el9                                                 appstream                          174 k
DEBUG util.py:463:   libjxl                                                x86_64                          0.7.2-2.el9                                                  epel                               982 k
DEBUG util.py:463:   libkadm5                                              x86_64                          1.21.1-9.el9_7                                               baseos                              75 k
DEBUG util.py:463:   libksba                                               x86_64                          1.5.1-7.el9                                                  baseos                             152 k
DEBUG util.py:463:   libmcrypt                                             x86_64                          2.5.8-30.el9                                                 epel                               105 k
DEBUG util.py:463:   libmd                                                 x86_64                          1.2.0-1.el9                                                  epel                                53 k
DEBUG util.py:463:   libmount-devel                                        x86_64                          2.37.4-21.el9_7                                              appstream                           16 k
DEBUG util.py:463:   libmpc                                                x86_64                          1.2.1-4.el9                                                  appstream                           61 k
DEBUG util.py:463:   libnsl2                                               x86_64                          2.0.0-1.el9                                                  appstream                           30 k
DEBUG util.py:463:   libntlm                                               x86_64                          1.6-4.el9                                                    epel                                91 k
DEBUG util.py:463:   libopendmarc                                          x86_64                          1.4.2-33.el9                                                 epel                                31 k
DEBUG util.py:463:   libpng                                                x86_64                          2:1.6.37-12.el9_7.4                                          baseos                             116 k
DEBUG util.py:463:   libpq                                                 x86_64                          13.23-1.el9_7                                                appstream                          208 k
DEBUG util.py:463:   libraqm                                               x86_64                          0.8.0-1.el9                                                  epel                                19 k
DEBUG util.py:463:   libraqm-devel                                         x86_64                          0.8.0-1.el9                                                  epel                                11 k
DEBUG util.py:463:   libseccomp                                            x86_64                          2.5.2-2.el9                                                  baseos                              71 k
DEBUG util.py:463:   libselinux-devel                                      x86_64                          3.6-3.el9                                                    appstream                          113 k
DEBUG util.py:463:   libselinux-utils                                      x86_64                          3.6-3.el9                                                    baseos                             164 k
DEBUG util.py:463:   libsepol-devel                                        x86_64                          3.6-3.el9                                                    appstream                           39 k
DEBUG util.py:463:   libspf2                                               x86_64                          1.2.11-11.20210922git4915c308.el9                            epel                                68 k
DEBUG util.py:463:   libtidy                                               x86_64                          5.8.0-2.el9                                                  epel                               244 k
DEBUG util.py:463:   libtiff                                               x86_64                          4.4.0-15.el9_7.3                                             appstream                          196 k
DEBUG util.py:463:   libtiff-devel                                         x86_64                          4.4.0-15.el9_7.3                                             appstream                          527 k
DEBUG util.py:463:   libtirpc                                              x86_64                          1.3.3-9.el9                                                  baseos                              93 k
DEBUG util.py:463:   libtomcrypt                                           x86_64                          1.18.2-12.el9                                                epel                               385 k
DEBUG util.py:463:   libtommath                                            x86_64                          1.2.0-10.el9                                                 epel                                63 k
DEBUG util.py:463:   libverto-devel                                        x86_64                          0.3.2-3.el9                                                  appstream                           14 k
DEBUG util.py:463:   libvmaf                                               x86_64                          2.3.0-2.el9                                                  epel                               177 k
DEBUG util.py:463:   libwebp                                               x86_64                          1.2.0-8.el9_3                                                appstream                          276 k
DEBUG util.py:463:   libwebp-devel                                         x86_64                          1.2.0-8.el9_3                                                appstream                           32 k
DEBUG util.py:463:   libxcb                                                x86_64                          1.13.1-9.el9                                                 appstream                          225 k
DEBUG util.py:463:   libxcb-devel                                          x86_64                          1.13.1-9.el9                                                 appstream                          1.0 M
DEBUG util.py:463:   libxcrypt-devel                                       x86_64                          4.4.18-3.el9                                                 appstream                           28 k
DEBUG util.py:463:   libxslt                                               x86_64                          1.1.34-14.el9_7.1                                            appstream                          240 k
DEBUG util.py:463:   libzstd-devel                                         x86_64                          1.5.5-1.el9                                                  appstream                           50 k
DEBUG util.py:463:   llvm-filesystem                                       x86_64                          20.1.8-3.el9                                                 appstream                          9.1 k
DEBUG util.py:463:   llvm-libs                                             x86_64                          20.1.8-3.el9                                                 appstream                           30 M
DEBUG util.py:463:   lm_sensors-devel                                      x86_64                          3.6.0-10.el9                                                 appstream                           17 k
DEBUG util.py:463:   lm_sensors-libs                                       x86_64                          3.6.0-10.el9                                                 appstream                           41 k
DEBUG util.py:463:   m4                                                    x86_64                          1.4.19-1.el9                                                 appstream                          294 k
DEBUG util.py:463:   mailcap                                               noarch                          2.1.49-5.el9                                                 baseos                              32 k
DEBUG util.py:463:   mariadb-connector-c                                   x86_64                          3.2.6-1.el9_0                                                appstream                          194 k
DEBUG util.py:463:   mariadb-connector-c-config                            noarch                          3.2.6-1.el9_0                                                appstream                          9.7 k
DEBUG util.py:463:   ncurses-c++-libs                                      x86_64                          6.2-12.20210508.el9                                          appstream                           36 k
DEBUG util.py:463:   ncurses-devel                                         x86_64                          6.2-12.20210508.el9                                          appstream                          517 k
DEBUG util.py:463:   net-snmp-agent-libs                                   x86_64                          1:5.9.1-17.el9_7.1                                           appstream                          692 k
DEBUG util.py:463:   net-snmp-libs                                         x86_64                          1:5.9.1-17.el9_7.1                                           appstream                          742 k
DEBUG util.py:463:   nettle                                                x86_64                          3.10.1-1.el9                                                 baseos                             562 k
DEBUG util.py:463:   npth                                                  x86_64                          1.6-8.el9                                                    baseos                              24 k
DEBUG util.py:463:   openssl-devel                                         x86_64                          1:3.5.1-7.el9_7                                              appstream                          3.4 M
DEBUG util.py:463:   pcre-cpp                                              x86_64                          8.44-4.el9                                                   appstream                           24 k
DEBUG util.py:463:   pcre-utf16                                            x86_64                          8.44-4.el9                                                   appstream                          183 k
DEBUG util.py:463:   pcre-utf32                                            x86_64                          8.44-4.el9                                                   appstream                          173 k
DEBUG util.py:463:   pcre2-devel                                           x86_64                          10.40-6.el9                                                  appstream                          471 k
DEBUG util.py:463:   pcre2-utf16                                           x86_64                          10.40-6.el9                                                  appstream                          213 k
DEBUG util.py:463:   pcre2-utf32                                           x86_64                          10.40-6.el9                                                  appstream                          202 k
DEBUG util.py:463:   perl-Algorithm-Diff                                   noarch                          1.2010-4.el9                                                 appstream                           47 k
DEBUG util.py:463:   perl-Archive-Tar                                      noarch                          2.38-6.el9                                                   appstream                           71 k
DEBUG util.py:463:   perl-Archive-Zip                                      noarch                          1.68-6.el9                                                   appstream                          106 k
DEBUG util.py:463:   perl-Attribute-Handlers                               noarch                          1.01-481.1.el9_6                                             appstream                           26 k
DEBUG util.py:463:   perl-AutoSplit                                        noarch                          5.74-481.1.el9_6                                             appstream                           20 k
DEBUG util.py:463:   perl-Benchmark                                        noarch                          1.23-481.1.el9_6                                             appstream                           25 k
DEBUG util.py:463:   perl-CPAN                                             noarch                          2.29-5.el9_6                                                 appstream                          556 k
DEBUG util.py:463:   perl-CPAN-Meta                                        noarch                          2.150010-460.el9                                             appstream                          176 k
DEBUG util.py:463:   perl-CPAN-Meta-Requirements                           noarch                          2.140-461.el9                                                appstream                           31 k
DEBUG util.py:463:   perl-CPAN-Meta-YAML                                   noarch                          0.018-461.el9                                                appstream                           26 k
DEBUG util.py:463:   perl-Compress-Bzip2                                   x86_64                          2.28-5.el9                                                   appstream                           69 k
DEBUG util.py:463:   perl-Compress-Raw-Bzip2                               x86_64                          2.101-5.el9                                                  appstream                           34 k
DEBUG util.py:463:   perl-Compress-Raw-Lzma                                x86_64                          2.101-3.el9                                                  appstream                           50 k
DEBUG util.py:463:   perl-Compress-Raw-Zlib                                x86_64                          2.101-5.el9                                                  appstream                           60 k
DEBUG util.py:463:   perl-Config-Extensions                                noarch                          0.03-481.1.el9_6                                             appstream                           11 k
DEBUG util.py:463:   perl-Config-Perl-V                                    noarch                          0.33-4.el9                                                   appstream                           21 k
DEBUG util.py:463:   perl-DBM_Filter                                       noarch                          0.06-481.1.el9_6                                             appstream                           30 k
DEBUG util.py:463:   perl-DB_File                                          x86_64                          1.855-4.el9                                                  appstream                           81 k
DEBUG util.py:463:   perl-Data-OptList                                     noarch                          0.110-17.el9                                                 appstream                           26 k
DEBUG util.py:463:   perl-Data-Section                                     noarch                          0.200007-14.el9                                              appstream                           25 k
DEBUG util.py:463:   perl-Devel-PPPort                                     x86_64                          3.62-4.el9                                                   appstream                          211 k
DEBUG util.py:463:   perl-Devel-Peek                                       x86_64                          1.28-481.1.el9_6                                             appstream                           31 k
DEBUG util.py:463:   perl-Devel-SelfStubber                                noarch                          1.06-481.1.el9_6                                             appstream                           13 k
DEBUG util.py:463:   perl-Devel-Size                                       x86_64                          0.83-10.el9                                                  appstream                           31 k
DEBUG util.py:463:   perl-Digest-SHA                                       x86_64                          1:6.02-461.el9                                               appstream                           61 k
DEBUG util.py:463:   perl-Digest-SHA1                                      x86_64                          2.13-34.el9                                                  appstream                           52 k
DEBUG util.py:463:   perl-DirHandle                                        noarch                          1.05-481.1.el9_6                                             appstream                           11 k
DEBUG util.py:463:   perl-Dumpvalue                                        noarch                          2.27-481.1.el9_6                                             appstream                           17 k
DEBUG util.py:463:   perl-DynaLoader                                       x86_64                          1.47-481.1.el9_6                                             appstream                           24 k
DEBUG util.py:463:   perl-Encode-devel                                     x86_64                          4:3.08-462.el9                                               appstream                           41 k
DEBUG util.py:463:   perl-English                                          noarch                          1.11-481.1.el9_6                                             appstream                           12 k
DEBUG util.py:463:   perl-Env                                              noarch                          1.04-460.el9                                                 appstream                           19 k
DEBUG util.py:463:   perl-ExtUtils-CBuilder                                noarch                          1:0.280236-4.el9                                             appstream                           46 k
DEBUG util.py:463:   perl-ExtUtils-Command                                 noarch                          2:7.60-3.el9                                                 appstream                           14 k
DEBUG util.py:463:   perl-ExtUtils-Constant                                noarch                          0.25-481.1.el9_6                                             appstream                           45 k
DEBUG util.py:463:   perl-ExtUtils-Embed                                   noarch                          1.35-481.1.el9_6                                             appstream                           16 k
DEBUG util.py:463:   perl-ExtUtils-Install                                 noarch                          2.20-4.el9                                                   appstream                           44 k
DEBUG util.py:463:   perl-ExtUtils-MM-Utils                                noarch                          2:7.60-3.el9                                                 appstream                           12 k
DEBUG util.py:463:   perl-ExtUtils-MakeMaker                               noarch                          2:7.60-3.el9                                                 appstream                          289 k
DEBUG util.py:463:   perl-ExtUtils-Manifest                                noarch                          1:1.73-4.el9                                                 appstream                           34 k
DEBUG util.py:463:   perl-ExtUtils-Miniperl                                noarch                          1.09-481.1.el9_6                                             appstream                           14 k
DEBUG util.py:463:   perl-ExtUtils-ParseXS                                 noarch                          1:3.40-460.el9                                               appstream                          181 k
DEBUG util.py:463:   perl-File-Compare                                     noarch                          1.100.600-481.1.el9_6                                        appstream                           12 k
DEBUG util.py:463:   perl-File-Copy                                        noarch                          2.34-481.1.el9_6                                             appstream                           19 k
DEBUG util.py:463:   perl-File-DosGlob                                     x86_64                          1.12-481.1.el9_6                                             appstream                           18 k
DEBUG util.py:463:   perl-File-Fetch                                       noarch                          1.00-4.el9                                                   appstream                           30 k
DEBUG util.py:463:   perl-File-Find                                        noarch                          1.37-481.1.el9_6                                             appstream                           24 k
DEBUG util.py:463:   perl-File-HomeDir                                     noarch                          1.006-4.el9                                                  appstream                           57 k
DEBUG util.py:463:   perl-File-Which                                       noarch                          1.23-10.el9                                                  appstream                           21 k
DEBUG util.py:463:   perl-FileCache                                        noarch                          1.10-481.1.el9_6                                             appstream                           13 k
DEBUG util.py:463:   perl-Filter                                           x86_64                          2:1.60-4.el9                                                 appstream                           81 k
DEBUG util.py:463:   perl-Filter-Simple                                    noarch                          0.96-460.el9                                                 appstream                           27 k
DEBUG util.py:463:   perl-FindBin                                          noarch                          1.51-481.1.el9_6                                             appstream                           12 k
DEBUG util.py:463:   perl-GDBM_File                                        x86_64                          1.18-481.1.el9_6                                             appstream                           21 k
DEBUG util.py:463:   perl-Hash-Util                                        x86_64                          0.23-481.1.el9_6                                             appstream                           33 k
DEBUG util.py:463:   perl-Hash-Util-FieldHash                              x86_64                          1.20-481.1.el9_6                                             appstream                           36 k
DEBUG util.py:463:   perl-I18N-Collate                                     noarch                          1.02-481.1.el9_6                                             appstream                           13 k
DEBUG util.py:463:   perl-I18N-LangTags                                    noarch                          0.44-481.1.el9_6                                             appstream                           53 k
DEBUG util.py:463:   perl-I18N-Langinfo                                    x86_64                          0.19-481.1.el9_6                                             appstream                           21 k
DEBUG util.py:463:   perl-IO-Compress                                      noarch                          2.102-4.el9                                                  appstream                          255 k
DEBUG util.py:463:   perl-IO-Compress-Lzma                                 noarch                          2.101-4.el9                                                  appstream                           74 k
DEBUG util.py:463:   perl-IO-Zlib                                          noarch                          1:1.11-4.el9                                                 appstream                           19 k
DEBUG util.py:463:   perl-IPC-Cmd                                          noarch                          2:1.04-461.el9                                               appstream                           39 k
DEBUG util.py:463:   perl-IPC-SysV                                         x86_64                          2.09-4.el9                                                   appstream                           42 k
DEBUG util.py:463:   perl-IPC-System-Simple                                noarch                          1.30-6.el9                                                   appstream                           40 k
DEBUG util.py:463:   perl-Importer                                         noarch                          0.026-4.el9                                                  appstream                           39 k
DEBUG util.py:463:   perl-JSON-PP                                          noarch                          1:4.06-4.el9                                                 appstream                           65 k
DEBUG util.py:463:   perl-Locale-Maketext                                  noarch                          1.29-461.el9                                                 appstream                           94 k
DEBUG util.py:463:   perl-Locale-Maketext-Simple                           noarch                          1:0.21-481.1.el9_6                                           appstream                           16 k
DEBUG util.py:463:   perl-MRO-Compat                                       noarch                          0.13-15.el9                                                  appstream                           19 k
DEBUG util.py:463:   perl-Math-BigInt                                      noarch                          1:1.9998.18-460.el9                                          appstream                          188 k
DEBUG util.py:463:   perl-Math-BigInt-FastCalc                             x86_64                          0.500.900-460.el9                                            appstream                           27 k
DEBUG util.py:463:   perl-Math-BigRat                                      noarch                          0.2614-460.el9                                               appstream                           38 k
DEBUG util.py:463:   perl-Math-Complex                                     noarch                          1.59-481.1.el9_6                                             appstream                           45 k
DEBUG util.py:463:   perl-Memoize                                          noarch                          1.03-481.1.el9_6                                             appstream                           55 k
DEBUG util.py:463:   perl-Module-Build                                     noarch                          2:0.42.31-9.el9                                              appstream                          254 k
DEBUG util.py:463:   perl-Module-CoreList                                  noarch                          1:5.20240609-1.el9                                           appstream                           87 k
DEBUG util.py:463:   perl-Module-CoreList-tools                            noarch                          1:5.20240609-1.el9                                           appstream                           16 k
DEBUG util.py:463:   perl-Module-Load                                      noarch                          1:0.36-4.el9                                                 appstream                           17 k
DEBUG util.py:463:   perl-Module-Load-Conditional                          noarch                          0.74-4.el9                                                   appstream                           22 k
DEBUG util.py:463:   perl-Module-Loaded                                    noarch                          1:0.08-481.1.el9_6                                           appstream                           12 k
DEBUG util.py:463:   perl-Module-Metadata                                  noarch                          1.000037-460.el9                                             appstream                           35 k
DEBUG util.py:463:   perl-Module-Signature                                 noarch                          0.88-1.el9                                                   appstream                           83 k
DEBUG util.py:463:   perl-NDBM_File                                        x86_64                          1.15-481.1.el9_6                                             appstream                           21 k
DEBUG util.py:463:   perl-NEXT                                             noarch                          0.67-481.1.el9_6                                             appstream                           19 k
DEBUG util.py:463:   perl-Net                                              noarch                          1.02-481.1.el9_6                                             appstream                           24 k
DEBUG util.py:463:   perl-Net-Ping                                         noarch                          2.74-5.el9                                                   appstream                           49 k
DEBUG util.py:463:   perl-ODBM_File                                        x86_64                          1.16-481.1.el9_6                                             appstream                           21 k
DEBUG util.py:463:   perl-Object-HashBase                                  noarch                          0.009-7.el9                                                  appstream                           25 k
DEBUG util.py:463:   perl-Opcode                                           x86_64                          1.48-481.1.el9_6                                             appstream                           35 k
DEBUG util.py:463:   perl-Package-Generator                                noarch                          1.106-23.el9                                                 appstream                           23 k
DEBUG util.py:463:   perl-Params-Check                                     noarch                          1:0.38-461.el9                                               appstream                           22 k
DEBUG util.py:463:   perl-Params-Util                                      x86_64                          1.102-5.el9                                                  appstream                           33 k
DEBUG util.py:463:   perl-Perl-OSType                                      noarch                          1.010-461.el9                                                appstream                           23 k
DEBUG util.py:463:   perl-PerlIO-via-QuotedPrint                           noarch                          0.09-4.el9                                                   appstream                           21 k
DEBUG util.py:463:   perl-Pod-Checker                                      noarch                          4:1.74-4.el9                                                 appstream                           31 k
DEBUG util.py:463:   perl-Pod-Functions                                    noarch                          1.13-481.1.el9_6                                             appstream                           12 k
DEBUG util.py:463:   perl-Pod-Html                                         noarch                          1.25-481.1.el9_6                                             appstream                           25 k
DEBUG util.py:463:   perl-Safe                                             noarch                          2.41-481.1.el9_6                                             appstream                           24 k
DEBUG util.py:463:   perl-Search-Dict                                      noarch                          1.07-481.1.el9_6                                             appstream                           12 k
DEBUG util.py:463:   perl-SelfLoader                                       noarch                          1.26-481.1.el9_6                                             appstream                           20 k
DEBUG util.py:463:   perl-Software-License                                 noarch                          0.103014-12.el9                                              appstream                          127 k
DEBUG util.py:463:   perl-Sub-Exporter                                     noarch                          0.987-27.el9                                                 appstream                           66 k
DEBUG util.py:463:   perl-Sub-Install                                      noarch                          0.928-28.el9                                                 appstream                           22 k
DEBUG util.py:463:   perl-Sys-Hostname                                     x86_64                          1.23-481.1.el9_6                                             appstream                           15 k
DEBUG util.py:463:   perl-Sys-Syslog                                       x86_64                          0.36-461.el9                                                 appstream                           47 k
DEBUG util.py:463:   perl-Term-Complete                                    noarch                          1.403-481.1.el9_6                                            appstream                           11 k
DEBUG util.py:463:   perl-Term-ReadLine                                    noarch                          1.17-481.1.el9_6                                             appstream                           18 k
DEBUG util.py:463:   perl-Term-Table                                       noarch                          0.015-8.el9                                                  appstream                           35 k
DEBUG util.py:463:   perl-Test                                             noarch                          1.31-481.1.el9_6                                             appstream                           27 k
DEBUG util.py:463:   perl-Test-Harness                                     noarch                          1:3.42-461.el9                                               appstream                          267 k
DEBUG util.py:463:   perl-Test-Simple                                      noarch                          3:1.302183-4.el9                                             appstream                          525 k
DEBUG util.py:463:   perl-Text-Abbrev                                      noarch                          1.02-481.1.el9_6                                             appstream                           11 k
DEBUG util.py:463:   perl-Text-Balanced                                    noarch                          2.04-4.el9                                                   appstream                           47 k
DEBUG util.py:463:   perl-Text-Diff                                        noarch                          1.45-13.el9                                                  appstream                           40 k
DEBUG util.py:463:   perl-Text-Glob                                        noarch                          0.11-15.el9                                                  appstream                           13 k
DEBUG util.py:463:   perl-Text-Template                                    noarch                          1.59-5.el9                                                   appstream                           60 k
DEBUG util.py:463:   perl-Thread                                           noarch                          3.05-481.1.el9_6                                             appstream                           17 k
DEBUG util.py:463:   perl-Thread-Queue                                     noarch                          3.14-460.el9                                                 appstream                           21 k
DEBUG util.py:463:   perl-Thread-Semaphore                                 noarch                          2.13-481.1.el9_6                                             appstream                           14 k
DEBUG util.py:463:   perl-Tie                                              noarch                          4.6-481.1.el9_6                                              appstream                           30 k
DEBUG util.py:463:   perl-Tie-File                                         noarch                          1.06-481.1.el9_6                                             appstream                           42 k
DEBUG util.py:463:   perl-Tie-Memoize                                      noarch                          1.1-481.1.el9_6                                              appstream                           13 k
DEBUG util.py:463:   perl-Tie-RefHash                                      noarch                          1.40-4.el9                                                   appstream                           23 k
DEBUG util.py:463:   perl-Time                                             noarch                          1.03-481.1.el9_6                                             appstream                           17 k
DEBUG util.py:463:   perl-Time-HiRes                                       x86_64                          4:1.9764-462.el9                                             appstream                           57 k
DEBUG util.py:463:   perl-Time-Piece                                       x86_64                          1.3401-481.1.el9_6                                           appstream                           39 k
DEBUG util.py:463:   perl-Unicode-Collate                                  x86_64                          1.29-4.el9                                                   appstream                          732 k
DEBUG util.py:463:   perl-Unicode-Normalize                                x86_64                          1.27-461.el9                                                 appstream                           90 k
DEBUG util.py:463:   perl-Unicode-UCD                                      noarch                          0.75-481.1.el9_6                                             appstream                           77 k
DEBUG util.py:463:   perl-User-pwent                                       noarch                          1.03-481.1.el9_6                                             appstream                           19 k
DEBUG util.py:463:   perl-autodie                                          noarch                          2.34-4.el9                                                   appstream                           94 k
DEBUG util.py:463:   perl-autouse                                          noarch                          1.11-481.1.el9_6                                             appstream                           12 k
DEBUG util.py:463:   perl-bignum                                           noarch                          0.51-460.el9                                                 appstream                           42 k
DEBUG util.py:463:   perl-blib                                             noarch                          1.07-481.1.el9_6                                             appstream                           11 k
DEBUG util.py:463:   perl-debugger                                         noarch                          1.56-481.1.el9_6                                             appstream                          132 k
DEBUG util.py:463:   perl-deprecate                                        noarch                          0.04-481.1.el9_6                                             appstream                           13 k
DEBUG util.py:463:   perl-devel                                            x86_64                          4:5.32.1-481.1.el9_6                                         appstream                          659 k
DEBUG util.py:463:   perl-diagnostics                                      noarch                          1.37-481.1.el9_6                                             appstream                          209 k
DEBUG util.py:463:   perl-doc                                              noarch                          5.32.1-481.1.el9_6                                           appstream                          4.5 M
DEBUG util.py:463:   perl-encoding                                         x86_64                          4:3.00-462.el9                                               appstream                           62 k
DEBUG util.py:463:   perl-encoding-warnings                                noarch                          0.13-481.1.el9_6                                             appstream                           15 k
DEBUG util.py:463:   perl-experimental                                     noarch                          0.022-6.el9                                                  appstream                           21 k
DEBUG util.py:463:   perl-fields                                           noarch                          2.27-481.1.el9_6                                             appstream                           15 k
DEBUG util.py:463:   perl-filetest                                         noarch                          1.03-481.1.el9_6                                             appstream                           13 k
DEBUG util.py:463:   perl-inc-latest                                       noarch                          2:0.500-20.el9                                               appstream                           23 k
DEBUG util.py:463:   perl-less                                             noarch                          0.03-481.1.el9_6                                             appstream                           12 k
DEBUG util.py:463:   perl-lib                                              x86_64                          0.65-481.1.el9_6                                             appstream                           13 k
DEBUG util.py:463:   perl-libnetcfg                                        noarch                          4:5.32.1-481.1.el9_6                                         appstream                           15 k
DEBUG util.py:463:   perl-local-lib                                        noarch                          2.000024-13.el9                                              appstream                           67 k
DEBUG util.py:463:   perl-locale                                           noarch                          1.09-481.1.el9_6                                             appstream                           12 k
DEBUG util.py:463:   perl-macros                                           noarch                          4:5.32.1-481.1.el9_6                                         appstream                          9.2 k
DEBUG util.py:463:   perl-meta-notation                                    noarch                          5.32.1-481.1.el9_6                                           appstream                          8.3 k
DEBUG util.py:463:   perl-open                                             noarch                          1.12-481.1.el9_6                                             appstream                           15 k
DEBUG util.py:463:   perl-perlfaq                                          noarch                          5.20210520-1.el9                                             appstream                          372 k
DEBUG util.py:463:   perl-ph                                               x86_64                          5.32.1-481.1.el9_6                                           appstream                           40 k
DEBUG util.py:463:   perl-sigtrap                                          noarch                          1.09-481.1.el9_6                                             appstream                           14 k
DEBUG util.py:463:   perl-sort                                             noarch                          2.04-481.1.el9_6                                             appstream                           12 k
DEBUG util.py:463:   perl-threads                                          x86_64                          1:2.25-460.el9                                               appstream                           57 k
DEBUG util.py:463:   perl-threads-shared                                   x86_64                          1.61-460.el9                                                 appstream                           44 k
DEBUG util.py:463:   perl-utils                                            noarch                          5.32.1-481.1.el9_6                                           appstream                           54 k
DEBUG util.py:463:   perl-version                                          x86_64                          7:0.99.28-4.el9                                              appstream                           62 k
DEBUG util.py:463:   perl-vmsish                                           noarch                          1.04-481.1.el9_6                                             appstream                           13 k
DEBUG util.py:463:   pixman                                                x86_64                          0.40.0-6.el9_3                                               appstream                          268 k
DEBUG util.py:463:   policycoreutils                                       x86_64                          3.6-3.el9                                                    baseos                             205 k
DEBUG util.py:463:   popt-devel                                            x86_64                          1.18-8.el9                                                   appstream                           25 k
DEBUG util.py:463:   python3                                               x86_64                          3.9.25-3.el9_7.3                                             baseos                              26 k
DEBUG util.py:463:   python3-libs                                          x86_64                          3.9.25-3.el9_7.3                                             baseos                             7.5 M
DEBUG util.py:463:   python3-pip-wheel                                     noarch                          21.3.1-1.el9                                                 baseos                             1.1 M
DEBUG util.py:463:   python3-pyparsing                                     noarch                          2.4.7-9.el9                                                  baseos                             149 k
DEBUG util.py:463:   python3-setuptools-wheel                              noarch                          53.0.0-15.el9                                                baseos                             467 k
DEBUG util.py:463:   rav1e-libs                                            x86_64                          0.8.1-2.el9                                                  epel                               1.1 M
DEBUG util.py:463:   recode                                                x86_64                          3.7.11-1.el9                                                 epel                               484 k
DEBUG util.py:463:   rpm-devel                                             x86_64                          4.16.1.3-39.el9                                              appstream                           78 k
DEBUG util.py:463:   rpm-sign-libs                                         x86_64                          4.16.1.3-39.el9                                              baseos                              20 k
DEBUG util.py:463:   shared-mime-info                                      x86_64                          2.1-5.el9                                                    baseos                             372 k
DEBUG util.py:463:   sqlite                                                x86_64                          3.34.1-9.el9_7                                               appstream                          758 k
DEBUG util.py:463:   svt-av1-libs                                          x86_64                          0.9.0-1.el9                                                  epel                               1.7 M
DEBUG util.py:463:   sysprof-capture-devel                                 x86_64                          3.40.1-3.el9                                                 appstream                           59 k
DEBUG util.py:463:   systemd-pam                                           x86_64                          252-55.el9_7.9.alma.1                                        baseos                             260 k
DEBUG util.py:463:   systemd-rpm-macros                                    noarch                          252-55.el9_7.9.alma.1                                        baseos                              47 k
DEBUG util.py:463:   systemtap-sdt-dtrace                                  x86_64                          5.3-3.el9                                                    appstream                           69 k
DEBUG util.py:463:   t1lib                                                 x86_64                          5.1.2-31.el9                                                 epel                               171 k
DEBUG util.py:463:   tokyocabinet                                          x86_64                          1.4.48-19.el9                                                appstream                          498 k
DEBUG util.py:463:   tpm2-tss                                              x86_64                          3.2.3-1.el9                                                  baseos                             594 k
DEBUG util.py:463:   unixODBC                                              x86_64                          2.3.9-4.el9                                                  appstream                          457 k
DEBUG util.py:463:   xml-common                                            noarch                          0.6.3-58.el9                                                 appstream                           31 k
DEBUG util.py:463:   xorg-x11-proto-devel                                  noarch                          2024.1-1.el9                                                 appstream                          265 k
DEBUG util.py:463:   xz-devel                                              x86_64                          5.2.5-8.el9_0                                                appstream                           52 k
DEBUG util.py:463:  Transaction Summary
DEBUG util.py:463:  =============================================================================================================================================================================================
DEBUG util.py:463:  Install  392 Packages
DEBUG util.py:463:  Total size: 208 M
DEBUG util.py:463:  Installed size: 706 M
DEBUG util.py:463:  Downloading Packages:
DEBUG util.py:463:  [SKIPPED] acl-2.3.1-4.el9.x86_64.rpm: Already downloaded                                                                                                                                    
DEBUG util.py:463:  [SKIPPED] attr-2.5.1-3.el9.x86_64.rpm: Already downloaded                                                                                                                                   
DEBUG util.py:463:  [SKIPPED] cyrus-sasl-2.1.27-22.el9.x86_64.rpm: Already downloaded                                                                                                                           
DEBUG util.py:463:  [SKIPPED] dbus-1.12.20-8.el9.x86_64.rpm: Already downloaded                                                                                                                                 
DEBUG util.py:463:  [SKIPPED] dbus-broker-28-7.el9.x86_64.rpm: Already downloaded                                                                                                                               
DEBUG util.py:463:  [SKIPPED] dbus-common-1.12.20-8.el9.noarch.rpm: Already downloaded                                                                                                                          
DEBUG util.py:463:  [SKIPPED] dejavu-sans-fonts-2.37-18.el9.noarch.rpm: Already downloaded                                                                                                                      
DEBUG util.py:463:  [SKIPPED] expat-2.5.0-5.el9_7.1.x86_64.rpm: Already downloaded                                                                                                                              
DEBUG util.py:463:  [SKIPPED] fonts-filesystem-2.0.5-7.el9.1.noarch.rpm: Already downloaded                                                                                                                     
DEBUG util.py:463:  [SKIPPED] freetype-2.10.4-10.el9_5.x86_64.rpm: Already downloaded                                                                                                                           
DEBUG util.py:463:  [SKIPPED] gettext-0.21-8.el9.x86_64.rpm: Already downloaded                                                                                                                                 
DEBUG util.py:463:  [SKIPPED] gettext-libs-0.21-8.el9.x86_64.rpm: Already downloaded                                                                                                                            
DEBUG util.py:463:  [SKIPPED] glib2-2.68.4-18.el9_7.2.x86_64.rpm: Already downloaded                                                                                                                            
DEBUG util.py:463:  [SKIPPED] gnupg2-2.3.3-5.el9_7.x86_64.rpm: Already downloaded                                                                                                                               
DEBUG util.py:463:  [SKIPPED] gnutls-3.8.3-10.el9_7.x86_64.rpm: Already downloaded                                                                                                                              
DEBUG util.py:463:  [SKIPPED] graphite2-1.3.14-9.el9.x86_64.rpm: Already downloaded                                                                                                                             
DEBUG util.py:463:  [SKIPPED] harfbuzz-2.7.4-10.el9.x86_64.rpm: Already downloaded                                                                                                                              
DEBUG util.py:463:  [SKIPPED] ima-evm-utils-1.6.2-2.el9.x86_64.rpm: Already downloaded                                                                                                                          
DEBUG util.py:463:  [SKIPPED] keyutils-1.6.3-1.el9.x86_64.rpm: Already downloaded                                                                                                                               
DEBUG util.py:463:  [SKIPPED] kmod-libs-28-11.el9.x86_64.rpm: Already downloaded                                                                                                                                
DEBUG util.py:463:  [SKIPPED] libassuan-2.5.5-3.el9.x86_64.rpm: Already downloaded                                                                                                                              
DEBUG util.py:463:  [SKIPPED] libedit-3.1-38.20210216cvs.el9.x86_64.rpm: Already downloaded                                                                                                                     
DEBUG util.py:463:  [SKIPPED] libicu-67.1-10.el9_6.x86_64.rpm: Already downloaded                                                                                                                               
DEBUG util.py:463:  [SKIPPED] libkadm5-1.21.1-9.el9_7.x86_64.rpm: Already downloaded                                                                                                                            
DEBUG util.py:463:  [SKIPPED] libksba-1.5.1-7.el9.x86_64.rpm: Already downloaded                                                                                                                                
DEBUG util.py:463:  [SKIPPED] libpng-1.6.37-12.el9_7.4.x86_64.rpm: Already downloaded                                                                                                                           
DEBUG util.py:463:  [SKIPPED] libseccomp-2.5.2-2.el9.x86_64.rpm: Already downloaded                                                                                                                             
DEBUG util.py:463:  [SKIPPED] libselinux-utils-3.6-3.el9.x86_64.rpm: Already downloaded                                                                                                                         
DEBUG util.py:463:  [SKIPPED] libtirpc-1.3.3-9.el9.x86_64.rpm: Already downloaded                                                                                                                               
DEBUG util.py:463:  [SKIPPED] mailcap-2.1.49-5.el9.noarch.rpm: Already downloaded                                                                                                                               
DEBUG util.py:463:  [SKIPPED] make-4.3-8.el9.x86_64.rpm: Already downloaded                                                                                                                                     
DEBUG util.py:463:  [SKIPPED] nettle-3.10.1-1.el9.x86_64.rpm: Already downloaded                                                                                                                                
DEBUG util.py:463:  [SKIPPED] npth-1.6-8.el9.x86_64.rpm: Already downloaded                                                                                                                                     
DEBUG util.py:463:  [SKIPPED] policycoreutils-3.6-3.el9.x86_64.rpm: Already downloaded                                                                                                                          
DEBUG util.py:463:  [SKIPPED] python3-3.9.25-3.el9_7.3.x86_64.rpm: Already downloaded                                                                                                                           
DEBUG util.py:463:  [SKIPPED] python3-libs-3.9.25-3.el9_7.3.x86_64.rpm: Already downloaded                                                                                                                      
DEBUG util.py:463:  [SKIPPED] python3-pip-wheel-21.3.1-1.el9.noarch.rpm: Already downloaded                                                                                                                     
DEBUG util.py:463:  [SKIPPED] python3-pyparsing-2.4.7-9.el9.noarch.rpm: Already downloaded                                                                                                                      
DEBUG util.py:463:  [SKIPPED] python3-setuptools-wheel-53.0.0-15.el9.noarch.rpm: Already downloaded                                                                                                             
DEBUG util.py:463:  [SKIPPED] rpm-sign-libs-4.16.1.3-39.el9.x86_64.rpm: Already downloaded                                                                                                                      
DEBUG util.py:463:  [SKIPPED] shared-mime-info-2.1-5.el9.x86_64.rpm: Already downloaded                                                                                                                         
DEBUG util.py:463:  [SKIPPED] systemd-252-55.el9_7.9.alma.1.x86_64.rpm: Already downloaded                                                                                                                      
DEBUG util.py:463:  [SKIPPED] systemd-pam-252-55.el9_7.9.alma.1.x86_64.rpm: Already downloaded                                                                                                                  
DEBUG util.py:463:  [SKIPPED] systemd-rpm-macros-252-55.el9_7.9.alma.1.noarch.rpm: Already downloaded                                                                                                           
DEBUG util.py:463:  [SKIPPED] tpm2-tss-3.2.3-1.el9.x86_64.rpm: Already downloaded                                                                                                                               
DEBUG util.py:463:  [SKIPPED] annobin-12.98-1.el9.x86_64.rpm: Already downloaded                                                                                                                                
DEBUG util.py:463:  [SKIPPED] apr-1.7.0-12.el9_3.x86_64.rpm: Already downloaded                                                                                                                                 
DEBUG util.py:463:  [SKIPPED] apr-devel-1.7.0-12.el9_3.x86_64.rpm: Already downloaded                                                                                                                           
DEBUG util.py:463:  [SKIPPED] apr-util-1.6.1-23.el9.x86_64.rpm: Already downloaded                                                                                                                              
DEBUG util.py:463:  [SKIPPED] apr-util-bdb-1.6.1-23.el9.x86_64.rpm: Already downloaded                                                                                                                          
DEBUG util.py:463:  [SKIPPED] apr-util-devel-1.6.1-23.el9.x86_64.rpm: Already downloaded                                                                                                                        
DEBUG util.py:463:  [SKIPPED] autoconf-2.69-41.el9.noarch.rpm: Already downloaded                                                                                                                               
DEBUG util.py:463:  [SKIPPED] automake-1.16.2-8.el9.noarch.rpm: Already downloaded                                                                                                                              
DEBUG util.py:463:  [SKIPPED] brotli-1.0.9-9.el9_7.x86_64.rpm: Already downloaded                                                                                                                               
DEBUG util.py:463:  [SKIPPED] brotli-devel-1.0.9-9.el9_7.x86_64.rpm: Already downloaded                                                                                                                         
DEBUG util.py:463:  [SKIPPED] bzip2-devel-1.0.8-10.el9_5.x86_64.rpm: Already downloaded                                                                                                                         
DEBUG util.py:463:  [SKIPPED] cairo-1.17.4-7.el9.x86_64.rpm: Already downloaded                                                                                                                                 
DEBUG util.py:463:  [SKIPPED] cmake-filesystem-3.26.5-3.el9_7.x86_64.rpm: Already downloaded                                                                                                                    
DEBUG util.py:463:  [SKIPPED] cpp-11.5.0-11.el9.alma.1.x86_64.rpm: Already downloaded                                                                                                                           
DEBUG util.py:463:  [SKIPPED] cyrus-sasl-devel-2.1.27-22.el9.x86_64.rpm: Already downloaded                                                                                                                     
DEBUG util.py:463:  [SKIPPED] elfutils-devel-0.193-1.el9.alma.1.x86_64.rpm: Already downloaded                                                                                                                  
DEBUG util.py:463:  [SKIPPED] elfutils-libelf-devel-0.193-1.el9.alma.1.x86_64.rpm: Already downloaded                                                                                                           
DEBUG util.py:463:  [SKIPPED] emacs-filesystem-27.2-18.el9.noarch.rpm: Already downloaded                                                                                                                       
DEBUG util.py:463:  [SKIPPED] enchant-1.6.0-30.el9.x86_64.rpm: Already downloaded                                                                                                                               
DEBUG util.py:463:  [SKIPPED] expat-devel-2.5.0-5.el9_7.1.x86_64.rpm: Already downloaded                                                                                                                        
DEBUG util.py:463:  [SKIPPED] fontconfig-2.14.0-2.el9_1.x86_64.rpm: Already downloaded                                                                                                                          
DEBUG util.py:463:  [SKIPPED] fontconfig-devel-2.14.0-2.el9_1.x86_64.rpm: Already downloaded                                                                                                                    
DEBUG util.py:463:  [SKIPPED] freetype-devel-2.10.4-10.el9_5.x86_64.rpm: Already downloaded                                                                                                                     
DEBUG util.py:463:  [SKIPPED] fribidi-1.0.10-6.el9.2.x86_64.rpm: Already downloaded                                                                                                                             
DEBUG util.py:463:  [SKIPPED] fribidi-devel-1.0.10-6.el9.2.x86_64.rpm: Already downloaded                                                                                                                       
DEBUG util.py:463:  [SKIPPED] gcc-11.5.0-11.el9.alma.1.x86_64.rpm: Already downloaded                                                                                                                           
DEBUG util.py:463:  [SKIPPED] gcc-c++-11.5.0-11.el9.alma.1.x86_64.rpm: Already downloaded                                                                                                                       
DEBUG util.py:463:  [SKIPPED] gcc-plugin-annobin-11.5.0-11.el9.alma.1.x86_64.rpm: Already downloaded                                                                                                            
DEBUG util.py:463:  [SKIPPED] glib2-devel-2.68.4-18.el9_7.2.x86_64.rpm: Already downloaded                                                                                                                      
DEBUG util.py:463:  [SKIPPED] glibc-devel-2.34-231.el9_7.10.x86_64.rpm: Already downloaded                                                                                                                      
DEBUG util.py:463:  [SKIPPED] glibc-headers-2.34-231.el9_7.10.x86_64.rpm: Already downloaded                                                                                                                    
DEBUG util.py:463:  [SKIPPED] gmp-c++-6.2.0-13.el9.x86_64.rpm: Already downloaded                                                                                                                               
DEBUG util.py:463:  [SKIPPED] gmp-devel-6.2.0-13.el9.x86_64.rpm: Already downloaded                                                                                                                             
DEBUG util.py:463:  [SKIPPED] graphite2-devel-1.3.14-9.el9.x86_64.rpm: Already downloaded                                                                                                                       
DEBUG util.py:463:  [SKIPPED] harfbuzz-devel-2.7.4-10.el9.x86_64.rpm: Already downloaded                                                                                                                        
DEBUG util.py:463:  [SKIPPED] harfbuzz-icu-2.7.4-10.el9.x86_64.rpm: Already downloaded                                                                                                                          
DEBUG util.py:463:  [SKIPPED] httpd-core-2.4.62-7.el9_7.3.x86_64.rpm: Already downloaded                                                                                                                        
DEBUG util.py:463:  [SKIPPED] httpd-devel-2.4.62-7.el9_7.3.x86_64.rpm: Already downloaded                                                                                                                       
DEBUG util.py:463:  [SKIPPED] httpd-filesystem-2.4.62-7.el9_7.3.noarch.rpm: Already downloaded                                                                                                                  
DEBUG util.py:463:  [SKIPPED] httpd-tools-2.4.62-7.el9_7.3.x86_64.rpm: Already downloaded                                                                                                                       
DEBUG util.py:463:  [SKIPPED] hunspell-1.7.0-11.el9.x86_64.rpm: Already downloaded                                                                                                                              
DEBUG util.py:463:  [SKIPPED] hunspell-en-US-0.20140811.1-20.el9.noarch.rpm: Already downloaded                                                                                                                 
DEBUG util.py:463:  [SKIPPED] hunspell-filesystem-1.7.0-11.el9.x86_64.rpm: Already downloaded                                                                                                                   
DEBUG util.py:463:  [SKIPPED] jbigkit-libs-2.1-23.el9.x86_64.rpm: Already downloaded                                                                                                                            
DEBUG util.py:463:  [SKIPPED] kernel-headers-5.14.0-611.55.1.el9_7.x86_64.rpm: Already downloaded                                                                                                               
DEBUG util.py:463:  [SKIPPED] keyutils-libs-devel-1.6.3-1.el9.x86_64.rpm: Already downloaded                                                                                                                    
DEBUG util.py:463:  [SKIPPED] krb5-devel-1.21.1-9.el9_7.x86_64.rpm: Already downloaded                                                                                                                          
DEBUG util.py:463:  [SKIPPED] langpacks-core-font-en-3.0-16.el9.noarch.rpm: Already downloaded                                                                                                                  
DEBUG util.py:463:  [SKIPPED] libICE-1.0.10-8.el9.x86_64.rpm: Already downloaded                                                                                                                                
DEBUG util.py:463:  [SKIPPED] libSM-1.2.3-10.el9.x86_64.rpm: Already downloaded                                                                                                                                 
DEBUG util.py:463:  [SKIPPED] libX11-1.7.0-11.el9.x86_64.rpm: Already downloaded                                                                                                                                
DEBUG util.py:463:  [SKIPPED] libX11-common-1.7.0-11.el9.noarch.rpm: Already downloaded                                                                                                                         
DEBUG util.py:463:  [SKIPPED] libX11-devel-1.7.0-11.el9.x86_64.rpm: Already downloaded                                                                                                                          
DEBUG util.py:463:  [SKIPPED] libX11-xcb-1.7.0-11.el9.x86_64.rpm: Already downloaded                                                                                                                            
DEBUG util.py:463:  [SKIPPED] libXau-1.0.9-8.el9.x86_64.rpm: Already downloaded                                                                                                                                 
DEBUG util.py:463:  [SKIPPED] libXau-devel-1.0.9-8.el9.x86_64.rpm: Already downloaded                                                                                                                           
DEBUG util.py:463:  [SKIPPED] libXext-1.3.4-8.el9.x86_64.rpm: Already downloaded                                                                                                                                
DEBUG util.py:463:  [SKIPPED] libXpm-3.5.13-10.el9.x86_64.rpm: Already downloaded                                                                                                                               
DEBUG util.py:463:  [SKIPPED] libXpm-devel-3.5.13-10.el9.x86_64.rpm: Already downloaded                                                                                                                         
DEBUG util.py:463:  [SKIPPED] libXrender-0.9.10-16.el9.x86_64.rpm: Already downloaded                                                                                                                           
DEBUG util.py:463:  [SKIPPED] libXt-1.2.0-6.el9.x86_64.rpm: Already downloaded                                                                                                                                  
DEBUG util.py:463:  [SKIPPED] libacl-devel-2.3.1-4.el9.x86_64.rpm: Already downloaded                                                                                                                           
DEBUG util.py:463:  [SKIPPED] libattr-devel-2.5.1-3.el9.x86_64.rpm: Already downloaded                                                                                                                          
DEBUG util.py:463:  [SKIPPED] libblkid-devel-2.37.4-21.el9_7.x86_64.rpm: Already downloaded                                                                                                                     
DEBUG util.py:463:  [SKIPPED] libcom_err-devel-1.46.5-8.el9.x86_64.rpm: Already downloaded                                                                                                                      
DEBUG util.py:463:  [SKIPPED] libcurl-devel-7.76.1-35.el9_7.3.x86_64.rpm: Already downloaded                                                                                                                    
DEBUG util.py:463:  [SKIPPED] libdb-devel-5.3.28-57.el9_6.x86_64.rpm: Already downloaded                                                                                                                        
DEBUG util.py:463:  [SKIPPED] libedit-devel-3.1-38.20210216cvs.el9.x86_64.rpm: Already downloaded                                                                                                               
DEBUG util.py:463:  [SKIPPED] libffi-devel-3.4.2-8.el9.x86_64.rpm: Already downloaded                                                                                                                           
DEBUG util.py:463:  [SKIPPED] libgpg-error-devel-1.42-5.el9.x86_64.rpm: Already downloaded                                                                                                                      
DEBUG util.py:463:  [SKIPPED] libjpeg-turbo-2.0.90-7.el9.x86_64.rpm: Already downloaded                                                                                                                         
DEBUG util.py:463:  [SKIPPED] libjpeg-turbo-devel-2.0.90-7.el9.x86_64.rpm: Already downloaded                                                                                                                   
DEBUG util.py:463:  [SKIPPED] libmount-devel-2.37.4-21.el9_7.x86_64.rpm: Already downloaded                                                                                                                     
DEBUG util.py:463:  [SKIPPED] libmpc-1.2.1-4.el9.x86_64.rpm: Already downloaded                                                                                                                                 
DEBUG util.py:463:  [SKIPPED] libnsl2-2.0.0-1.el9.x86_64.rpm: Already downloaded                                                                                                                                
DEBUG util.py:463:  [SKIPPED] libpng-devel-1.6.37-12.el9_7.4.x86_64.rpm: Already downloaded                                                                                                                     
DEBUG util.py:463:  [SKIPPED] libpq-13.23-1.el9_7.x86_64.rpm: Already downloaded                                                                                                                                
DEBUG util.py:463:  [SKIPPED] libpq-devel-13.23-1.el9_7.x86_64.rpm: Already downloaded                                                                                                                          
DEBUG util.py:463:  [SKIPPED] libselinux-devel-3.6-3.el9.x86_64.rpm: Already downloaded                                                                                                                         
DEBUG util.py:463:  [SKIPPED] libsepol-devel-3.6-3.el9.x86_64.rpm: Already downloaded                                                                                                                           
DEBUG util.py:463:  [SKIPPED] libstdc++-devel-11.5.0-11.el9.alma.1.x86_64.rpm: Already downloaded                                                                                                               
DEBUG util.py:463:  [SKIPPED] libtiff-4.4.0-15.el9_7.3.x86_64.rpm: Already downloaded                                                                                                                           
DEBUG util.py:463:  [SKIPPED] libtiff-devel-4.4.0-15.el9_7.3.x86_64.rpm: Already downloaded                                                                                                                     
DEBUG util.py:463:  [SKIPPED] libtool-2.4.6-46.el9.x86_64.rpm: Already downloaded                                                                                                                               
DEBUG util.py:463:  [SKIPPED] libverto-devel-0.3.2-3.el9.x86_64.rpm: Already downloaded                                                                                                                         
DEBUG util.py:463:  [SKIPPED] libwebp-1.2.0-8.el9_3.x86_64.rpm: Already downloaded                                                                                                                              
DEBUG util.py:463:  [SKIPPED] libwebp-devel-1.2.0-8.el9_3.x86_64.rpm: Already downloaded                                                                                                                        
DEBUG util.py:463:  [SKIPPED] libxcb-1.13.1-9.el9.x86_64.rpm: Already downloaded                                                                                                                                
DEBUG util.py:463:  [SKIPPED] libxcb-devel-1.13.1-9.el9.x86_64.rpm: Already downloaded                                                                                                                          
DEBUG util.py:463:  [SKIPPED] libxcrypt-devel-4.4.18-3.el9.x86_64.rpm: Already downloaded                                                                                                                       
DEBUG util.py:463:  [SKIPPED] libxml2-devel-2.9.13-14.el9_7.x86_64.rpm: Already downloaded                                                                                                                      
DEBUG util.py:463:  [SKIPPED] libxslt-1.1.34-14.el9_7.1.x86_64.rpm: Already downloaded                                                                                                                          
DEBUG util.py:463:  [SKIPPED] libxslt-devel-1.1.34-14.el9_7.1.x86_64.rpm: Already downloaded                                                                                                                    
DEBUG util.py:463:  [SKIPPED] libzstd-devel-1.5.5-1.el9.x86_64.rpm: Already downloaded                                                                                                                          
DEBUG util.py:463:  [SKIPPED] llvm-filesystem-20.1.8-3.el9.x86_64.rpm: Already downloaded                                                                                                                       
DEBUG util.py:463:  [SKIPPED] llvm-libs-20.1.8-3.el9.x86_64.rpm: Already downloaded                                                                                                                             
DEBUG util.py:463:  [SKIPPED] lm_sensors-devel-3.6.0-10.el9.x86_64.rpm: Already downloaded                                                                                                                      
DEBUG util.py:463:  [SKIPPED] lm_sensors-libs-3.6.0-10.el9.x86_64.rpm: Already downloaded                                                                                                                       
DEBUG util.py:463:  [SKIPPED] m4-1.4.19-1.el9.x86_64.rpm: Already downloaded                                                                                                                                    
DEBUG util.py:463:  [SKIPPED] mariadb-connector-c-3.2.6-1.el9_0.x86_64.rpm: Already downloaded                                                                                                                  
DEBUG util.py:463:  [SKIPPED] mariadb-connector-c-config-3.2.6-1.el9_0.noarch.rpm: Already downloaded                                                                                                           
DEBUG util.py:463:  [SKIPPED] ncurses-c++-libs-6.2-12.20210508.el9.x86_64.rpm: Already downloaded                                                                                                               
DEBUG util.py:463:  [SKIPPED] ncurses-devel-6.2-12.20210508.el9.x86_64.rpm: Already downloaded                                                                                                                  
DEBUG util.py:463:  [SKIPPED] net-snmp-agent-libs-5.9.1-17.el9_7.1.x86_64.rpm: Already downloaded                                                                                                               
DEBUG util.py:463:  [SKIPPED] net-snmp-devel-5.9.1-17.el9_7.1.x86_64.rpm: Already downloaded                                                                                                                    
DEBUG util.py:463:  [SKIPPED] net-snmp-libs-5.9.1-17.el9_7.1.x86_64.rpm: Already downloaded                                                                                                                     
DEBUG util.py:463:  [SKIPPED] openldap-devel-2.6.8-4.el9.x86_64.rpm: Already downloaded                                                                                                                         
DEBUG util.py:463:  [SKIPPED] openssl-devel-3.5.1-7.el9_7.x86_64.rpm: Already downloaded                                                                                                                        
DEBUG util.py:463:  [SKIPPED] pam-devel-1.5.1-26.el9_6.x86_64.rpm: Already downloaded                                                                                                                           
DEBUG util.py:463:  [SKIPPED] pcre-cpp-8.44-4.el9.x86_64.rpm: Already downloaded                                                                                                                                
DEBUG util.py:463:  [SKIPPED] pcre-devel-8.44-4.el9.x86_64.rpm: Already downloaded                                                                                                                              
DEBUG util.py:463:  [SKIPPED] pcre-utf16-8.44-4.el9.x86_64.rpm: Already downloaded                                                                                                                              
DEBUG util.py:463:  [SKIPPED] pcre-utf32-8.44-4.el9.x86_64.rpm: Already downloaded                                                                                                                              
DEBUG util.py:463:  [SKIPPED] pcre2-devel-10.40-6.el9.x86_64.rpm: Already downloaded                                                                                                                            
DEBUG util.py:463:  [SKIPPED] pcre2-utf16-10.40-6.el9.x86_64.rpm: Already downloaded                                                                                                                            
DEBUG util.py:463:  [SKIPPED] pcre2-utf32-10.40-6.el9.x86_64.rpm: Already downloaded                                                                                                                            
DEBUG util.py:463:  [SKIPPED] perl-5.32.1-481.1.el9_6.x86_64.rpm: Already downloaded                                                                                                                            
DEBUG util.py:463:  [SKIPPED] perl-Algorithm-Diff-1.2010-4.el9.noarch.rpm: Already downloaded                                                                                                                   
DEBUG util.py:463:  [SKIPPED] perl-Archive-Tar-2.38-6.el9.noarch.rpm: Already downloaded                                                                                                                        
DEBUG util.py:463:  [SKIPPED] perl-Archive-Zip-1.68-6.el9.noarch.rpm: Already downloaded                                                                                                                        
DEBUG util.py:463:  [SKIPPED] perl-Attribute-Handlers-1.01-481.1.el9_6.noarch.rpm: Already downloaded                                                                                                           
DEBUG util.py:463:  [SKIPPED] perl-AutoSplit-5.74-481.1.el9_6.noarch.rpm: Already downloaded                                                                                                                    
DEBUG util.py:463:  [SKIPPED] perl-Benchmark-1.23-481.1.el9_6.noarch.rpm: Already downloaded                                                                                                                    
DEBUG util.py:463:  [SKIPPED] perl-CPAN-2.29-5.el9_6.noarch.rpm: Already downloaded                                                                                                                             
DEBUG util.py:463:  [SKIPPED] perl-CPAN-Meta-2.150010-460.el9.noarch.rpm: Already downloaded                                                                                                                    
DEBUG util.py:463:  [SKIPPED] perl-CPAN-Meta-Requirements-2.140-461.el9.noarch.rpm: Already downloaded                                                                                                          
DEBUG util.py:463:  [SKIPPED] perl-CPAN-Meta-YAML-0.018-461.el9.noarch.rpm: Already downloaded                                                                                                                  
DEBUG util.py:463:  [SKIPPED] perl-Compress-Bzip2-2.28-5.el9.x86_64.rpm: Already downloaded                                                                                                                     
DEBUG util.py:463:  [SKIPPED] perl-Compress-Raw-Bzip2-2.101-5.el9.x86_64.rpm: Already downloaded                                                                                                                
DEBUG util.py:463:  [SKIPPED] perl-Compress-Raw-Lzma-2.101-3.el9.x86_64.rpm: Already downloaded                                                                                                                 
DEBUG util.py:463:  [SKIPPED] perl-Compress-Raw-Zlib-2.101-5.el9.x86_64.rpm: Already downloaded                                                                                                                 
DEBUG util.py:463:  [SKIPPED] perl-Config-Extensions-0.03-481.1.el9_6.noarch.rpm: Already downloaded                                                                                                            
DEBUG util.py:463:  [SKIPPED] perl-Config-Perl-V-0.33-4.el9.noarch.rpm: Already downloaded                                                                                                                      
DEBUG util.py:463:  [SKIPPED] perl-DBM_Filter-0.06-481.1.el9_6.noarch.rpm: Already downloaded                                                                                                                   
DEBUG util.py:463:  [SKIPPED] perl-DB_File-1.855-4.el9.x86_64.rpm: Already downloaded                                                                                                                           
DEBUG util.py:463:  [SKIPPED] perl-Data-OptList-0.110-17.el9.noarch.rpm: Already downloaded                                                                                                                     
DEBUG util.py:463:  [SKIPPED] perl-Data-Section-0.200007-14.el9.noarch.rpm: Already downloaded                                                                                                                  
DEBUG util.py:463:  [SKIPPED] perl-Devel-PPPort-3.62-4.el9.x86_64.rpm: Already downloaded                                                                                                                       
DEBUG util.py:463:  [SKIPPED] perl-Devel-Peek-1.28-481.1.el9_6.x86_64.rpm: Already downloaded                                                                                                                   
DEBUG util.py:463:  [SKIPPED] perl-Devel-SelfStubber-1.06-481.1.el9_6.noarch.rpm: Already downloaded                                                                                                            
DEBUG util.py:463:  [SKIPPED] perl-Devel-Size-0.83-10.el9.x86_64.rpm: Already downloaded                                                                                                                        
DEBUG util.py:463:  [SKIPPED] perl-Digest-SHA-6.02-461.el9.x86_64.rpm: Already downloaded                                                                                                                       
DEBUG util.py:463:  [SKIPPED] perl-Digest-SHA1-2.13-34.el9.x86_64.rpm: Already downloaded                                                                                                                       
DEBUG util.py:463:  [SKIPPED] perl-DirHandle-1.05-481.1.el9_6.noarch.rpm: Already downloaded                                                                                                                    
DEBUG util.py:463:  [SKIPPED] perl-Dumpvalue-2.27-481.1.el9_6.noarch.rpm: Already downloaded                                                                                                                    
DEBUG util.py:463:  [SKIPPED] perl-DynaLoader-1.47-481.1.el9_6.x86_64.rpm: Already downloaded                                                                                                                   
DEBUG util.py:463:  [SKIPPED] perl-Encode-devel-3.08-462.el9.x86_64.rpm: Already downloaded                                                                                                                     
DEBUG util.py:463:  [SKIPPED] perl-English-1.11-481.1.el9_6.noarch.rpm: Already downloaded                                                                                                                      
DEBUG util.py:463:  [SKIPPED] perl-Env-1.04-460.el9.noarch.rpm: Already downloaded                                                                                                                              
DEBUG util.py:463:  [SKIPPED] perl-ExtUtils-CBuilder-0.280236-4.el9.noarch.rpm: Already downloaded                                                                                                              
DEBUG util.py:463:  [SKIPPED] perl-ExtUtils-Command-7.60-3.el9.noarch.rpm: Already downloaded                                                                                                                   
DEBUG util.py:463:  [SKIPPED] perl-ExtUtils-Constant-0.25-481.1.el9_6.noarch.rpm: Already downloaded                                                                                                            
DEBUG util.py:463:  [SKIPPED] perl-ExtUtils-Embed-1.35-481.1.el9_6.noarch.rpm: Already downloaded                                                                                                               
DEBUG util.py:463:  [SKIPPED] perl-ExtUtils-Install-2.20-4.el9.noarch.rpm: Already downloaded                                                                                                                   
DEBUG util.py:463:  [SKIPPED] perl-ExtUtils-MM-Utils-7.60-3.el9.noarch.rpm: Already downloaded                                                                                                                  
DEBUG util.py:463:  [SKIPPED] perl-ExtUtils-MakeMaker-7.60-3.el9.noarch.rpm: Already downloaded                                                                                                                 
DEBUG util.py:463:  [SKIPPED] perl-ExtUtils-Manifest-1.73-4.el9.noarch.rpm: Already downloaded                                                                                                                  
DEBUG util.py:463:  [SKIPPED] perl-ExtUtils-Miniperl-1.09-481.1.el9_6.noarch.rpm: Already downloaded                                                                                                            
DEBUG util.py:463:  [SKIPPED] perl-ExtUtils-ParseXS-3.40-460.el9.noarch.rpm: Already downloaded                                                                                                                 
DEBUG util.py:463:  [SKIPPED] perl-File-Compare-1.100.600-481.1.el9_6.noarch.rpm: Already downloaded                                                                                                            
DEBUG util.py:463:  [SKIPPED] perl-File-Copy-2.34-481.1.el9_6.noarch.rpm: Already downloaded                                                                                                                    
DEBUG util.py:463:  [SKIPPED] perl-File-DosGlob-1.12-481.1.el9_6.x86_64.rpm: Already downloaded                                                                                                                 
DEBUG util.py:463:  [SKIPPED] perl-File-Fetch-1.00-4.el9.noarch.rpm: Already downloaded                                                                                                                         
DEBUG util.py:463:  [SKIPPED] perl-File-Find-1.37-481.1.el9_6.noarch.rpm: Already downloaded                                                                                                                    
DEBUG util.py:463:  [SKIPPED] perl-File-HomeDir-1.006-4.el9.noarch.rpm: Already downloaded                                                                                                                      
DEBUG util.py:463:  [SKIPPED] perl-File-Which-1.23-10.el9.noarch.rpm: Already downloaded                                                                                                                        
DEBUG util.py:463:  [SKIPPED] perl-FileCache-1.10-481.1.el9_6.noarch.rpm: Already downloaded                                                                                                                    
DEBUG util.py:463:  [SKIPPED] perl-Filter-1.60-4.el9.x86_64.rpm: Already downloaded                                                                                                                             
DEBUG util.py:463:  [SKIPPED] perl-Filter-Simple-0.96-460.el9.noarch.rpm: Already downloaded                                                                                                                    
DEBUG util.py:463:  [SKIPPED] perl-FindBin-1.51-481.1.el9_6.noarch.rpm: Already downloaded                                                                                                                      
DEBUG util.py:463:  [SKIPPED] perl-GDBM_File-1.18-481.1.el9_6.x86_64.rpm: Already downloaded                                                                                                                    
DEBUG util.py:463:  [SKIPPED] perl-Hash-Util-0.23-481.1.el9_6.x86_64.rpm: Already downloaded                                                                                                                    
DEBUG util.py:463:  [SKIPPED] perl-Hash-Util-FieldHash-1.20-481.1.el9_6.x86_64.rpm: Already downloaded                                                                                                          
DEBUG util.py:463:  [SKIPPED] perl-I18N-Collate-1.02-481.1.el9_6.noarch.rpm: Already downloaded                                                                                                                 
DEBUG util.py:463:  [SKIPPED] perl-I18N-LangTags-0.44-481.1.el9_6.noarch.rpm: Already downloaded                                                                                                                
DEBUG util.py:463:  [SKIPPED] perl-I18N-Langinfo-0.19-481.1.el9_6.x86_64.rpm: Already downloaded                                                                                                                
DEBUG util.py:463:  [SKIPPED] perl-IO-Compress-2.102-4.el9.noarch.rpm: Already downloaded                                                                                                                       
DEBUG util.py:463:  [SKIPPED] perl-IO-Compress-Lzma-2.101-4.el9.noarch.rpm: Already downloaded                                                                                                                  
DEBUG util.py:463:  [SKIPPED] perl-IO-Zlib-1.11-4.el9.noarch.rpm: Already downloaded                                                                                                                            
DEBUG util.py:463:  [SKIPPED] perl-IPC-Cmd-1.04-461.el9.noarch.rpm: Already downloaded                                                                                                                          
DEBUG util.py:463:  [SKIPPED] perl-IPC-SysV-2.09-4.el9.x86_64.rpm: Already downloaded                                                                                                                           
DEBUG util.py:463:  [SKIPPED] perl-IPC-System-Simple-1.30-6.el9.noarch.rpm: Already downloaded                                                                                                                  
DEBUG util.py:463:  [SKIPPED] perl-Importer-0.026-4.el9.noarch.rpm: Already downloaded                                                                                                                          
DEBUG util.py:463:  [SKIPPED] perl-JSON-PP-4.06-4.el9.noarch.rpm: Already downloaded                                                                                                                            
DEBUG util.py:463:  [SKIPPED] perl-Locale-Maketext-1.29-461.el9.noarch.rpm: Already downloaded                                                                                                                  
DEBUG util.py:463:  [SKIPPED] perl-Locale-Maketext-Simple-0.21-481.1.el9_6.noarch.rpm: Already downloaded                                                                                                       
DEBUG util.py:463:  [SKIPPED] perl-MRO-Compat-0.13-15.el9.noarch.rpm: Already downloaded                                                                                                                        
DEBUG util.py:463:  [SKIPPED] perl-Math-BigInt-1.9998.18-460.el9.noarch.rpm: Already downloaded                                                                                                                 
DEBUG util.py:463:  [SKIPPED] perl-Math-BigInt-FastCalc-0.500.900-460.el9.x86_64.rpm: Already downloaded                                                                                                        
DEBUG util.py:463:  [SKIPPED] perl-Math-BigRat-0.2614-460.el9.noarch.rpm: Already downloaded                                                                                                                    
DEBUG util.py:463:  [SKIPPED] perl-Math-Complex-1.59-481.1.el9_6.noarch.rpm: Already downloaded                                                                                                                 
DEBUG util.py:463:  [SKIPPED] perl-Memoize-1.03-481.1.el9_6.noarch.rpm: Already downloaded                                                                                                                      
DEBUG util.py:463:  [SKIPPED] perl-Module-Build-0.42.31-9.el9.noarch.rpm: Already downloaded                                                                                                                    
DEBUG util.py:463:  [SKIPPED] perl-Module-CoreList-5.20240609-1.el9.noarch.rpm: Already downloaded                                                                                                              
DEBUG util.py:463:  [SKIPPED] perl-Module-CoreList-tools-5.20240609-1.el9.noarch.rpm: Already downloaded                                                                                                        
DEBUG util.py:463:  [SKIPPED] perl-Module-Load-0.36-4.el9.noarch.rpm: Already downloaded                                                                                                                        
DEBUG util.py:463:  [SKIPPED] perl-Module-Load-Conditional-0.74-4.el9.noarch.rpm: Already downloaded                                                                                                            
DEBUG util.py:463:  [SKIPPED] perl-Module-Loaded-0.08-481.1.el9_6.noarch.rpm: Already downloaded                                                                                                                
DEBUG util.py:463:  [SKIPPED] perl-Module-Metadata-1.000037-460.el9.noarch.rpm: Already downloaded                                                                                                              
DEBUG util.py:463:  [SKIPPED] perl-Module-Signature-0.88-1.el9.noarch.rpm: Already downloaded                                                                                                                   
DEBUG util.py:463:  [SKIPPED] perl-NDBM_File-1.15-481.1.el9_6.x86_64.rpm: Already downloaded                                                                                                                    
DEBUG util.py:463:  [SKIPPED] perl-NEXT-0.67-481.1.el9_6.noarch.rpm: Already downloaded                                                                                                                         
DEBUG util.py:463:  [SKIPPED] perl-Net-1.02-481.1.el9_6.noarch.rpm: Already downloaded                                                                                                                          
DEBUG util.py:463:  [SKIPPED] perl-Net-Ping-2.74-5.el9.noarch.rpm: Already downloaded                                                                                                                           
DEBUG util.py:463:  [SKIPPED] perl-ODBM_File-1.16-481.1.el9_6.x86_64.rpm: Already downloaded                                                                                                                    
DEBUG util.py:463:  [SKIPPED] perl-Object-HashBase-0.009-7.el9.noarch.rpm: Already downloaded                                                                                                                   
DEBUG util.py:463:  [SKIPPED] perl-Opcode-1.48-481.1.el9_6.x86_64.rpm: Already downloaded                                                                                                                       
DEBUG util.py:463:  [SKIPPED] perl-Package-Generator-1.106-23.el9.noarch.rpm: Already downloaded                                                                                                                
DEBUG util.py:463:  [SKIPPED] perl-Params-Check-0.38-461.el9.noarch.rpm: Already downloaded                                                                                                                     
DEBUG util.py:463:  [SKIPPED] perl-Params-Util-1.102-5.el9.x86_64.rpm: Already downloaded                                                                                                                       
DEBUG util.py:463:  [SKIPPED] perl-Perl-OSType-1.010-461.el9.noarch.rpm: Already downloaded                                                                                                                     
DEBUG util.py:463:  [SKIPPED] perl-PerlIO-via-QuotedPrint-0.09-4.el9.noarch.rpm: Already downloaded                                                                                                             
DEBUG util.py:463:  [SKIPPED] perl-Pod-Checker-1.74-4.el9.noarch.rpm: Already downloaded                                                                                                                        
DEBUG util.py:463:  [SKIPPED] perl-Pod-Functions-1.13-481.1.el9_6.noarch.rpm: Already downloaded                                                                                                                
DEBUG util.py:463:  [SKIPPED] perl-Pod-Html-1.25-481.1.el9_6.noarch.rpm: Already downloaded                                                                                                                     
DEBUG util.py:463:  [SKIPPED] perl-Safe-2.41-481.1.el9_6.noarch.rpm: Already downloaded                                                                                                                         
DEBUG util.py:463:  [SKIPPED] perl-Search-Dict-1.07-481.1.el9_6.noarch.rpm: Already downloaded                                                                                                                  
DEBUG util.py:463:  [SKIPPED] perl-SelfLoader-1.26-481.1.el9_6.noarch.rpm: Already downloaded                                                                                                                   
DEBUG util.py:463:  [SKIPPED] perl-Software-License-0.103014-12.el9.noarch.rpm: Already downloaded                                                                                                              
DEBUG util.py:463:  [SKIPPED] perl-Sub-Exporter-0.987-27.el9.noarch.rpm: Already downloaded                                                                                                                     
DEBUG util.py:463:  [SKIPPED] perl-Sub-Install-0.928-28.el9.noarch.rpm: Already downloaded                                                                                                                      
DEBUG util.py:463:  [SKIPPED] perl-Sys-Hostname-1.23-481.1.el9_6.x86_64.rpm: Already downloaded                                                                                                                 
DEBUG util.py:463:  [SKIPPED] perl-Sys-Syslog-0.36-461.el9.x86_64.rpm: Already downloaded                                                                                                                       
DEBUG util.py:463:  [SKIPPED] perl-Term-Complete-1.403-481.1.el9_6.noarch.rpm: Already downloaded                                                                                                               
DEBUG util.py:463:  [SKIPPED] perl-Term-ReadLine-1.17-481.1.el9_6.noarch.rpm: Already downloaded                                                                                                                
DEBUG util.py:463:  [SKIPPED] perl-Term-Table-0.015-8.el9.noarch.rpm: Already downloaded                                                                                                                        
DEBUG util.py:463:  [SKIPPED] perl-Test-1.31-481.1.el9_6.noarch.rpm: Already downloaded                                                                                                                         
DEBUG util.py:463:  [SKIPPED] perl-Test-Harness-3.42-461.el9.noarch.rpm: Already downloaded                                                                                                                     
DEBUG util.py:463:  [SKIPPED] perl-Test-Simple-1.302183-4.el9.noarch.rpm: Already downloaded                                                                                                                    
DEBUG util.py:463:  [SKIPPED] perl-Text-Abbrev-1.02-481.1.el9_6.noarch.rpm: Already downloaded                                                                                                                  
DEBUG util.py:463:  [SKIPPED] perl-Text-Balanced-2.04-4.el9.noarch.rpm: Already downloaded                                                                                                                      
DEBUG util.py:463:  [SKIPPED] perl-Text-Diff-1.45-13.el9.noarch.rpm: Already downloaded                                                                                                                         
DEBUG util.py:463:  [SKIPPED] perl-Text-Glob-0.11-15.el9.noarch.rpm: Already downloaded                                                                                                                         
DEBUG util.py:463:  [SKIPPED] perl-Text-Template-1.59-5.el9.noarch.rpm: Already downloaded                                                                                                                      
DEBUG util.py:463:  [SKIPPED] perl-Thread-3.05-481.1.el9_6.noarch.rpm: Already downloaded                                                                                                                       
DEBUG util.py:463:  [SKIPPED] perl-Thread-Queue-3.14-460.el9.noarch.rpm: Already downloaded                                                                                                                     
DEBUG util.py:463:  [SKIPPED] perl-Thread-Semaphore-2.13-481.1.el9_6.noarch.rpm: Already downloaded                                                                                                             
DEBUG util.py:463:  [SKIPPED] perl-Tie-4.6-481.1.el9_6.noarch.rpm: Already downloaded                                                                                                                           
DEBUG util.py:463:  [SKIPPED] perl-Tie-File-1.06-481.1.el9_6.noarch.rpm: Already downloaded                                                                                                                     
DEBUG util.py:463:  [SKIPPED] perl-Tie-Memoize-1.1-481.1.el9_6.noarch.rpm: Already downloaded                                                                                                                   
DEBUG util.py:463:  [SKIPPED] perl-Tie-RefHash-1.40-4.el9.noarch.rpm: Already downloaded                                                                                                                        
DEBUG util.py:463:  [SKIPPED] perl-Time-1.03-481.1.el9_6.noarch.rpm: Already downloaded                                                                                                                         
DEBUG util.py:463:  [SKIPPED] perl-Time-HiRes-1.9764-462.el9.x86_64.rpm: Already downloaded                                                                                                                     
DEBUG util.py:463:  [SKIPPED] perl-Time-Piece-1.3401-481.1.el9_6.x86_64.rpm: Already downloaded                                                                                                                 
DEBUG util.py:463:  [SKIPPED] perl-Unicode-Collate-1.29-4.el9.x86_64.rpm: Already downloaded                                                                                                                    
DEBUG util.py:463:  [SKIPPED] perl-Unicode-Normalize-1.27-461.el9.x86_64.rpm: Already downloaded                                                                                                                
DEBUG util.py:463:  [SKIPPED] perl-Unicode-UCD-0.75-481.1.el9_6.noarch.rpm: Already downloaded                                                                                                                  
DEBUG util.py:463:  [SKIPPED] perl-User-pwent-1.03-481.1.el9_6.noarch.rpm: Already downloaded                                                                                                                   
DEBUG util.py:463:  [SKIPPED] perl-autodie-2.34-4.el9.noarch.rpm: Already downloaded                                                                                                                            
DEBUG util.py:463:  [SKIPPED] perl-autouse-1.11-481.1.el9_6.noarch.rpm: Already downloaded                                                                                                                      
DEBUG util.py:463:  [SKIPPED] perl-bignum-0.51-460.el9.noarch.rpm: Already downloaded                                                                                                                           
DEBUG util.py:463:  [SKIPPED] perl-blib-1.07-481.1.el9_6.noarch.rpm: Already downloaded                                                                                                                         
DEBUG util.py:463:  [SKIPPED] perl-debugger-1.56-481.1.el9_6.noarch.rpm: Already downloaded                                                                                                                     
DEBUG util.py:463:  [SKIPPED] perl-deprecate-0.04-481.1.el9_6.noarch.rpm: Already downloaded                                                                                                                    
DEBUG util.py:463:  [SKIPPED] perl-devel-5.32.1-481.1.el9_6.x86_64.rpm: Already downloaded                                                                                                                      
DEBUG util.py:463:  [SKIPPED] perl-diagnostics-1.37-481.1.el9_6.noarch.rpm: Already downloaded                                                                                                                  
DEBUG util.py:463:  [SKIPPED] perl-doc-5.32.1-481.1.el9_6.noarch.rpm: Already downloaded                                                                                                                        
DEBUG util.py:463:  [SKIPPED] perl-encoding-3.00-462.el9.x86_64.rpm: Already downloaded                                                                                                                         
DEBUG util.py:463:  [SKIPPED] perl-encoding-warnings-0.13-481.1.el9_6.noarch.rpm: Already downloaded                                                                                                            
DEBUG util.py:463:  [SKIPPED] perl-experimental-0.022-6.el9.noarch.rpm: Already downloaded                                                                                                                      
DEBUG util.py:463:  [SKIPPED] perl-fields-2.27-481.1.el9_6.noarch.rpm: Already downloaded                                                                                                                       
DEBUG util.py:463:  [SKIPPED] perl-filetest-1.03-481.1.el9_6.noarch.rpm: Already downloaded                                                                                                                     
DEBUG util.py:463:  [SKIPPED] perl-inc-latest-0.500-20.el9.noarch.rpm: Already downloaded                                                                                                                       
DEBUG util.py:463:  [SKIPPED] perl-less-0.03-481.1.el9_6.noarch.rpm: Already downloaded                                                                                                                         
DEBUG util.py:463:  [SKIPPED] perl-lib-0.65-481.1.el9_6.x86_64.rpm: Already downloaded                                                                                                                          
DEBUG util.py:463:  [SKIPPED] perl-libnetcfg-5.32.1-481.1.el9_6.noarch.rpm: Already downloaded                                                                                                                  
DEBUG util.py:463:  [SKIPPED] perl-local-lib-2.000024-13.el9.noarch.rpm: Already downloaded                                                                                                                     
DEBUG util.py:463:  [SKIPPED] perl-locale-1.09-481.1.el9_6.noarch.rpm: Already downloaded                                                                                                                       
DEBUG util.py:463:  [SKIPPED] perl-macros-5.32.1-481.1.el9_6.noarch.rpm: Already downloaded                                                                                                                     
DEBUG util.py:463:  [SKIPPED] perl-meta-notation-5.32.1-481.1.el9_6.noarch.rpm: Already downloaded                                                                                                              
DEBUG util.py:463:  [SKIPPED] perl-open-1.12-481.1.el9_6.noarch.rpm: Already downloaded                                                                                                                         
DEBUG util.py:463:  [SKIPPED] perl-perlfaq-5.20210520-1.el9.noarch.rpm: Already downloaded                                                                                                                      
DEBUG util.py:463:  [SKIPPED] perl-ph-5.32.1-481.1.el9_6.x86_64.rpm: Already downloaded                                                                                                                         
DEBUG util.py:463:  [SKIPPED] perl-sigtrap-1.09-481.1.el9_6.noarch.rpm: Already downloaded                                                                                                                      
DEBUG util.py:463:  [SKIPPED] perl-sort-2.04-481.1.el9_6.noarch.rpm: Already downloaded                                                                                                                         
DEBUG util.py:463:  [SKIPPED] perl-threads-2.25-460.el9.x86_64.rpm: Already downloaded                                                                                                                          
DEBUG util.py:463:  [SKIPPED] perl-threads-shared-1.61-460.el9.x86_64.rpm: Already downloaded                                                                                                                   
DEBUG util.py:463:  [SKIPPED] perl-utils-5.32.1-481.1.el9_6.noarch.rpm: Already downloaded                                                                                                                      
DEBUG util.py:463:  [SKIPPED] perl-version-0.99.28-4.el9.x86_64.rpm: Already downloaded                                                                                                                         
DEBUG util.py:463:  [SKIPPED] perl-vmsish-1.04-481.1.el9_6.noarch.rpm: Already downloaded                                                                                                                       
DEBUG util.py:463:  [SKIPPED] pixman-0.40.0-6.el9_3.x86_64.rpm: Already downloaded                                                                                                                              
DEBUG util.py:463:  [SKIPPED] popt-devel-1.18-8.el9.x86_64.rpm: Already downloaded                                                                                                                              
DEBUG util.py:463:  [SKIPPED] rpm-devel-4.16.1.3-39.el9.x86_64.rpm: Already downloaded                                                                                                                          
DEBUG util.py:463:  [SKIPPED] sqlite-3.34.1-9.el9_7.x86_64.rpm: Already downloaded                                                                                                                              
DEBUG util.py:463:  [SKIPPED] sqlite-devel-3.34.1-9.el9_7.x86_64.rpm: Already downloaded                                                                                                                        
DEBUG util.py:463:  [SKIPPED] sysprof-capture-devel-3.40.1-3.el9.x86_64.rpm: Already downloaded                                                                                                                 
DEBUG util.py:463:  [SKIPPED] systemd-devel-252-55.el9_7.9.alma.1.x86_64.rpm: Already downloaded                                                                                                                
DEBUG util.py:463:  [SKIPPED] systemtap-sdt-devel-5.3-3.el9.x86_64.rpm: Already downloaded                                                                                                                      
DEBUG util.py:463:  [SKIPPED] systemtap-sdt-dtrace-5.3-3.el9.x86_64.rpm: Already downloaded                                                                                                                     
DEBUG util.py:463:  [SKIPPED] tokyocabinet-1.4.48-19.el9.x86_64.rpm: Already downloaded                                                                                                                         
DEBUG util.py:463:  [SKIPPED] unixODBC-2.3.9-4.el9.x86_64.rpm: Already downloaded                                                                                                                               
DEBUG util.py:463:  [SKIPPED] xml-common-0.6.3-58.el9.noarch.rpm: Already downloaded                                                                                                                            
DEBUG util.py:463:  [SKIPPED] xorg-x11-proto-devel-2024.1-1.el9.noarch.rpm: Already downloaded                                                                                                                  
DEBUG util.py:463:  [SKIPPED] xz-devel-5.2.5-8.el9_0.x86_64.rpm: Already downloaded                                                                                                                             
DEBUG util.py:463:  [SKIPPED] zlib-devel-1.2.11-40.el9.x86_64.rpm: Already downloaded                                                                                                                           
DEBUG util.py:463:  [SKIPPED] aspell-0.60.8-8.el9.x86_64.rpm: Already downloaded                                                                                                                                
DEBUG util.py:463:  [SKIPPED] aspell-devel-0.60.8-8.el9.x86_64.rpm: Already downloaded                                                                                                                          
DEBUG util.py:463:  [SKIPPED] enchant-devel-1.6.0-30.el9.x86_64.rpm: Already downloaded                                                                                                                         
DEBUG util.py:463:  [SKIPPED] libtool-ltdl-devel-2.4.6-46.el9.x86_64.rpm: Already downloaded                                                                                                                    
DEBUG util.py:463:  [SKIPPED] tokyocabinet-devel-1.4.48-19.el9.x86_64.rpm: Already downloaded                                                                                                                   
DEBUG util.py:463:  [SKIPPED] unixODBC-devel-2.3.9-4.el9.x86_64.rpm: Already downloaded                                                                                                                         
DEBUG util.py:463:  [SKIPPED] exim-4.99.2-1.el9.x86_64.rpm: Already downloaded                                                                                                                                  
DEBUG util.py:463:  [SKIPPED] firebird-4.0.7.3271-1.el9.x86_64.rpm: Already downloaded                                                                                                                          
DEBUG util.py:463:  [SKIPPED] firebird-devel-4.0.7.3271-1.el9.x86_64.rpm: Already downloaded                                                                                                                    
DEBUG util.py:463:  [SKIPPED] firebird-utils-4.0.7.3271-1.el9.x86_64.rpm: Already downloaded                                                                                                                    
DEBUG util.py:463:  [SKIPPED] freetds-1.4.23-1.el9.x86_64.rpm: Already downloaded                                                                                                                               
DEBUG util.py:463:  [SKIPPED] freetds-devel-1.4.23-1.el9.x86_64.rpm: Already downloaded                                                                                                                         
DEBUG util.py:463:  [SKIPPED] freetds-libs-1.4.23-1.el9.x86_64.rpm: Already downloaded                                                                                                                          
DEBUG util.py:463:  [SKIPPED] highway-1.3.0-1.el9.x86_64.rpm: Already downloaded                                                                                                                                
DEBUG util.py:463:  [SKIPPED] libaom-3.13.1-1.el9.x86_64.rpm: Already downloaded                                                                                                                                
DEBUG util.py:463:  [SKIPPED] libavif-0.11.1-5.el9.x86_64.rpm: Already downloaded                                                                                                                               
DEBUG util.py:463:  [SKIPPED] libavif-devel-0.11.1-5.el9.x86_64.rpm: Already downloaded                                                                                                                         
DEBUG util.py:463:  [SKIPPED] libbsd-0.12.2-1.el9.x86_64.rpm: Already downloaded                                                                                                                                
DEBUG util.py:463:  [SKIPPED] libdav1d-1.5.3-1.el9.x86_64.rpm: Already downloaded                                                                                                                               
DEBUG util.py:463:  [SKIPPED] libfbclient2-4.0.7.3271-1.el9.x86_64.rpm: Already downloaded                                                                                                                      
DEBUG util.py:463:  [SKIPPED] libfbclient2-devel-4.0.7.3271-1.el9.x86_64.rpm: Already downloaded                                                                                                                
DEBUG util.py:463:  [SKIPPED] libgsasl-1.10.0-15.el9.x86_64.rpm: Already downloaded                                                                                                                             
DEBUG util.py:463:  [SKIPPED] libib-util-4.0.7.3271-1.el9.x86_64.rpm: Already downloaded                                                                                                                        
DEBUG util.py:463:  [SKIPPED] libidn-1.38-4.el9.x86_64.rpm: Already downloaded                                                                                                                                  
DEBUG util.py:463:  [SKIPPED] libimagequant-2.17.0-1.el9.x86_64.rpm: Already downloaded                                                                                                                         
DEBUG util.py:463:  [SKIPPED] libimagequant-devel-2.17.0-1.el9.x86_64.rpm: Already downloaded                                                                                                                   
DEBUG util.py:463:  [SKIPPED] libjxl-0.7.2-2.el9.x86_64.rpm: Already downloaded                                                                                                                                 
DEBUG util.py:463:  [SKIPPED] libmcrypt-2.5.8-30.el9.x86_64.rpm: Already downloaded                                                                                                                             
DEBUG util.py:463:  [SKIPPED] libmcrypt-devel-2.5.8-30.el9.x86_64.rpm: Already downloaded                                                                                                                       
DEBUG util.py:463:  [SKIPPED] libmd-1.2.0-1.el9.x86_64.rpm: Already downloaded                                                                                                                                  
DEBUG util.py:463:  [SKIPPED] libntlm-1.6-4.el9.x86_64.rpm: Already downloaded                                                                                                                                  
DEBUG util.py:463:  [SKIPPED] libopendmarc-1.4.2-33.el9.x86_64.rpm: Already downloaded                                                                                                                          
DEBUG util.py:463:  [SKIPPED] libraqm-0.8.0-1.el9.x86_64.rpm: Already downloaded                                                                                                                                
DEBUG util.py:463:  [SKIPPED] libraqm-devel-0.8.0-1.el9.x86_64.rpm: Already downloaded                                                                                                                          
DEBUG util.py:463:  [SKIPPED] libspf2-1.2.11-11.20210922git4915c308.el9.x86_64.rpm: Already downloaded                                                                                                          
DEBUG util.py:463:  [SKIPPED] libtidy-5.8.0-2.el9.x86_64.rpm: Already downloaded                                                                                                                                
DEBUG util.py:463:  [SKIPPED] libtidy-devel-5.8.0-2.el9.x86_64.rpm: Already downloaded                                                                                                                          
DEBUG util.py:463:  [SKIPPED] libtomcrypt-1.18.2-12.el9.x86_64.rpm: Already downloaded                                                                                                                          
DEBUG util.py:463:  [SKIPPED] libtommath-1.2.0-10.el9.x86_64.rpm: Already downloaded                                                                                                                            
DEBUG util.py:463:  [SKIPPED] libvmaf-2.3.0-2.el9.x86_64.rpm: Already downloaded                                                                                                                                
DEBUG util.py:463:  [SKIPPED] rav1e-libs-0.8.1-2.el9.x86_64.rpm: Already downloaded                                                                                                                             
DEBUG util.py:463:  [SKIPPED] recode-3.7.11-1.el9.x86_64.rpm: Already downloaded                                                                                                                                
DEBUG util.py:463:  [SKIPPED] recode-devel-3.7.11-1.el9.x86_64.rpm: Already downloaded                                                                                                                          
DEBUG util.py:463:  [SKIPPED] svt-av1-libs-0.9.0-1.el9.x86_64.rpm: Already downloaded                                                                                                                           
DEBUG util.py:463:  [SKIPPED] t1lib-5.1.2-31.el9.x86_64.rpm: Already downloaded                                                                                                                                 
DEBUG util.py:463:  [SKIPPED] t1lib-devel-5.1.2-31.el9.x86_64.rpm: Already downloaded                                                                                                                           
DEBUG util.py:463:  [SKIPPED] gd3php-2.3.3-9.el9.remi.x86_64.rpm: Already downloaded                                                                                                                            
DEBUG util.py:463:  [SKIPPED] gd3php-devel-2.3.3-9.el9.remi.x86_64.rpm: Already downloaded                                                                                                                      
DEBUG util.py:463:  [SKIPPED] libc-client-2007f-30.el9.remi.x86_64.rpm: Already downloaded                                                                                                                      
DEBUG util.py:463:  [SKIPPED] libicu69-69.1-4.el9.remi.x86_64.rpm: Already downloaded                                                                                                                           
DEBUG util.py:463:  [SKIPPED] libicu69-devel-69.1-4.el9.remi.x86_64.rpm: Already downloaded                                                                                                                     
DEBUG util.py:463:  [SKIPPED] uw-imap-devel-2007f-30.el9.remi.x86_64.rpm: Already downloaded                                                                                                                    
DEBUG util.py:463:  Running transaction check
DEBUG util.py:463:  Transaction check succeeded.
DEBUG util.py:463:  Running transaction test
DEBUG util.py:463:  Transaction test succeeded.
DEBUG util.py:463:  Running transaction
DEBUG util.py:463:    Preparing        :                                                                                                                                                                     1/1 
DEBUG util.py:463:    Installing       : perl-File-Find-1.37-481.1.el9_6.noarch                                                                                                                            1/392 
DEBUG util.py:463:    Installing       : perl-File-Copy-2.34-481.1.el9_6.noarch                                                                                                                            2/392 
DEBUG util.py:463:    Installing       : zlib-devel-1.2.11-40.el9.x86_64                                                                                                                                   3/392 
DEBUG util.py:463:    Installing       : perl-File-Compare-1.100.600-481.1.el9_6.noarch                                                                                                                    4/392 
DEBUG util.py:463:    Installing       : perl-DynaLoader-1.47-481.1.el9_6.x86_64                                                                                                                           5/392 
DEBUG util.py:463:    Installing       : expat-2.5.0-5.el9_7.1.x86_64                                                                                                                                      6/392 
DEBUG util.py:463:    Installing       : perl-ExtUtils-Manifest-1:1.73-4.el9.noarch                                                                                                                        7/392 
DEBUG util.py:463:    Installing       : perl-threads-1:2.25-460.el9.x86_64                                                                                                                                8/392 
DEBUG util.py:463:    Installing       : perl-threads-shared-1.61-460.el9.x86_64                                                                                                                           9/392 
DEBUG util.py:463:    Installing       : perl-Time-HiRes-4:1.9764-462.el9.x86_64                                                                                                                          10/392 
DEBUG util.py:463:    Installing       : perl-lib-0.65-481.1.el9_6.x86_64                                                                                                                                 11/392 
DEBUG util.py:463:    Installing       : perl-ExtUtils-ParseXS-1:3.40-460.el9.noarch                                                                                                                      12/392 
DEBUG util.py:463:    Installing       : perl-Compress-Raw-Zlib-2.101-5.el9.x86_64                                                                                                                        13/392 
DEBUG util.py:463:    Installing       : apr-1.7.0-12.el9_3.x86_64                                                                                                                                        14/392 
DEBUG util.py:463:    Installing       : apr-util-bdb-1.6.1-23.el9.x86_64                                                                                                                                 15/392 
DEBUG util.py:463:    Installing       : apr-util-1.6.1-23.el9.x86_64                                                                                                                                     16/392 
DEBUG util.py:463:    Installing       : libpng-2:1.6.37-12.el9_7.4.x86_64                                                                                                                                17/392 
DEBUG util.py:463:    Installing       : libtommath-1.2.0-10.el9.x86_64                                                                                                                                   18/392 
DEBUG util.py:463:    Installing       : libfbclient2-4.0.7.3271-1.el9.x86_64                                                                                                                             19/392 
DEBUG util.py:463:    Installing       : unixODBC-2.3.9-4.el9.x86_64                                                                                                                                      20/392 
DEBUG util.py:463:    Installing       : perl-meta-notation-5.32.1-481.1.el9_6.noarch                                                                                                                     21/392 
DEBUG util.py:463:    Installing       : perl-locale-1.09-481.1.el9_6.noarch                                                                                                                              22/392 
DEBUG util.py:463:    Installing       : perl-version-7:0.99.28-4.el9.x86_64                                                                                                                              23/392 
DEBUG util.py:463:    Installing       : perl-CPAN-Meta-Requirements-2.140-461.el9.noarch                                                                                                                 24/392 
DEBUG util.py:463:    Installing       : perl-Module-CoreList-1:5.20240609-1.el9.noarch                                                                                                                   25/392 
DEBUG util.py:463:    Installing       : perl-Module-Metadata-1.000037-460.el9.noarch                                                                                                                     26/392 
DEBUG util.py:463:    Installing       : perl-Unicode-Normalize-1.27-461.el9.x86_64                                                                                                                       27/392 
DEBUG util.py:463:    Installing       : perl-Tie-4.6-481.1.el9_6.noarch                                                                                                                                  28/392 
DEBUG util.py:463:    Installing       : perl-Term-ReadLine-1.17-481.1.el9_6.noarch                                                                                                                       29/392 
DEBUG util.py:463:    Installing       : perl-Perl-OSType-1.010-461.el9.noarch                                                                                                                            30/392 
DEBUG util.py:463:    Installing       : perl-Module-Load-1:0.36-4.el9.noarch                                                                                                                             31/392 
DEBUG util.py:463:    Installing       : perl-Digest-SHA-1:6.02-461.el9.x86_64                                                                                                                            32/392 
DEBUG util.py:463:    Installing       : perl-Devel-Peek-1.28-481.1.el9_6.x86_64                                                                                                                          33/392 
DEBUG util.py:463:    Installing       : libzstd-devel-1.5.5-1.el9.x86_64                                                                                                                                 34/392 
DEBUG util.py:463:    Installing       : libwebp-1.2.0-8.el9_3.x86_64                                                                                                                                     35/392 
DEBUG util.py:463:    Installing       : libmpc-1.2.1-4.el9.x86_64                                                                                                                                        36/392 
DEBUG util.py:463:    Installing       : libjpeg-turbo-2.0.90-7.el9.x86_64                                                                                                                                37/392 
DEBUG util.py:463:    Installing       : cmake-filesystem-3.26.5-3.el9_7.x86_64                                                                                                                           38/392 
DEBUG util.py:463:    Installing       : nettle-3.10.1-1.el9.x86_64                                                                                                                                       39/392 
DEBUG util.py:463:    Installing       : gnutls-3.8.3-10.el9_7.x86_64                                                                                                                                     40/392 
DEBUG util.py:463:    Installing       : glib2-2.68.4-18.el9_7.2.x86_64                                                                                                                                   41/392 
DEBUG util.py:463:    Installing       : libedit-3.1-38.20210216cvs.el9.x86_64                                                                                                                            42/392 
DEBUG util.py:463:    Installing       : elfutils-libelf-devel-0.193-1.el9.alma.1.x86_64                                                                                                                  43/392 
DEBUG util.py:463:    Installing       : perl-Dumpvalue-2.27-481.1.el9_6.noarch                                                                                                                           44/392 
DEBUG util.py:463:    Installing       : perl-Pod-Html-1.25-481.1.el9_6.noarch                                                                                                                            45/392 
DEBUG util.py:463:    Installing       : libpng-devel-2:1.6.37-12.el9_7.4.x86_64                                                                                                                          46/392 
DEBUG util.py:463:    Installing       : apr-devel-1.7.0-12.el9_3.x86_64                                                                                                                                  47/392 
DEBUG util.py:463:    Installing       : perl-Net-Ping-2.74-5.el9.noarch                                                                                                                                  48/392 
DEBUG util.py:463:    Installing       : perl-Thread-Queue-3.14-460.el9.noarch                                                                                                                            49/392 
DEBUG util.py:463:    Installing       : perl-ExtUtils-Command-2:7.60-3.el9.noarch                                                                                                                        50/392 
DEBUG util.py:463:    Installing       : libspf2-1.2.11-11.20210922git4915c308.el9.x86_64                                                                                                                 51/392 
DEBUG util.py:463:    Installing       : libimagequant-2.17.0-1.el9.x86_64                                                                                                                                52/392 
DEBUG util.py:463:    Installing       : xz-devel-5.2.5-8.el9_0.x86_64                                                                                                                                    53/392 
DEBUG util.py:463:    Installing       : libxml2-devel-2.9.13-14.el9_7.x86_64                                                                                                                             54/392 
DEBUG util.py:463:    Installing       : xorg-x11-proto-devel-2024.1-1.el9.noarch                                                                                                                         55/392 
DEBUG util.py:463:    Installing       : perl-doc-5.32.1-481.1.el9_6.noarch                                                                                                                               56/392 
DEBUG util.py:463:    Installing       : perl-autouse-1.11-481.1.el9_6.noarch                                                                                                                             57/392 
DEBUG util.py:463:    Installing       : perl-User-pwent-1.03-481.1.el9_6.noarch                                                                                                                          58/392 
DEBUG util.py:463:    Installing       : perl-Tie-RefHash-1.40-4.el9.noarch                                                                                                                               59/392 
DEBUG util.py:463:    Installing       : perl-Text-Balanced-2.04-4.el9.noarch                                                                                                                             60/392 
DEBUG util.py:463:    Installing       : perl-Sys-Hostname-1.23-481.1.el9_6.x86_64                                                                                                                        61/392 
DEBUG util.py:463:    Installing       : perl-Sub-Install-0.928-28.el9.noarch                                                                                                                             62/392 
DEBUG util.py:463:    Installing       : perl-SelfLoader-1.26-481.1.el9_6.noarch                                                                                                                          63/392 
DEBUG util.py:463:    Installing       : perl-Params-Util-1.102-5.el9.x86_64                                                                                                                              64/392 
DEBUG util.py:463:    Installing       : perl-Opcode-1.48-481.1.el9_6.x86_64                                                                                                                              65/392 
DEBUG util.py:463:    Installing       : perl-Safe-2.41-481.1.el9_6.noarch                                                                                                                                66/392 
DEBUG util.py:463:    Installing       : perl-NDBM_File-1.15-481.1.el9_6.x86_64                                                                                                                           67/392 
DEBUG util.py:463:    Installing       : perl-Math-Complex-1.59-481.1.el9_6.noarch                                                                                                                        68/392 
DEBUG util.py:463:    Installing       : perl-Math-BigInt-1:1.9998.18-460.el9.noarch                                                                                                                      69/392 
DEBUG util.py:463:    Installing       : perl-JSON-PP-1:4.06-4.el9.noarch                                                                                                                                 70/392 
DEBUG util.py:463:    Installing       : perl-Math-BigRat-0.2614-460.el9.noarch                                                                                                                           71/392 
DEBUG util.py:463:    Installing       : perl-I18N-LangTags-0.44-481.1.el9_6.noarch                                                                                                                       72/392 
DEBUG util.py:463:    Installing       : perl-Locale-Maketext-1.29-461.el9.noarch                                                                                                                         73/392 
DEBUG util.py:463:    Installing       : perl-Locale-Maketext-Simple-1:0.21-481.1.el9_6.noarch                                                                                                            74/392 
DEBUG util.py:463:    Installing       : perl-Params-Check-1:0.38-461.el9.noarch                                                                                                                          75/392 
DEBUG util.py:463:    Installing       : perl-Module-Load-Conditional-0.74-4.el9.noarch                                                                                                                   76/392 
DEBUG util.py:463:    Installing       : perl-Hash-Util-FieldHash-1.20-481.1.el9_6.x86_64                                                                                                                 77/392 
DEBUG util.py:463:    Installing       : perl-Hash-Util-0.23-481.1.el9_6.x86_64                                                                                                                           78/392 
DEBUG util.py:463:    Installing       : perl-ExtUtils-MM-Utils-2:7.60-3.el9.noarch                                                                                                                       79/392 
DEBUG util.py:463:    Installing       : perl-IPC-Cmd-2:1.04-461.el9.noarch                                                                                                                               80/392 
DEBUG util.py:463:    Installing       : perl-ExtUtils-Constant-0.25-481.1.el9_6.noarch                                                                                                                   81/392 
DEBUG util.py:463:    Installing       : perl-DirHandle-1.05-481.1.el9_6.noarch                                                                                                                           82/392 
DEBUG util.py:463:    Installing       : perl-Devel-PPPort-3.62-4.el9.x86_64                                                                                                                              83/392 
DEBUG util.py:463:    Installing       : perl-Compress-Raw-Bzip2-2.101-5.el9.x86_64                                                                                                                       84/392 
DEBUG util.py:463:    Installing       : perl-IO-Compress-2.102-4.el9.noarch                                                                                                                              85/392 
DEBUG util.py:463:    Installing       : perl-IO-Zlib-1:1.11-4.el9.noarch                                                                                                                                 86/392 
DEBUG util.py:463:    Installing       : perl-CPAN-Meta-YAML-0.018-461.el9.noarch                                                                                                                         87/392 
DEBUG util.py:463:    Installing       : perl-CPAN-Meta-2.150010-460.el9.noarch                                                                                                                           88/392 
DEBUG util.py:463:    Installing       : perl-Benchmark-1.23-481.1.el9_6.noarch                                                                                                                           89/392 
DEBUG util.py:463:    Installing       : perl-Test-Harness-1:3.42-461.el9.noarch                                                                                                                          90/392 
DEBUG util.py:463:    Installing       : perl-AutoSplit-5.74-481.1.el9_6.noarch                                                                                                                           91/392 
DEBUG util.py:463:    Installing       : net-snmp-libs-1:5.9.1-17.el9_7.1.x86_64                                                                                                                          92/392 
DEBUG util.py:463:    Installing       : m4-1.4.19-1.el9.x86_64                                                                                                                                           93/392 
DEBUG util.py:463:    Installing       : lm_sensors-libs-3.6.0-10.el9.x86_64                                                                                                                              94/392 
DEBUG util.py:463:    Installing       : libXau-1.0.9-8.el9.x86_64                                                                                                                                        95/392 
DEBUG util.py:463:    Installing       : libxcb-1.13.1-9.el9.x86_64                                                                                                                                       96/392 
DEBUG util.py:463:    Installing       : libICE-1.0.10-8.el9.x86_64                                                                                                                                       97/392 
DEBUG util.py:463:    Installing       : glibc-headers-2.34-231.el9_7.10.x86_64                                                                                                                           98/392 
DEBUG util.py:463:    Installing       : fribidi-1.0.10-6.el9.2.x86_64                                                                                                                                    99/392 
DEBUG util.py:463:    Installing       : emacs-filesystem-1:27.2-18.el9.noarch                                                                                                                           100/392 
DEBUG util.py:463:    Installing       : autoconf-2.69-41.el9.noarch                                                                                                                                     101/392 
DEBUG util.py:463:    Installing       : automake-1.16.2-8.el9.noarch                                                                                                                                    102/392 
DEBUG util.py:463:    Installing       : make-1:4.3-8.el9.x86_64                                                                                                                                         103/392 
DEBUG util.py:463:    Installing       : graphite2-1.3.14-9.el9.x86_64                                                                                                                                   104/392 
DEBUG util.py:463:    Installing       : harfbuzz-2.7.4-10.el9.x86_64                                                                                                                                    105/392 
DEBUG util.py:463:    Installing       : freetype-2.10.4-10.el9_5.x86_64                                                                                                                                 106/392 
DEBUG util.py:463:    Installing       : libraqm-0.8.0-1.el9.x86_64                                                                                                                                      107/392 
DEBUG util.py:463:    Installing       : fonts-filesystem-1:2.0.5-7.el9.1.noarch                                                                                                                         108/392 
DEBUG util.py:463:    Installing       : dejavu-sans-fonts-2.37-18.el9.noarch                                                                                                                            109/392 
DEBUG util.py:463:    Installing       : langpacks-core-font-en-3.0-16.el9.noarch                                                                                                                        110/392 
DEBUG util.py:463:    Installing       : graphite2-devel-1.3.14-9.el9.x86_64                                                                                                                             111/392 
DEBUG util.py:463:    Installing       : libidn-1.38-4.el9.x86_64                                                                                                                                        112/392 
DEBUG util.py:463:    Installing       : fribidi-devel-1.0.10-6.el9.2.x86_64                                                                                                                             113/392 
DEBUG util.py:463:    Installing       : libattr-devel-2.5.1-3.el9.x86_64                                                                                                                                114/392 
DEBUG util.py:463:    Installing       : libSM-1.2.3-10.el9.x86_64                                                                                                                                       115/392 
DEBUG util.py:463:    Installing       : libXau-devel-1.0.9-8.el9.x86_64                                                                                                                                 116/392 
DEBUG util.py:463:    Installing       : libxcb-devel-1.13.1-9.el9.x86_64                                                                                                                                117/392 
DEBUG util.py:463:    Installing       : lm_sensors-devel-3.6.0-10.el9.x86_64                                                                                                                            118/392 
DEBUG util.py:463:    Installing       : perl-DBM_Filter-0.06-481.1.el9_6.noarch                                                                                                                         119/392 
DEBUG util.py:463:    Installing       : perl-File-Fetch-1.00-4.el9.noarch                                                                                                                               120/392 
DEBUG util.py:463:    Installing       : perl-fields-2.27-481.1.el9_6.noarch                                                                                                                             121/392 
DEBUG util.py:463:    Installing       : perl-bignum-0.51-460.el9.noarch                                                                                                                                 122/392 
DEBUG util.py:463:    Installing       : perl-Math-BigInt-FastCalc-0.500.900-460.el9.x86_64                                                                                                              123/392 
DEBUG util.py:463:    Installing       : perl-Memoize-1.03-481.1.el9_6.noarch                                                                                                                            124/392 
DEBUG util.py:463:    Installing       : perl-Data-OptList-0.110-17.el9.noarch                                                                                                                           125/392 
DEBUG util.py:463:    Installing       : perl-Devel-SelfStubber-1.06-481.1.el9_6.noarch                                                                                                                  126/392 
DEBUG util.py:463:    Installing       : elfutils-devel-0.193-1.el9.alma.1.x86_64                                                                                                                        127/392 
DEBUG util.py:463:    Installing       : libimagequant-devel-2.17.0-1.el9.x86_64                                                                                                                         128/392 
DEBUG util.py:463:    Installing       : firebird-utils-4.0.7.3271-1.el9.x86_64                                                                                                                          129/392 
DEBUG util.py:463:    Installing       : shared-mime-info-2.1-5.el9.x86_64                                                                                                                               130/392 
DEBUG util.py:463:    Running scriptlet: shared-mime-info-2.1-5.el9.x86_64                                                                                                                               130/392 
DEBUG util.py:463:    Installing       : freetds-1.4.23-1.el9.x86_64                                                                                                                                     131/392 
DEBUG util.py:463:    Installing       : freetds-libs-1.4.23-1.el9.x86_64                                                                                                                                132/392 
DEBUG util.py:463:    Installing       : libjpeg-turbo-devel-2.0.90-7.el9.x86_64                                                                                                                         133/392 
DEBUG util.py:463:    Installing       : cpp-11.5.0-11.el9.alma.1.x86_64                                                                                                                                 134/392 
DEBUG util.py:463:    Installing       : libwebp-devel-1.2.0-8.el9_3.x86_64                                                                                                                              135/392 
DEBUG util.py:463:    Installing       : perl-debugger-1.56-481.1.el9_6.noarch                                                                                                                           136/392 
DEBUG util.py:463:    Installing       : perl-Env-1.04-460.el9.noarch                                                                                                                                    137/392 
DEBUG util.py:463:    Installing       : perl-Unicode-Collate-1.29-4.el9.x86_64                                                                                                                          138/392 
DEBUG util.py:463:    Installing       : perl-Unicode-UCD-0.75-481.1.el9_6.noarch                                                                                                                        139/392 
DEBUG util.py:463:    Installing       : perl-Module-CoreList-tools-1:5.20240609-1.el9.noarch                                                                                                            140/392 
DEBUG util.py:463:    Installing       : perl-experimental-0.022-6.el9.noarch                                                                                                                            141/392 
DEBUG util.py:463:    Installing       : perl-sigtrap-1.09-481.1.el9_6.noarch                                                                                                                            142/392 
DEBUG util.py:463:    Installing       : libtomcrypt-1.18.2-12.el9.x86_64                                                                                                                                143/392 
DEBUG util.py:463:    Installing       : httpd-tools-2.4.62-7.el9_7.3.x86_64                                                                                                                             144/392 
DEBUG util.py:463:    Installing       : perl-Archive-Zip-1.68-6.el9.noarch                                                                                                                              145/392 
DEBUG util.py:463:    Installing       : perl-Thread-3.05-481.1.el9_6.noarch                                                                                                                             146/392 
DEBUG util.py:463:    Installing       : perl-Thread-Semaphore-2.13-481.1.el9_6.noarch                                                                                                                   147/392 
DEBUG util.py:463:    Installing       : expat-devel-2.5.0-5.el9_7.1.x86_64                                                                                                                              148/392 
DEBUG util.py:463:    Installing       : perl-Digest-SHA1-2.13-34.el9.x86_64                                                                                                                             149/392 
DEBUG util.py:463:    Installing       : libicu69-69.1-4.el9.remi.x86_64                                                                                                                                 150/392 
DEBUG util.py:463:    Installing       : libicu69-devel-69.1-4.el9.remi.x86_64                                                                                                                           151/392 
DEBUG util.py:463:    Installing       : libc-client-2007f-30.el9.remi.x86_64                                                                                                                            152/392 
DEBUG util.py:463:    Installing       : svt-av1-libs-0.9.0-1.el9.x86_64                                                                                                                                 153/392 
DEBUG util.py:463:    Installing       : recode-3.7.11-1.el9.x86_64                                                                                                                                      154/392 
DEBUG util.py:463:    Installing       : rav1e-libs-0.8.1-2.el9.x86_64                                                                                                                                   155/392 
DEBUG util.py:463:    Installing       : libvmaf-2.3.0-2.el9.x86_64                                                                                                                                      156/392 
DEBUG util.py:463:    Installing       : libtidy-5.8.0-2.el9.x86_64                                                                                                                                      157/392 
DEBUG util.py:463:    Installing       : libntlm-1.6-4.el9.x86_64                                                                                                                                        158/392 
DEBUG util.py:463:    Installing       : libgsasl-1.10.0-15.el9.x86_64                                                                                                                                   159/392 
DEBUG util.py:463:    Installing       : libmd-1.2.0-1.el9.x86_64                                                                                                                                        160/392 
DEBUG util.py:463:    Installing       : libbsd-0.12.2-1.el9.x86_64                                                                                                                                      161/392 
DEBUG util.py:463:    Installing       : libopendmarc-1.4.2-33.el9.x86_64                                                                                                                                162/392 
DEBUG util.py:463:    Installing       : libmcrypt-2.5.8-30.el9.x86_64                                                                                                                                   163/392 
DEBUG util.py:463:    Installing       : libib-util-4.0.7.3271-1.el9.x86_64                                                                                                                              164/392 
DEBUG util.py:463:    Running scriptlet: firebird-4.0.7.3271-1.el9.x86_64                                                                                                                                165/392 
DEBUG util.py:463:    Installing       : firebird-4.0.7.3271-1.el9.x86_64                                                                                                                                165/392 
DEBUG util.py:463:    Running scriptlet: firebird-4.0.7.3271-1.el9.x86_64                                                                                                                                165/392 
DEBUG util.py:463:    Installing       : libfbclient2-devel-4.0.7.3271-1.el9.x86_64                                                                                                                      166/392 
DEBUG util.py:463:    Installing       : firebird-devel-4.0.7.3271-1.el9.x86_64                                                                                                                          167/392 
DEBUG util.py:463:    Installing       : libdav1d-1.5.3-1.el9.x86_64                                                                                                                                     168/392 
DEBUG util.py:463:    Installing       : highway-1.3.0-1.el9.x86_64                                                                                                                                      169/392 
DEBUG util.py:463:    Installing       : libjxl-0.7.2-2.el9.x86_64                                                                                                                                       170/392 
DEBUG util.py:463:    Installing       : libaom-3.13.1-1.el9.x86_64                                                                                                                                      171/392 
DEBUG util.py:463:    Installing       : libavif-0.11.1-5.el9.x86_64                                                                                                                                     172/392 
DEBUG util.py:463:    Installing       : libavif-devel-0.11.1-5.el9.x86_64                                                                                                                               173/392 
DEBUG util.py:463:    Installing       : aspell-12:0.60.8-8.el9.x86_64                                                                                                                                   174/392 
DEBUG util.py:463:    Running scriptlet: xml-common-0.6.3-58.el9.noarch                                                                                                                                  175/392 
DEBUG util.py:463:    Installing       : xml-common-0.6.3-58.el9.noarch                                                                                                                                  175/392 
DEBUG util.py:463:    Installing       : fontconfig-2.14.0-2.el9_1.x86_64                                                                                                                                176/392 
DEBUG util.py:463:    Running scriptlet: fontconfig-2.14.0-2.el9_1.x86_64                                                                                                                                176/392 
DEBUG util.py:463:    Installing       : tokyocabinet-1.4.48-19.el9.x86_64                                                                                                                               177/392 
DEBUG util.py:463:    Installing       : sysprof-capture-devel-3.40.1-3.el9.x86_64                                                                                                                       178/392 
DEBUG util.py:463:    Installing       : sqlite-3.34.1-9.el9_7.x86_64                                                                                                                                    179/392 
DEBUG util.py:463:    Installing       : popt-devel-1.18-8.el9.x86_64                                                                                                                                    180/392 
DEBUG util.py:463:    Installing       : pixman-0.40.0-6.el9_3.x86_64                                                                                                                                    181/392 
DEBUG util.py:463:    Installing       : perl-vmsish-1.04-481.1.el9_6.noarch                                                                                                                             182/392 
DEBUG util.py:463:    Installing       : perl-utils-5.32.1-481.1.el9_6.noarch                                                                                                                            183/392 
DEBUG util.py:463:    Installing       : perl-sort-2.04-481.1.el9_6.noarch                                                                                                                               184/392 
DEBUG util.py:463:    Installing       : perl-ph-5.32.1-481.1.el9_6.x86_64                                                                                                                               185/392 
DEBUG util.py:463:    Installing       : perl-perlfaq-5.20210520-1.el9.noarch                                                                                                                            186/392 
DEBUG util.py:463:    Installing       : perl-macros-4:5.32.1-481.1.el9_6.noarch                                                                                                                         187/392 
DEBUG util.py:463:    Installing       : perl-local-lib-2.000024-13.el9.noarch                                                                                                                           188/392 
DEBUG util.py:463:    Installing       : perl-less-0.03-481.1.el9_6.noarch                                                                                                                               189/392 
DEBUG util.py:463:    Installing       : perl-filetest-1.03-481.1.el9_6.noarch                                                                                                                           190/392 
DEBUG util.py:463:    Installing       : perl-encoding-warnings-0.13-481.1.el9_6.noarch                                                                                                                  191/392 
DEBUG util.py:463:    Installing       : perl-diagnostics-1.37-481.1.el9_6.noarch                                                                                                                        192/392 
DEBUG util.py:463:    Installing       : perl-deprecate-0.04-481.1.el9_6.noarch                                                                                                                          193/392 
DEBUG util.py:463:    Installing       : perl-blib-1.07-481.1.el9_6.noarch                                                                                                                               194/392 
DEBUG util.py:463:    Installing       : perl-Time-Piece-1.3401-481.1.el9_6.x86_64                                                                                                                       195/392 
DEBUG util.py:463:    Installing       : perl-Time-1.03-481.1.el9_6.noarch                                                                                                                               196/392 
DEBUG util.py:463:    Installing       : perl-Tie-Memoize-1.1-481.1.el9_6.noarch                                                                                                                         197/392 
DEBUG util.py:463:    Installing       : perl-Tie-File-1.06-481.1.el9_6.noarch                                                                                                                           198/392 
DEBUG util.py:463:    Installing       : perl-Text-Template-1.59-5.el9.noarch                                                                                                                            199/392 
DEBUG util.py:463:    Installing       : perl-Text-Glob-0.11-15.el9.noarch                                                                                                                               200/392 
DEBUG util.py:463:    Installing       : perl-Text-Abbrev-1.02-481.1.el9_6.noarch                                                                                                                        201/392 
DEBUG util.py:463:    Installing       : perl-Test-1.31-481.1.el9_6.noarch                                                                                                                               202/392 
DEBUG util.py:463:    Installing       : perl-Term-Complete-1.403-481.1.el9_6.noarch                                                                                                                     203/392 
DEBUG util.py:463:    Installing       : perl-Sys-Syslog-0.36-461.el9.x86_64                                                                                                                             204/392 
DEBUG util.py:463:    Installing       : perl-Search-Dict-1.07-481.1.el9_6.noarch                                                                                                                        205/392 
DEBUG util.py:463:    Installing       : perl-Pod-Functions-1.13-481.1.el9_6.noarch                                                                                                                      206/392 
DEBUG util.py:463:    Installing       : perl-Pod-Checker-4:1.74-4.el9.noarch                                                                                                                            207/392 
DEBUG util.py:463:    Installing       : perl-PerlIO-via-QuotedPrint-0.09-4.el9.noarch                                                                                                                   208/392 
DEBUG util.py:463:    Installing       : perl-Package-Generator-1.106-23.el9.noarch                                                                                                                      209/392 
DEBUG util.py:463:    Installing       : perl-Sub-Exporter-0.987-27.el9.noarch                                                                                                                           210/392 
DEBUG util.py:463:    Installing       : perl-Object-HashBase-0.009-7.el9.noarch                                                                                                                         211/392 
DEBUG util.py:463:    Installing       : perl-ODBM_File-1.16-481.1.el9_6.x86_64                                                                                                                          212/392 
DEBUG util.py:463:    Installing       : perl-Net-1.02-481.1.el9_6.noarch                                                                                                                                213/392 
DEBUG util.py:463:    Installing       : perl-NEXT-0.67-481.1.el9_6.noarch                                                                                                                               214/392 
DEBUG util.py:463:    Installing       : perl-Module-Loaded-1:0.08-481.1.el9_6.noarch                                                                                                                    215/392 
DEBUG util.py:463:    Installing       : perl-MRO-Compat-0.13-15.el9.noarch                                                                                                                              216/392 
DEBUG util.py:463:    Installing       : perl-Data-Section-0.200007-14.el9.noarch                                                                                                                        217/392 
DEBUG util.py:463:    Installing       : perl-Software-License-0.103014-12.el9.noarch                                                                                                                    218/392 
DEBUG util.py:463:    Installing       : perl-Importer-0.026-4.el9.noarch                                                                                                                                219/392 
DEBUG util.py:463:    Installing       : perl-Term-Table-0.015-8.el9.noarch                                                                                                                              220/392 
DEBUG util.py:463:    Installing       : perl-Test-Simple-3:1.302183-4.el9.noarch                                                                                                                        221/392 
DEBUG util.py:463:    Installing       : perl-IPC-System-Simple-1.30-6.el9.noarch                                                                                                                        222/392 
DEBUG util.py:463:    Installing       : perl-autodie-2.34-4.el9.noarch                                                                                                                                  223/392 
DEBUG util.py:463:    Installing       : perl-IPC-SysV-2.09-4.el9.x86_64                                                                                                                                 224/392 
DEBUG util.py:463:    Installing       : perl-I18N-Langinfo-0.19-481.1.el9_6.x86_64                                                                                                                      225/392 
DEBUG util.py:463:    Installing       : perl-I18N-Collate-1.02-481.1.el9_6.noarch                                                                                                                       226/392 
DEBUG util.py:463:    Installing       : perl-GDBM_File-1.18-481.1.el9_6.x86_64                                                                                                                          227/392 
DEBUG util.py:463:    Installing       : perl-FindBin-1.51-481.1.el9_6.noarch                                                                                                                            228/392 
DEBUG util.py:463:    Installing       : perl-FileCache-1.10-481.1.el9_6.noarch                                                                                                                          229/392 
DEBUG util.py:463:    Installing       : perl-File-Which-1.23-10.el9.noarch                                                                                                                              230/392 
DEBUG util.py:463:    Installing       : perl-File-HomeDir-1.006-4.el9.noarch                                                                                                                            231/392 
DEBUG util.py:463:    Installing       : perl-File-DosGlob-1.12-481.1.el9_6.x86_64                                                                                                                       232/392 
DEBUG util.py:463:    Installing       : perl-English-1.11-481.1.el9_6.noarch                                                                                                                            233/392 
DEBUG util.py:463:    Installing       : perl-Devel-Size-0.83-10.el9.x86_64                                                                                                                              234/392 
DEBUG util.py:463:    Installing       : perl-DB_File-1.855-4.el9.x86_64                                                                                                                                 235/392 
DEBUG util.py:463:    Installing       : perl-Config-Perl-V-0.33-4.el9.noarch                                                                                                                            236/392 
DEBUG util.py:463:    Installing       : perl-Config-Extensions-0.03-481.1.el9_6.noarch                                                                                                                  237/392 
DEBUG util.py:463:    Installing       : perl-Compress-Raw-Lzma-2.101-3.el9.x86_64                                                                                                                       238/392 
DEBUG util.py:463:    Installing       : perl-IO-Compress-Lzma-2.101-4.el9.noarch                                                                                                                        239/392 
DEBUG util.py:463:    Installing       : perl-Compress-Bzip2-2.28-5.el9.x86_64                                                                                                                           240/392 
DEBUG util.py:463:    Installing       : perl-Attribute-Handlers-1.01-481.1.el9_6.noarch                                                                                                                 241/392 
DEBUG util.py:463:    Installing       : perl-Algorithm-Diff-1.2010-4.el9.noarch                                                                                                                         242/392 
DEBUG util.py:463:    Installing       : perl-Text-Diff-1.45-13.el9.noarch                                                                                                                               243/392 
DEBUG util.py:463:    Installing       : perl-Archive-Tar-2.38-6.el9.noarch                                                                                                                              244/392 
DEBUG util.py:463:    Installing       : pcre2-utf32-10.40-6.el9.x86_64                                                                                                                                  245/392 
DEBUG util.py:463:    Installing       : pcre2-utf16-10.40-6.el9.x86_64                                                                                                                                  246/392 
DEBUG util.py:463:    Installing       : pcre2-devel-10.40-6.el9.x86_64                                                                                                                                  247/392 
DEBUG util.py:463:    Installing       : pcre-utf32-8.44-4.el9.x86_64                                                                                                                                    248/392 
DEBUG util.py:463:    Installing       : pcre-utf16-8.44-4.el9.x86_64                                                                                                                                    249/392 
DEBUG util.py:463:    Installing       : pcre-cpp-8.44-4.el9.x86_64                                                                                                                                      250/392 
DEBUG util.py:463:    Installing       : pcre-devel-8.44-4.el9.x86_64                                                                                                                                    251/392 
DEBUG util.py:463:    Installing       : openssl-devel-1:3.5.1-7.el9_7.x86_64                                                                                                                            252/392 
DEBUG util.py:463:    Installing       : ncurses-c++-libs-6.2-12.20210508.el9.x86_64                                                                                                                     253/392 
DEBUG util.py:463:    Installing       : ncurses-devel-6.2-12.20210508.el9.x86_64                                                                                                                        254/392 
DEBUG util.py:463:    Installing       : mariadb-connector-c-config-3.2.6-1.el9_0.noarch                                                                                                                 255/392 
DEBUG util.py:463:    Installing       : mariadb-connector-c-3.2.6-1.el9_0.x86_64                                                                                                                        256/392 
DEBUG util.py:463:    Installing       : net-snmp-agent-libs-1:5.9.1-17.el9_7.1.x86_64                                                                                                                   257/392 
DEBUG util.py:463:    Installing       : llvm-filesystem-20.1.8-3.el9.x86_64                                                                                                                             258/392 
DEBUG util.py:463:    Installing       : llvm-libs-20.1.8-3.el9.x86_64                                                                                                                                   259/392 
DEBUG util.py:463:    Installing       : libxslt-1.1.34-14.el9_7.1.x86_64                                                                                                                                260/392 
DEBUG util.py:463:    Installing       : libverto-devel-0.3.2-3.el9.x86_64                                                                                                                               261/392 
DEBUG util.py:463:    Installing       : libstdc++-devel-11.5.0-11.el9.alma.1.x86_64                                                                                                                     262/392 
DEBUG util.py:463:    Installing       : libsepol-devel-3.6-3.el9.x86_64                                                                                                                                 263/392 
DEBUG util.py:463:    Installing       : libselinux-devel-3.6-3.el9.x86_64                                                                                                                               264/392 
DEBUG util.py:463:    Installing       : libpq-13.23-1.el9_7.x86_64                                                                                                                                      265/392 
DEBUG util.py:463:    Installing       : libgpg-error-devel-1.42-5.el9.x86_64                                                                                                                            266/392 
DEBUG util.py:463:    Installing       : libffi-devel-3.4.2-8.el9.x86_64                                                                                                                                 267/392 
DEBUG util.py:463:    Installing       : libdb-devel-5.3.28-57.el9_6.x86_64                                                                                                                              268/392 
DEBUG util.py:463:    Installing       : libcom_err-devel-1.46.5-8.el9.x86_64                                                                                                                            269/392 
DEBUG util.py:463:    Installing       : libblkid-devel-2.37.4-21.el9_7.x86_64                                                                                                                           270/392 
DEBUG util.py:463:    Installing       : libmount-devel-2.37.4-21.el9_7.x86_64                                                                                                                           271/392 
DEBUG util.py:463:    Installing       : libX11-xcb-1.7.0-11.el9.x86_64                                                                                                                                  272/392 
DEBUG util.py:463:    Installing       : libX11-common-1.7.0-11.el9.noarch                                                                                                                               273/392 
DEBUG util.py:463:    Installing       : libX11-1.7.0-11.el9.x86_64                                                                                                                                      274/392 
DEBUG util.py:463:    Installing       : libX11-devel-1.7.0-11.el9.x86_64                                                                                                                                275/392 
DEBUG util.py:463:    Installing       : libXext-1.3.4-8.el9.x86_64                                                                                                                                      276/392 
DEBUG util.py:463:    Installing       : libXpm-3.5.13-10.el9.x86_64                                                                                                                                     277/392 
DEBUG util.py:463:    Installing       : libXrender-0.9.10-16.el9.x86_64                                                                                                                                 278/392 
DEBUG util.py:463:    Installing       : cairo-1.17.4-7.el9.x86_64                                                                                                                                       279/392 
DEBUG util.py:463:    Installing       : libXt-1.2.0-6.el9.x86_64                                                                                                                                        280/392 
DEBUG util.py:463:    Installing       : libXpm-devel-3.5.13-10.el9.x86_64                                                                                                                               281/392 
DEBUG util.py:463:    Installing       : t1lib-5.1.2-31.el9.x86_64                                                                                                                                       282/392 
DEBUG util.py:463:    Running scriptlet: t1lib-5.1.2-31.el9.x86_64                                                                                                                                       282/392 
DEBUG util.py:463:    Installing       : keyutils-libs-devel-1.6.3-1.el9.x86_64                                                                                                                          283/392 
DEBUG util.py:463:    Installing       : kernel-headers-5.14.0-611.55.1.el9_7.x86_64                                                                                                                     284/392 
DEBUG util.py:463:    Installing       : libxcrypt-devel-4.4.18-3.el9.x86_64                                                                                                                             285/392 
DEBUG util.py:463:    Installing       : glibc-devel-2.34-231.el9_7.10.x86_64                                                                                                                            286/392 
DEBUG util.py:463:    Installing       : gcc-11.5.0-11.el9.alma.1.x86_64                                                                                                                                 287/392 
DEBUG util.py:463:    Running scriptlet: gcc-11.5.0-11.el9.alma.1.x86_64                                                                                                                                 287/392 
DEBUG util.py:463:    Installing       : perl-Filter-2:1.60-4.el9.x86_64                                                                                                                                 288/392 
DEBUG util.py:463:    Installing       : perl-encoding-4:3.00-462.el9.x86_64                                                                                                                             289/392 
DEBUG util.py:463:    Installing       : perl-open-1.12-481.1.el9_6.noarch                                                                                                                               290/392 
DEBUG util.py:463:    Installing       : perl-Filter-Simple-0.96-460.el9.noarch                                                                                                                          291/392 
DEBUG util.py:463:    Installing       : gcc-c++-11.5.0-11.el9.alma.1.x86_64                                                                                                                             292/392 
DEBUG util.py:463:    Installing       : jbigkit-libs-2.1-23.el9.x86_64                                                                                                                                  293/392 
DEBUG util.py:463:    Installing       : libtiff-4.4.0-15.el9_7.3.x86_64                                                                                                                                 294/392 
DEBUG util.py:463:    Installing       : libtiff-devel-4.4.0-15.el9_7.3.x86_64                                                                                                                           295/392 
DEBUG util.py:463:    Installing       : gd3php-2.3.3-9.el9.remi.x86_64                                                                                                                                  296/392 
DEBUG util.py:463:    Installing       : hunspell-filesystem-1.7.0-11.el9.x86_64                                                                                                                         297/392 
DEBUG util.py:463:    Installing       : hunspell-en-US-0.20140811.1-20.el9.noarch                                                                                                                       298/392 
DEBUG util.py:463:    Installing       : hunspell-1.7.0-11.el9.x86_64                                                                                                                                    299/392 
DEBUG util.py:463:    Installing       : enchant-1:1.6.0-30.el9.x86_64                                                                                                                                   300/392 
DEBUG util.py:463:    Running scriptlet: httpd-filesystem-2.4.62-7.el9_7.3.noarch                                                                                                                        301/392 
DEBUG util.py:463:    Installing       : httpd-filesystem-2.4.62-7.el9_7.3.noarch                                                                                                                        301/392 
DEBUG util.py:463:    Installing       : gmp-c++-1:6.2.0-13.el9.x86_64                                                                                                                                   302/392 
DEBUG util.py:463:    Installing       : bzip2-devel-1.0.8-10.el9_5.x86_64                                                                                                                               303/392 
DEBUG util.py:463:    Installing       : brotli-1.0.9-9.el9_7.x86_64                                                                                                                                     304/392 
DEBUG util.py:463:    Installing       : brotli-devel-1.0.9-9.el9_7.x86_64                                                                                                                               305/392 
DEBUG util.py:463:    Running scriptlet: tpm2-tss-3.2.3-1.el9.x86_64                                                                                                                                     306/392 
DEBUG util.py:463:    Installing       : tpm2-tss-3.2.3-1.el9.x86_64                                                                                                                                     306/392 
DEBUG util.py:463:    Installing       : systemd-rpm-macros-252-55.el9_7.9.alma.1.noarch                                                                                                                 307/392 
DEBUG util.py:463:    Installing       : python3-setuptools-wheel-53.0.0-15.el9.noarch                                                                                                                   308/392 
DEBUG util.py:463:    Installing       : python3-pip-wheel-21.3.1-1.el9.noarch                                                                                                                           309/392 
DEBUG util.py:463:    Installing       : python3-3.9.25-3.el9_7.3.x86_64                                                                                                                                 310/392 
DEBUG util.py:463:    Installing       : python3-libs-3.9.25-3.el9_7.3.x86_64                                                                                                                            311/392 
DEBUG util.py:463:    Installing       : glib2-devel-2.68.4-18.el9_7.2.x86_64                                                                                                                            312/392 
DEBUG util.py:463:    Installing       : python3-pyparsing-2.4.7-9.el9.noarch                                                                                                                            313/392 
DEBUG util.py:463:    Installing       : systemtap-sdt-dtrace-5.3-3.el9.x86_64                                                                                                                           314/392 
DEBUG util.py:463:    Installing       : systemtap-sdt-devel-5.3-3.el9.x86_64                                                                                                                            315/392 
DEBUG util.py:463:    Installing       : perl-ExtUtils-Install-2.20-4.el9.noarch                                                                                                                         316/392 
DEBUG util.py:463:    Installing       : perl-devel-4:5.32.1-481.1.el9_6.x86_64                                                                                                                          317/392 
DEBUG util.py:463:    Installing       : perl-ExtUtils-MakeMaker-2:7.60-3.el9.noarch                                                                                                                     318/392 
DEBUG util.py:463:    Installing       : perl-ExtUtils-CBuilder-1:0.280236-4.el9.noarch                                                                                                                  319/392 
DEBUG util.py:463:    Installing       : perl-ExtUtils-Embed-1.35-481.1.el9_6.noarch                                                                                                                     320/392 
DEBUG util.py:463:    Installing       : perl-ExtUtils-Miniperl-1.09-481.1.el9_6.noarch                                                                                                                  321/392 
DEBUG util.py:463:    Installing       : perl-libnetcfg-4:5.32.1-481.1.el9_6.noarch                                                                                                                      322/392 
DEBUG util.py:463:    Installing       : perl-Encode-devel-4:3.08-462.el9.x86_64                                                                                                                         323/392 
DEBUG util.py:463:    Installing       : perl-inc-latest-2:0.500-20.el9.noarch                                                                                                                           324/392 
DEBUG util.py:463:    Installing       : perl-Module-Build-2:0.42.31-9.el9.noarch                                                                                                                        325/392 
DEBUG util.py:463:    Installing       : npth-1.6-8.el9.x86_64                                                                                                                                           326/392 
DEBUG util.py:463:    Installing       : mailcap-2.1.49-5.el9.noarch                                                                                                                                     327/392 
DEBUG util.py:463:    Installing       : httpd-core-2.4.62-7.el9_7.3.x86_64                                                                                                                              328/392 
DEBUG util.py:463:    Installing       : libtirpc-1.3.3-9.el9.x86_64                                                                                                                                     329/392 
DEBUG util.py:463:    Installing       : libnsl2-2.0.0-1.el9.x86_64                                                                                                                                      330/392 
DEBUG util.py:463:    Installing       : libselinux-utils-3.6-3.el9.x86_64                                                                                                                               331/392 
DEBUG util.py:463:    Installing       : policycoreutils-3.6-3.el9.x86_64                                                                                                                                332/392 
DEBUG util.py:463:    Running scriptlet: policycoreutils-3.6-3.el9.x86_64                                                                                                                                332/392 
DEBUG util.py:463:    Installing       : libseccomp-2.5.2-2.el9.x86_64                                                                                                                                   333/392 
DEBUG util.py:463:    Installing       : libksba-1.5.1-7.el9.x86_64                                                                                                                                      334/392 
DEBUG util.py:463:    Installing       : libkadm5-1.21.1-9.el9_7.x86_64                                                                                                                                  335/392 
DEBUG util.py:463:    Installing       : libicu-67.1-10.el9_6.x86_64                                                                                                                                     336/392 
DEBUG util.py:463:    Installing       : harfbuzz-icu-2.7.4-10.el9.x86_64                                                                                                                                337/392 
DEBUG util.py:463:    Installing       : freetype-devel-2.10.4-10.el9_5.x86_64                                                                                                                           338/392 
DEBUG util.py:463:    Installing       : harfbuzz-devel-2.7.4-10.el9.x86_64                                                                                                                              339/392 
DEBUG util.py:463:    Installing       : libraqm-devel-0.8.0-1.el9.x86_64                                                                                                                                340/392 
DEBUG util.py:463:    Installing       : libassuan-2.5.5-3.el9.x86_64                                                                                                                                    341/392 
DEBUG util.py:463:    Installing       : gnupg2-2.3.3-5.el9_7.x86_64                                                                                                                                     342/392 
DEBUG util.py:463:    Installing       : perl-Module-Signature-0.88-1.el9.noarch                                                                                                                         343/392 
DEBUG util.py:463:    Installing       : perl-CPAN-2.29-5.el9_6.noarch                                                                                                                                   344/392 
DEBUG util.py:463:    Installing       : perl-4:5.32.1-481.1.el9_6.x86_64                                                                                                                                345/392 
DEBUG util.py:463:    Installing       : kmod-libs-28-11.el9.x86_64                                                                                                                                      346/392 
DEBUG util.py:463:    Installing       : keyutils-1.6.3-1.el9.x86_64                                                                                                                                     347/392 
DEBUG util.py:463:    Installing       : gettext-libs-0.21-8.el9.x86_64                                                                                                                                  348/392 
DEBUG util.py:463:    Installing       : gettext-0.21-8.el9.x86_64                                                                                                                                       349/392 
DEBUG util.py:463:    Installing       : fontconfig-devel-2.14.0-2.el9_1.x86_64                                                                                                                          350/392 
DEBUG util.py:463:    Installing       : attr-2.5.1-3.el9.x86_64                                                                                                                                         351/392 
DEBUG util.py:463:    Installing       : ima-evm-utils-1.6.2-2.el9.x86_64                                                                                                                                352/392 
DEBUG util.py:463:    Installing       : rpm-sign-libs-4.16.1.3-39.el9.x86_64                                                                                                                            353/392 
DEBUG util.py:463:    Installing       : rpm-devel-4.16.1.3-39.el9.x86_64                                                                                                                                354/392 
DEBUG util.py:463:    Installing       : acl-2.3.1-4.el9.x86_64                                                                                                                                          355/392 
DEBUG util.py:463:    Installing       : dbus-1:1.12.20-8.el9.x86_64                                                                                                                                     356/392 
DEBUG util.py:463:    Installing       : systemd-pam-252-55.el9_7.9.alma.1.x86_64                                                                                                                        357/392 
DEBUG util.py:463:    Running scriptlet: systemd-252-55.el9_7.9.alma.1.x86_64                                                                                                                            358/392 
DEBUG util.py:463:    Installing       : systemd-252-55.el9_7.9.alma.1.x86_64                                                                                                                            358/392 
DEBUG util.py:463:    Running scriptlet: systemd-252-55.el9_7.9.alma.1.x86_64                                                                                                                            358/392 
DEBUG util.py:463:    Installing       : dbus-common-1:1.12.20-8.el9.noarch                                                                                                                              359/392 
DEBUG util.py:463:    Running scriptlet: dbus-common-1:1.12.20-8.el9.noarch                                                                                                                              359/392 
DEBUG util.py:463:  Created symlink /etc/systemd/system/sockets.target.wants/dbus.socket → /usr/lib/systemd/system/dbus.socket.
DEBUG util.py:463:  Created symlink /etc/systemd/user/sockets.target.wants/dbus.socket → /usr/lib/systemd/user/dbus.socket.
DEBUG util.py:463:    Running scriptlet: dbus-broker-28-7.el9.x86_64                                                                                                                                     360/392 
DEBUG util.py:463:    Installing       : dbus-broker-28-7.el9.x86_64                                                                                                                                     360/392 
DEBUG util.py:463:    Running scriptlet: dbus-broker-28-7.el9.x86_64                                                                                                                                     360/392 
DEBUG util.py:463:  Created symlink /etc/systemd/system/dbus.service → /usr/lib/systemd/system/dbus-broker.service.
DEBUG util.py:463:  Created symlink /etc/systemd/user/dbus.service → /usr/lib/systemd/user/dbus-broker.service.
DEBUG util.py:463:    Running scriptlet: cyrus-sasl-2.1.27-22.el9.x86_64                                                                                                                                 361/392 
DEBUG util.py:463:    Installing       : cyrus-sasl-2.1.27-22.el9.x86_64                                                                                                                                 361/392 
DEBUG util.py:463:    Running scriptlet: cyrus-sasl-2.1.27-22.el9.x86_64                                                                                                                                 361/392 
DEBUG util.py:463:    Installing       : cyrus-sasl-devel-2.1.27-22.el9.x86_64                                                                                                                           362/392 
DEBUG util.py:463:    Installing       : openldap-devel-2.6.8-4.el9.x86_64                                                                                                                               363/392 
DEBUG util.py:463:    Installing       : apr-util-devel-1.6.1-23.el9.x86_64                                                                                                                              364/392 
DEBUG util.py:463:    Installing       : httpd-devel-2.4.62-7.el9_7.3.x86_64                                                                                                                             365/392 
DEBUG util.py:463:    Running scriptlet: exim-4.99.2-1.el9.x86_64                                                                                                                                        366/392 
DEBUG util.py:463:    Installing       : exim-4.99.2-1.el9.x86_64                                                                                                                                        366/392 
DEBUG util.py:463:    Running scriptlet: exim-4.99.2-1.el9.x86_64                                                                                                                                        366/392 
DEBUG util.py:463:    Installing       : systemd-devel-252-55.el9_7.9.alma.1.x86_64                                                                                                                      367/392 
DEBUG util.py:463:    Installing       : net-snmp-devel-1:5.9.1-17.el9_7.1.x86_64                                                                                                                        368/392 
DEBUG util.py:463:    Installing       : gd3php-devel-2.3.3-9.el9.remi.x86_64                                                                                                                            369/392 
DEBUG util.py:463:    Installing       : krb5-devel-1.21.1-9.el9_7.x86_64                                                                                                                                370/392 
DEBUG util.py:463:    Installing       : enchant-devel-1:1.6.0-30.el9.x86_64                                                                                                                             371/392 
DEBUG util.py:463:    Installing       : gmp-devel-1:6.2.0-13.el9.x86_64                                                                                                                                 372/392 
DEBUG util.py:463:    Installing       : annobin-12.98-1.el9.x86_64                                                                                                                                      373/392 
DEBUG util.py:463:    Running scriptlet: annobin-12.98-1.el9.x86_64                                                                                                                                      373/392 
DEBUG util.py:463:    Installing       : gcc-plugin-annobin-11.5.0-11.el9.alma.1.x86_64                                                                                                                  374/392 
DEBUG util.py:463:    Running scriptlet: gcc-plugin-annobin-11.5.0-11.el9.alma.1.x86_64                                                                                                                  374/392 
DEBUG util.py:463:    Installing       : libtool-2.4.6-46.el9.x86_64                                                                                                                                     375/392 
DEBUG util.py:463:    Installing       : t1lib-devel-5.1.2-31.el9.x86_64                                                                                                                                 376/392 
DEBUG util.py:463:    Installing       : libxslt-devel-1.1.34-14.el9_7.1.x86_64                                                                                                                          377/392 
DEBUG util.py:463:    Installing       : libpq-devel-13.23-1.el9_7.x86_64                                                                                                                                378/392 
DEBUG util.py:463:    Installing       : libedit-devel-3.1-38.20210216cvs.el9.x86_64                                                                                                                     379/392 
DEBUG util.py:463:    Installing       : sqlite-devel-3.34.1-9.el9_7.x86_64                                                                                                                              380/392 
DEBUG util.py:463:    Installing       : tokyocabinet-devel-1.4.48-19.el9.x86_64                                                                                                                         381/392 
DEBUG util.py:463:    Installing       : aspell-devel-12:0.60.8-8.el9.x86_64                                                                                                                             382/392 
DEBUG util.py:463:    Installing       : libmcrypt-devel-2.5.8-30.el9.x86_64                                                                                                                             383/392 
DEBUG util.py:463:    Installing       : libtidy-devel-5.8.0-2.el9.x86_64                                                                                                                                384/392 
DEBUG util.py:463:    Installing       : recode-devel-3.7.11-1.el9.x86_64                                                                                                                                385/392 
DEBUG util.py:463:    Installing       : uw-imap-devel-2007f-30.el9.remi.x86_64                                                                                                                          386/392 
DEBUG util.py:463:    Installing       : freetds-devel-1.4.23-1.el9.x86_64                                                                                                                               387/392 
DEBUG util.py:463:    Installing       : libacl-devel-2.3.1-4.el9.x86_64                                                                                                                                 388/392 
DEBUG util.py:463:    Installing       : libtool-ltdl-devel-2.4.6-46.el9.x86_64                                                                                                                          389/392 
DEBUG util.py:463:    Installing       : unixODBC-devel-2.3.9-4.el9.x86_64                                                                                                                               390/392 
DEBUG util.py:463:    Installing       : pam-devel-1.5.1-26.el9_6.x86_64                                                                                                                                 391/392 
DEBUG util.py:463:    Installing       : libcurl-devel-7.76.1-35.el9_7.3.x86_64                                                                                                                          392/392 
DEBUG util.py:463:    Running scriptlet: fontconfig-2.14.0-2.el9_1.x86_64                                                                                                                                392/392 
DEBUG util.py:463:    Running scriptlet: libcurl-devel-7.76.1-35.el9_7.3.x86_64                                                                                                                          392/392 
DEBUG util.py:463:    Verifying        : acl-2.3.1-4.el9.x86_64                                                                                                                                            1/392 
DEBUG util.py:463:    Verifying        : attr-2.5.1-3.el9.x86_64                                                                                                                                           2/392 
DEBUG util.py:463:    Verifying        : cyrus-sasl-2.1.27-22.el9.x86_64                                                                                                                                   3/392 
DEBUG util.py:463:    Verifying        : dbus-1:1.12.20-8.el9.x86_64                                                                                                                                       4/392 
DEBUG util.py:463:    Verifying        : dbus-broker-28-7.el9.x86_64                                                                                                                                       5/392 
DEBUG util.py:463:    Verifying        : dbus-common-1:1.12.20-8.el9.noarch                                                                                                                                6/392 
DEBUG util.py:463:    Verifying        : dejavu-sans-fonts-2.37-18.el9.noarch                                                                                                                              7/392 
DEBUG util.py:463:    Verifying        : expat-2.5.0-5.el9_7.1.x86_64                                                                                                                                      8/392 
DEBUG util.py:463:    Verifying        : fonts-filesystem-1:2.0.5-7.el9.1.noarch                                                                                                                           9/392 
DEBUG util.py:463:    Verifying        : freetype-2.10.4-10.el9_5.x86_64                                                                                                                                  10/392 
DEBUG util.py:463:    Verifying        : gettext-0.21-8.el9.x86_64                                                                                                                                        11/392 
DEBUG util.py:463:    Verifying        : gettext-libs-0.21-8.el9.x86_64                                                                                                                                   12/392 
DEBUG util.py:463:    Verifying        : glib2-2.68.4-18.el9_7.2.x86_64                                                                                                                                   13/392 
DEBUG util.py:463:    Verifying        : gnupg2-2.3.3-5.el9_7.x86_64                                                                                                                                      14/392 
DEBUG util.py:463:    Verifying        : gnutls-3.8.3-10.el9_7.x86_64                                                                                                                                     15/392 
DEBUG util.py:463:    Verifying        : graphite2-1.3.14-9.el9.x86_64                                                                                                                                    16/392 
DEBUG util.py:463:    Verifying        : harfbuzz-2.7.4-10.el9.x86_64                                                                                                                                     17/392 
DEBUG util.py:463:    Verifying        : ima-evm-utils-1.6.2-2.el9.x86_64                                                                                                                                 18/392 
DEBUG util.py:463:    Verifying        : keyutils-1.6.3-1.el9.x86_64                                                                                                                                      19/392 
DEBUG util.py:463:    Verifying        : kmod-libs-28-11.el9.x86_64                                                                                                                                       20/392 
DEBUG util.py:463:    Verifying        : libassuan-2.5.5-3.el9.x86_64                                                                                                                                     21/392 
DEBUG util.py:463:    Verifying        : libedit-3.1-38.20210216cvs.el9.x86_64                                                                                                                            22/392 
DEBUG util.py:463:    Verifying        : libicu-67.1-10.el9_6.x86_64                                                                                                                                      23/392 
DEBUG util.py:463:    Verifying        : libkadm5-1.21.1-9.el9_7.x86_64                                                                                                                                   24/392 
DEBUG util.py:463:    Verifying        : libksba-1.5.1-7.el9.x86_64                                                                                                                                       25/392 
DEBUG util.py:463:    Verifying        : libpng-2:1.6.37-12.el9_7.4.x86_64                                                                                                                                26/392 
DEBUG util.py:463:    Verifying        : libseccomp-2.5.2-2.el9.x86_64                                                                                                                                    27/392 
DEBUG util.py:463:    Verifying        : libselinux-utils-3.6-3.el9.x86_64                                                                                                                                28/392 
DEBUG util.py:463:    Verifying        : libtirpc-1.3.3-9.el9.x86_64                                                                                                                                      29/392 
DEBUG util.py:463:    Verifying        : mailcap-2.1.49-5.el9.noarch                                                                                                                                      30/392 
DEBUG util.py:463:    Verifying        : make-1:4.3-8.el9.x86_64                                                                                                                                          31/392 
DEBUG util.py:463:    Verifying        : nettle-3.10.1-1.el9.x86_64                                                                                                                                       32/392 
DEBUG util.py:463:    Verifying        : npth-1.6-8.el9.x86_64                                                                                                                                            33/392 
DEBUG util.py:463:    Verifying        : policycoreutils-3.6-3.el9.x86_64                                                                                                                                 34/392 
DEBUG util.py:463:    Verifying        : python3-3.9.25-3.el9_7.3.x86_64                                                                                                                                  35/392 
DEBUG util.py:463:    Verifying        : python3-libs-3.9.25-3.el9_7.3.x86_64                                                                                                                             36/392 
DEBUG util.py:463:    Verifying        : python3-pip-wheel-21.3.1-1.el9.noarch                                                                                                                            37/392 
DEBUG util.py:463:    Verifying        : python3-pyparsing-2.4.7-9.el9.noarch                                                                                                                             38/392 
DEBUG util.py:463:    Verifying        : python3-setuptools-wheel-53.0.0-15.el9.noarch                                                                                                                    39/392 
DEBUG util.py:463:    Verifying        : rpm-sign-libs-4.16.1.3-39.el9.x86_64                                                                                                                             40/392 
DEBUG util.py:463:    Verifying        : shared-mime-info-2.1-5.el9.x86_64                                                                                                                                41/392 
DEBUG util.py:463:    Verifying        : systemd-252-55.el9_7.9.alma.1.x86_64                                                                                                                             42/392 
DEBUG util.py:463:    Verifying        : systemd-pam-252-55.el9_7.9.alma.1.x86_64                                                                                                                         43/392 
DEBUG util.py:463:    Verifying        : systemd-rpm-macros-252-55.el9_7.9.alma.1.noarch                                                                                                                  44/392 
DEBUG util.py:463:    Verifying        : tpm2-tss-3.2.3-1.el9.x86_64                                                                                                                                      45/392 
DEBUG util.py:463:    Verifying        : annobin-12.98-1.el9.x86_64                                                                                                                                       46/392 
DEBUG util.py:463:    Verifying        : apr-1.7.0-12.el9_3.x86_64                                                                                                                                        47/392 
DEBUG util.py:463:    Verifying        : apr-devel-1.7.0-12.el9_3.x86_64                                                                                                                                  48/392 
DEBUG util.py:463:    Verifying        : apr-util-1.6.1-23.el9.x86_64                                                                                                                                     49/392 
DEBUG util.py:463:    Verifying        : apr-util-bdb-1.6.1-23.el9.x86_64                                                                                                                                 50/392 
DEBUG util.py:463:    Verifying        : apr-util-devel-1.6.1-23.el9.x86_64                                                                                                                               51/392 
DEBUG util.py:463:    Verifying        : autoconf-2.69-41.el9.noarch                                                                                                                                      52/392 
DEBUG util.py:463:    Verifying        : automake-1.16.2-8.el9.noarch                                                                                                                                     53/392 
DEBUG util.py:463:    Verifying        : brotli-1.0.9-9.el9_7.x86_64                                                                                                                                      54/392 
DEBUG util.py:463:    Verifying        : brotli-devel-1.0.9-9.el9_7.x86_64                                                                                                                                55/392 
DEBUG util.py:463:    Verifying        : bzip2-devel-1.0.8-10.el9_5.x86_64                                                                                                                                56/392 
DEBUG util.py:463:    Verifying        : cairo-1.17.4-7.el9.x86_64                                                                                                                                        57/392 
DEBUG util.py:463:    Verifying        : cmake-filesystem-3.26.5-3.el9_7.x86_64                                                                                                                           58/392 
DEBUG util.py:463:    Verifying        : cpp-11.5.0-11.el9.alma.1.x86_64                                                                                                                                  59/392 
DEBUG util.py:463:    Verifying        : cyrus-sasl-devel-2.1.27-22.el9.x86_64                                                                                                                            60/392 
DEBUG util.py:463:    Verifying        : elfutils-devel-0.193-1.el9.alma.1.x86_64                                                                                                                         61/392 
DEBUG util.py:463:    Verifying        : elfutils-libelf-devel-0.193-1.el9.alma.1.x86_64                                                                                                                  62/392 
DEBUG util.py:463:    Verifying        : emacs-filesystem-1:27.2-18.el9.noarch                                                                                                                            63/392 
DEBUG util.py:463:    Verifying        : enchant-1:1.6.0-30.el9.x86_64                                                                                                                                    64/392 
DEBUG util.py:463:    Verifying        : expat-devel-2.5.0-5.el9_7.1.x86_64                                                                                                                               65/392 
DEBUG util.py:463:    Verifying        : fontconfig-2.14.0-2.el9_1.x86_64                                                                                                                                 66/392 
DEBUG util.py:463:    Verifying        : fontconfig-devel-2.14.0-2.el9_1.x86_64                                                                                                                           67/392 
DEBUG util.py:463:    Verifying        : freetype-devel-2.10.4-10.el9_5.x86_64                                                                                                                            68/392 
DEBUG util.py:463:    Verifying        : fribidi-1.0.10-6.el9.2.x86_64                                                                                                                                    69/392 
DEBUG util.py:463:    Verifying        : fribidi-devel-1.0.10-6.el9.2.x86_64                                                                                                                              70/392 
DEBUG util.py:463:    Verifying        : gcc-11.5.0-11.el9.alma.1.x86_64                                                                                                                                  71/392 
DEBUG util.py:463:    Verifying        : gcc-c++-11.5.0-11.el9.alma.1.x86_64                                                                                                                              72/392 
DEBUG util.py:463:    Verifying        : gcc-plugin-annobin-11.5.0-11.el9.alma.1.x86_64                                                                                                                   73/392 
DEBUG util.py:463:    Verifying        : glib2-devel-2.68.4-18.el9_7.2.x86_64                                                                                                                             74/392 
DEBUG util.py:463:    Verifying        : glibc-devel-2.34-231.el9_7.10.x86_64                                                                                                                             75/392 
DEBUG util.py:463:    Verifying        : glibc-headers-2.34-231.el9_7.10.x86_64                                                                                                                           76/392 
DEBUG util.py:463:    Verifying        : gmp-c++-1:6.2.0-13.el9.x86_64                                                                                                                                    77/392 
DEBUG util.py:463:    Verifying        : gmp-devel-1:6.2.0-13.el9.x86_64                                                                                                                                  78/392 
DEBUG util.py:463:    Verifying        : graphite2-devel-1.3.14-9.el9.x86_64                                                                                                                              79/392 
DEBUG util.py:463:    Verifying        : harfbuzz-devel-2.7.4-10.el9.x86_64                                                                                                                               80/392 
DEBUG util.py:463:    Verifying        : harfbuzz-icu-2.7.4-10.el9.x86_64                                                                                                                                 81/392 
DEBUG util.py:463:    Verifying        : httpd-core-2.4.62-7.el9_7.3.x86_64                                                                                                                               82/392 
DEBUG util.py:463:    Verifying        : httpd-devel-2.4.62-7.el9_7.3.x86_64                                                                                                                              83/392 
DEBUG util.py:463:    Verifying        : httpd-filesystem-2.4.62-7.el9_7.3.noarch                                                                                                                         84/392 
DEBUG util.py:463:    Verifying        : httpd-tools-2.4.62-7.el9_7.3.x86_64                                                                                                                              85/392 
DEBUG util.py:463:    Verifying        : hunspell-1.7.0-11.el9.x86_64                                                                                                                                     86/392 
DEBUG util.py:463:    Verifying        : hunspell-en-US-0.20140811.1-20.el9.noarch                                                                                                                        87/392 
DEBUG util.py:463:    Verifying        : hunspell-filesystem-1.7.0-11.el9.x86_64                                                                                                                          88/392 
DEBUG util.py:463:    Verifying        : jbigkit-libs-2.1-23.el9.x86_64                                                                                                                                   89/392 
DEBUG util.py:463:    Verifying        : kernel-headers-5.14.0-611.55.1.el9_7.x86_64                                                                                                                      90/392 
DEBUG util.py:463:    Verifying        : keyutils-libs-devel-1.6.3-1.el9.x86_64                                                                                                                           91/392 
DEBUG util.py:463:    Verifying        : krb5-devel-1.21.1-9.el9_7.x86_64                                                                                                                                 92/392 
DEBUG util.py:463:    Verifying        : langpacks-core-font-en-3.0-16.el9.noarch                                                                                                                         93/392 
DEBUG util.py:463:    Verifying        : libICE-1.0.10-8.el9.x86_64                                                                                                                                       94/392 
DEBUG util.py:463:    Verifying        : libSM-1.2.3-10.el9.x86_64                                                                                                                                        95/392 
DEBUG util.py:463:    Verifying        : libX11-1.7.0-11.el9.x86_64                                                                                                                                       96/392 
DEBUG util.py:463:    Verifying        : libX11-common-1.7.0-11.el9.noarch                                                                                                                                97/392 
DEBUG util.py:463:    Verifying        : libX11-devel-1.7.0-11.el9.x86_64                                                                                                                                 98/392 
DEBUG util.py:463:    Verifying        : libX11-xcb-1.7.0-11.el9.x86_64                                                                                                                                   99/392 
DEBUG util.py:463:    Verifying        : libXau-1.0.9-8.el9.x86_64                                                                                                                                       100/392 
DEBUG util.py:463:    Verifying        : libXau-devel-1.0.9-8.el9.x86_64                                                                                                                                 101/392 
DEBUG util.py:463:    Verifying        : libXext-1.3.4-8.el9.x86_64                                                                                                                                      102/392 
DEBUG util.py:463:    Verifying        : libXpm-3.5.13-10.el9.x86_64                                                                                                                                     103/392 
DEBUG util.py:463:    Verifying        : libXpm-devel-3.5.13-10.el9.x86_64                                                                                                                               104/392 
DEBUG util.py:463:    Verifying        : libXrender-0.9.10-16.el9.x86_64                                                                                                                                 105/392 
DEBUG util.py:463:    Verifying        : libXt-1.2.0-6.el9.x86_64                                                                                                                                        106/392 
DEBUG util.py:463:    Verifying        : libacl-devel-2.3.1-4.el9.x86_64                                                                                                                                 107/392 
DEBUG util.py:463:    Verifying        : libattr-devel-2.5.1-3.el9.x86_64                                                                                                                                108/392 
DEBUG util.py:463:    Verifying        : libblkid-devel-2.37.4-21.el9_7.x86_64                                                                                                                           109/392 
DEBUG util.py:463:    Verifying        : libcom_err-devel-1.46.5-8.el9.x86_64                                                                                                                            110/392 
DEBUG util.py:463:    Verifying        : libcurl-devel-7.76.1-35.el9_7.3.x86_64                                                                                                                          111/392 
DEBUG util.py:463:    Verifying        : libdb-devel-5.3.28-57.el9_6.x86_64                                                                                                                              112/392 
DEBUG util.py:463:    Verifying        : libedit-devel-3.1-38.20210216cvs.el9.x86_64                                                                                                                     113/392 
DEBUG util.py:463:    Verifying        : libffi-devel-3.4.2-8.el9.x86_64                                                                                                                                 114/392 
DEBUG util.py:463:    Verifying        : libgpg-error-devel-1.42-5.el9.x86_64                                                                                                                            115/392 
DEBUG util.py:463:    Verifying        : libjpeg-turbo-2.0.90-7.el9.x86_64                                                                                                                               116/392 
DEBUG util.py:463:    Verifying        : libjpeg-turbo-devel-2.0.90-7.el9.x86_64                                                                                                                         117/392 
DEBUG util.py:463:    Verifying        : libmount-devel-2.37.4-21.el9_7.x86_64                                                                                                                           118/392 
DEBUG util.py:463:    Verifying        : libmpc-1.2.1-4.el9.x86_64                                                                                                                                       119/392 
DEBUG util.py:463:    Verifying        : libnsl2-2.0.0-1.el9.x86_64                                                                                                                                      120/392 
DEBUG util.py:463:    Verifying        : libpng-devel-2:1.6.37-12.el9_7.4.x86_64                                                                                                                         121/392 
DEBUG util.py:463:    Verifying        : libpq-13.23-1.el9_7.x86_64                                                                                                                                      122/392 
DEBUG util.py:463:    Verifying        : libpq-devel-13.23-1.el9_7.x86_64                                                                                                                                123/392 
DEBUG util.py:463:    Verifying        : libselinux-devel-3.6-3.el9.x86_64                                                                                                                               124/392 
DEBUG util.py:463:    Verifying        : libsepol-devel-3.6-3.el9.x86_64                                                                                                                                 125/392 
DEBUG util.py:463:    Verifying        : libstdc++-devel-11.5.0-11.el9.alma.1.x86_64                                                                                                                     126/392 
DEBUG util.py:463:    Verifying        : libtiff-4.4.0-15.el9_7.3.x86_64                                                                                                                                 127/392 
DEBUG util.py:463:    Verifying        : libtiff-devel-4.4.0-15.el9_7.3.x86_64                                                                                                                           128/392 
DEBUG util.py:463:    Verifying        : libtool-2.4.6-46.el9.x86_64                                                                                                                                     129/392 
DEBUG util.py:463:    Verifying        : libverto-devel-0.3.2-3.el9.x86_64                                                                                                                               130/392 
DEBUG util.py:463:    Verifying        : libwebp-1.2.0-8.el9_3.x86_64                                                                                                                                    131/392 
DEBUG util.py:463:    Verifying        : libwebp-devel-1.2.0-8.el9_3.x86_64                                                                                                                              132/392 
DEBUG util.py:463:    Verifying        : libxcb-1.13.1-9.el9.x86_64                                                                                                                                      133/392 
DEBUG util.py:463:    Verifying        : libxcb-devel-1.13.1-9.el9.x86_64                                                                                                                                134/392 
DEBUG util.py:463:    Verifying        : libxcrypt-devel-4.4.18-3.el9.x86_64                                                                                                                             135/392 
DEBUG util.py:463:    Verifying        : libxml2-devel-2.9.13-14.el9_7.x86_64                                                                                                                            136/392 
DEBUG util.py:463:    Verifying        : libxslt-1.1.34-14.el9_7.1.x86_64                                                                                                                                137/392 
DEBUG util.py:463:    Verifying        : libxslt-devel-1.1.34-14.el9_7.1.x86_64                                                                                                                          138/392 
DEBUG util.py:463:    Verifying        : libzstd-devel-1.5.5-1.el9.x86_64                                                                                                                                139/392 
DEBUG util.py:463:    Verifying        : llvm-filesystem-20.1.8-3.el9.x86_64                                                                                                                             140/392 
DEBUG util.py:463:    Verifying        : llvm-libs-20.1.8-3.el9.x86_64                                                                                                                                   141/392 
DEBUG util.py:463:    Verifying        : lm_sensors-devel-3.6.0-10.el9.x86_64                                                                                                                            142/392 
DEBUG util.py:463:    Verifying        : lm_sensors-libs-3.6.0-10.el9.x86_64                                                                                                                             143/392 
DEBUG util.py:463:    Verifying        : m4-1.4.19-1.el9.x86_64                                                                                                                                          144/392 
DEBUG util.py:463:    Verifying        : mariadb-connector-c-3.2.6-1.el9_0.x86_64                                                                                                                        145/392 
DEBUG util.py:463:    Verifying        : mariadb-connector-c-config-3.2.6-1.el9_0.noarch                                                                                                                 146/392 
DEBUG util.py:463:    Verifying        : ncurses-c++-libs-6.2-12.20210508.el9.x86_64                                                                                                                     147/392 
DEBUG util.py:463:    Verifying        : ncurses-devel-6.2-12.20210508.el9.x86_64                                                                                                                        148/392 
DEBUG util.py:463:    Verifying        : net-snmp-agent-libs-1:5.9.1-17.el9_7.1.x86_64                                                                                                                   149/392 
DEBUG util.py:463:    Verifying        : net-snmp-devel-1:5.9.1-17.el9_7.1.x86_64                                                                                                                        150/392 
DEBUG util.py:463:    Verifying        : net-snmp-libs-1:5.9.1-17.el9_7.1.x86_64                                                                                                                         151/392 
DEBUG util.py:463:    Verifying        : openldap-devel-2.6.8-4.el9.x86_64                                                                                                                               152/392 
DEBUG util.py:463:    Verifying        : openssl-devel-1:3.5.1-7.el9_7.x86_64                                                                                                                            153/392 
DEBUG util.py:463:    Verifying        : pam-devel-1.5.1-26.el9_6.x86_64                                                                                                                                 154/392 
DEBUG util.py:463:    Verifying        : pcre-cpp-8.44-4.el9.x86_64                                                                                                                                      155/392 
DEBUG util.py:463:    Verifying        : pcre-devel-8.44-4.el9.x86_64                                                                                                                                    156/392 
DEBUG util.py:463:    Verifying        : pcre-utf16-8.44-4.el9.x86_64                                                                                                                                    157/392 
DEBUG util.py:463:    Verifying        : pcre-utf32-8.44-4.el9.x86_64                                                                                                                                    158/392 
DEBUG util.py:463:    Verifying        : pcre2-devel-10.40-6.el9.x86_64                                                                                                                                  159/392 
DEBUG util.py:463:    Verifying        : pcre2-utf16-10.40-6.el9.x86_64                                                                                                                                  160/392 
DEBUG util.py:463:    Verifying        : pcre2-utf32-10.40-6.el9.x86_64                                                                                                                                  161/392 
DEBUG util.py:463:    Verifying        : perl-4:5.32.1-481.1.el9_6.x86_64                                                                                                                                162/392 
DEBUG util.py:463:    Verifying        : perl-Algorithm-Diff-1.2010-4.el9.noarch                                                                                                                         163/392 
DEBUG util.py:463:    Verifying        : perl-Archive-Tar-2.38-6.el9.noarch                                                                                                                              164/392 
DEBUG util.py:463:    Verifying        : perl-Archive-Zip-1.68-6.el9.noarch                                                                                                                              165/392 
DEBUG util.py:463:    Verifying        : perl-Attribute-Handlers-1.01-481.1.el9_6.noarch                                                                                                                 166/392 
DEBUG util.py:463:    Verifying        : perl-AutoSplit-5.74-481.1.el9_6.noarch                                                                                                                          167/392 
DEBUG util.py:463:    Verifying        : perl-Benchmark-1.23-481.1.el9_6.noarch                                                                                                                          168/392 
DEBUG util.py:463:    Verifying        : perl-CPAN-2.29-5.el9_6.noarch                                                                                                                                   169/392 
DEBUG util.py:463:    Verifying        : perl-CPAN-Meta-2.150010-460.el9.noarch                                                                                                                          170/392 
DEBUG util.py:463:    Verifying        : perl-CPAN-Meta-Requirements-2.140-461.el9.noarch                                                                                                                171/392 
DEBUG util.py:463:    Verifying        : perl-CPAN-Meta-YAML-0.018-461.el9.noarch                                                                                                                        172/392 
DEBUG util.py:463:    Verifying        : perl-Compress-Bzip2-2.28-5.el9.x86_64                                                                                                                           173/392 
DEBUG util.py:463:    Verifying        : perl-Compress-Raw-Bzip2-2.101-5.el9.x86_64                                                                                                                      174/392 
DEBUG util.py:463:    Verifying        : perl-Compress-Raw-Lzma-2.101-3.el9.x86_64                                                                                                                       175/392 
DEBUG util.py:463:    Verifying        : perl-Compress-Raw-Zlib-2.101-5.el9.x86_64                                                                                                                       176/392 
DEBUG util.py:463:    Verifying        : perl-Config-Extensions-0.03-481.1.el9_6.noarch                                                                                                                  177/392 
DEBUG util.py:463:    Verifying        : perl-Config-Perl-V-0.33-4.el9.noarch                                                                                                                            178/392 
DEBUG util.py:463:    Verifying        : perl-DBM_Filter-0.06-481.1.el9_6.noarch                                                                                                                         179/392 
DEBUG util.py:463:    Verifying        : perl-DB_File-1.855-4.el9.x86_64                                                                                                                                 180/392 
DEBUG util.py:463:    Verifying        : perl-Data-OptList-0.110-17.el9.noarch                                                                                                                           181/392 
DEBUG util.py:463:    Verifying        : perl-Data-Section-0.200007-14.el9.noarch                                                                                                                        182/392 
DEBUG util.py:463:    Verifying        : perl-Devel-PPPort-3.62-4.el9.x86_64                                                                                                                             183/392 
DEBUG util.py:463:    Verifying        : perl-Devel-Peek-1.28-481.1.el9_6.x86_64                                                                                                                         184/392 
DEBUG util.py:463:    Verifying        : perl-Devel-SelfStubber-1.06-481.1.el9_6.noarch                                                                                                                  185/392 
DEBUG util.py:463:    Verifying        : perl-Devel-Size-0.83-10.el9.x86_64                                                                                                                              186/392 
DEBUG util.py:463:    Verifying        : perl-Digest-SHA-1:6.02-461.el9.x86_64                                                                                                                           187/392 
DEBUG util.py:463:    Verifying        : perl-Digest-SHA1-2.13-34.el9.x86_64                                                                                                                             188/392 
DEBUG util.py:463:    Verifying        : perl-DirHandle-1.05-481.1.el9_6.noarch                                                                                                                          189/392 
DEBUG util.py:463:    Verifying        : perl-Dumpvalue-2.27-481.1.el9_6.noarch                                                                                                                          190/392 
DEBUG util.py:463:    Verifying        : perl-DynaLoader-1.47-481.1.el9_6.x86_64                                                                                                                         191/392 
DEBUG util.py:463:    Verifying        : perl-Encode-devel-4:3.08-462.el9.x86_64                                                                                                                         192/392 
DEBUG util.py:463:    Verifying        : perl-English-1.11-481.1.el9_6.noarch                                                                                                                            193/392 
DEBUG util.py:463:    Verifying        : perl-Env-1.04-460.el9.noarch                                                                                                                                    194/392 
DEBUG util.py:463:    Verifying        : perl-ExtUtils-CBuilder-1:0.280236-4.el9.noarch                                                                                                                  195/392 
DEBUG util.py:463:    Verifying        : perl-ExtUtils-Command-2:7.60-3.el9.noarch                                                                                                                       196/392 
DEBUG util.py:463:    Verifying        : perl-ExtUtils-Constant-0.25-481.1.el9_6.noarch                                                                                                                  197/392 
DEBUG util.py:463:    Verifying        : perl-ExtUtils-Embed-1.35-481.1.el9_6.noarch                                                                                                                     198/392 
DEBUG util.py:463:    Verifying        : perl-ExtUtils-Install-2.20-4.el9.noarch                                                                                                                         199/392 
DEBUG util.py:463:    Verifying        : perl-ExtUtils-MM-Utils-2:7.60-3.el9.noarch                                                                                                                      200/392 
DEBUG util.py:463:    Verifying        : perl-ExtUtils-MakeMaker-2:7.60-3.el9.noarch                                                                                                                     201/392 
DEBUG util.py:463:    Verifying        : perl-ExtUtils-Manifest-1:1.73-4.el9.noarch                                                                                                                      202/392 
DEBUG util.py:463:    Verifying        : perl-ExtUtils-Miniperl-1.09-481.1.el9_6.noarch                                                                                                                  203/392 
DEBUG util.py:463:    Verifying        : perl-ExtUtils-ParseXS-1:3.40-460.el9.noarch                                                                                                                     204/392 
DEBUG util.py:463:    Verifying        : perl-File-Compare-1.100.600-481.1.el9_6.noarch                                                                                                                  205/392 
DEBUG util.py:463:    Verifying        : perl-File-Copy-2.34-481.1.el9_6.noarch                                                                                                                          206/392 
DEBUG util.py:463:    Verifying        : perl-File-DosGlob-1.12-481.1.el9_6.x86_64                                                                                                                       207/392 
DEBUG util.py:463:    Verifying        : perl-File-Fetch-1.00-4.el9.noarch                                                                                                                               208/392 
DEBUG util.py:463:    Verifying        : perl-File-Find-1.37-481.1.el9_6.noarch                                                                                                                          209/392 
DEBUG util.py:463:    Verifying        : perl-File-HomeDir-1.006-4.el9.noarch                                                                                                                            210/392 
DEBUG util.py:463:    Verifying        : perl-File-Which-1.23-10.el9.noarch                                                                                                                              211/392 
DEBUG util.py:463:    Verifying        : perl-FileCache-1.10-481.1.el9_6.noarch                                                                                                                          212/392 
DEBUG util.py:463:    Verifying        : perl-Filter-2:1.60-4.el9.x86_64                                                                                                                                 213/392 
DEBUG util.py:463:    Verifying        : perl-Filter-Simple-0.96-460.el9.noarch                                                                                                                          214/392 
DEBUG util.py:463:    Verifying        : perl-FindBin-1.51-481.1.el9_6.noarch                                                                                                                            215/392 
DEBUG util.py:463:    Verifying        : perl-GDBM_File-1.18-481.1.el9_6.x86_64                                                                                                                          216/392 
DEBUG util.py:463:    Verifying        : perl-Hash-Util-0.23-481.1.el9_6.x86_64                                                                                                                          217/392 
DEBUG util.py:463:    Verifying        : perl-Hash-Util-FieldHash-1.20-481.1.el9_6.x86_64                                                                                                                218/392 
DEBUG util.py:463:    Verifying        : perl-I18N-Collate-1.02-481.1.el9_6.noarch                                                                                                                       219/392 
DEBUG util.py:463:    Verifying        : perl-I18N-LangTags-0.44-481.1.el9_6.noarch                                                                                                                      220/392 
DEBUG util.py:463:    Verifying        : perl-I18N-Langinfo-0.19-481.1.el9_6.x86_64                                                                                                                      221/392 
DEBUG util.py:463:    Verifying        : perl-IO-Compress-2.102-4.el9.noarch                                                                                                                             222/392 
DEBUG util.py:463:    Verifying        : perl-IO-Compress-Lzma-2.101-4.el9.noarch                                                                                                                        223/392 
DEBUG util.py:463:    Verifying        : perl-IO-Zlib-1:1.11-4.el9.noarch                                                                                                                                224/392 
DEBUG util.py:463:    Verifying        : perl-IPC-Cmd-2:1.04-461.el9.noarch                                                                                                                              225/392 
DEBUG util.py:463:    Verifying        : perl-IPC-SysV-2.09-4.el9.x86_64                                                                                                                                 226/392 
DEBUG util.py:463:    Verifying        : perl-IPC-System-Simple-1.30-6.el9.noarch                                                                                                                        227/392 
DEBUG util.py:463:    Verifying        : perl-Importer-0.026-4.el9.noarch                                                                                                                                228/392 
DEBUG util.py:463:    Verifying        : perl-JSON-PP-1:4.06-4.el9.noarch                                                                                                                                229/392 
DEBUG util.py:463:    Verifying        : perl-Locale-Maketext-1.29-461.el9.noarch                                                                                                                        230/392 
DEBUG util.py:463:    Verifying        : perl-Locale-Maketext-Simple-1:0.21-481.1.el9_6.noarch                                                                                                           231/392 
DEBUG util.py:463:    Verifying        : perl-MRO-Compat-0.13-15.el9.noarch                                                                                                                              232/392 
DEBUG util.py:463:    Verifying        : perl-Math-BigInt-1:1.9998.18-460.el9.noarch                                                                                                                     233/392 
DEBUG util.py:463:    Verifying        : perl-Math-BigInt-FastCalc-0.500.900-460.el9.x86_64                                                                                                              234/392 
DEBUG util.py:463:    Verifying        : perl-Math-BigRat-0.2614-460.el9.noarch                                                                                                                          235/392 
DEBUG util.py:463:    Verifying        : perl-Math-Complex-1.59-481.1.el9_6.noarch                                                                                                                       236/392 
DEBUG util.py:463:    Verifying        : perl-Memoize-1.03-481.1.el9_6.noarch                                                                                                                            237/392 
DEBUG util.py:463:    Verifying        : perl-Module-Build-2:0.42.31-9.el9.noarch                                                                                                                        238/392 
DEBUG util.py:463:    Verifying        : perl-Module-CoreList-1:5.20240609-1.el9.noarch                                                                                                                  239/392 
DEBUG util.py:463:    Verifying        : perl-Module-CoreList-tools-1:5.20240609-1.el9.noarch                                                                                                            240/392 
DEBUG util.py:463:    Verifying        : perl-Module-Load-1:0.36-4.el9.noarch                                                                                                                            241/392 
DEBUG util.py:463:    Verifying        : perl-Module-Load-Conditional-0.74-4.el9.noarch                                                                                                                  242/392 
DEBUG util.py:463:    Verifying        : perl-Module-Loaded-1:0.08-481.1.el9_6.noarch                                                                                                                    243/392 
DEBUG util.py:463:    Verifying        : perl-Module-Metadata-1.000037-460.el9.noarch                                                                                                                    244/392 
DEBUG util.py:463:    Verifying        : perl-Module-Signature-0.88-1.el9.noarch                                                                                                                         245/392 
DEBUG util.py:463:    Verifying        : perl-NDBM_File-1.15-481.1.el9_6.x86_64                                                                                                                          246/392 
DEBUG util.py:463:    Verifying        : perl-NEXT-0.67-481.1.el9_6.noarch                                                                                                                               247/392 
DEBUG util.py:463:    Verifying        : perl-Net-1.02-481.1.el9_6.noarch                                                                                                                                248/392 
DEBUG util.py:463:    Verifying        : perl-Net-Ping-2.74-5.el9.noarch                                                                                                                                 249/392 
DEBUG util.py:463:    Verifying        : perl-ODBM_File-1.16-481.1.el9_6.x86_64                                                                                                                          250/392 
DEBUG util.py:463:    Verifying        : perl-Object-HashBase-0.009-7.el9.noarch                                                                                                                         251/392 
DEBUG util.py:463:    Verifying        : perl-Opcode-1.48-481.1.el9_6.x86_64                                                                                                                             252/392 
DEBUG util.py:463:    Verifying        : perl-Package-Generator-1.106-23.el9.noarch                                                                                                                      253/392 
DEBUG util.py:463:    Verifying        : perl-Params-Check-1:0.38-461.el9.noarch                                                                                                                         254/392 
DEBUG util.py:463:    Verifying        : perl-Params-Util-1.102-5.el9.x86_64                                                                                                                             255/392 
DEBUG util.py:463:    Verifying        : perl-Perl-OSType-1.010-461.el9.noarch                                                                                                                           256/392 
DEBUG util.py:463:    Verifying        : perl-PerlIO-via-QuotedPrint-0.09-4.el9.noarch                                                                                                                   257/392 
DEBUG util.py:463:    Verifying        : perl-Pod-Checker-4:1.74-4.el9.noarch                                                                                                                            258/392 
DEBUG util.py:463:    Verifying        : perl-Pod-Functions-1.13-481.1.el9_6.noarch                                                                                                                      259/392 
DEBUG util.py:463:    Verifying        : perl-Pod-Html-1.25-481.1.el9_6.noarch                                                                                                                           260/392 
DEBUG util.py:463:    Verifying        : perl-Safe-2.41-481.1.el9_6.noarch                                                                                                                               261/392 
DEBUG util.py:463:    Verifying        : perl-Search-Dict-1.07-481.1.el9_6.noarch                                                                                                                        262/392 
DEBUG util.py:463:    Verifying        : perl-SelfLoader-1.26-481.1.el9_6.noarch                                                                                                                         263/392 
DEBUG util.py:463:    Verifying        : perl-Software-License-0.103014-12.el9.noarch                                                                                                                    264/392 
DEBUG util.py:463:    Verifying        : perl-Sub-Exporter-0.987-27.el9.noarch                                                                                                                           265/392 
DEBUG util.py:463:    Verifying        : perl-Sub-Install-0.928-28.el9.noarch                                                                                                                            266/392 
DEBUG util.py:463:    Verifying        : perl-Sys-Hostname-1.23-481.1.el9_6.x86_64                                                                                                                       267/392 
DEBUG util.py:463:    Verifying        : perl-Sys-Syslog-0.36-461.el9.x86_64                                                                                                                             268/392 
DEBUG util.py:463:    Verifying        : perl-Term-Complete-1.403-481.1.el9_6.noarch                                                                                                                     269/392 
DEBUG util.py:463:    Verifying        : perl-Term-ReadLine-1.17-481.1.el9_6.noarch                                                                                                                      270/392 
DEBUG util.py:463:    Verifying        : perl-Term-Table-0.015-8.el9.noarch                                                                                                                              271/392 
DEBUG util.py:463:    Verifying        : perl-Test-1.31-481.1.el9_6.noarch                                                                                                                               272/392 
DEBUG util.py:463:    Verifying        : perl-Test-Harness-1:3.42-461.el9.noarch                                                                                                                         273/392 
DEBUG util.py:463:    Verifying        : perl-Test-Simple-3:1.302183-4.el9.noarch                                                                                                                        274/392 
DEBUG util.py:463:    Verifying        : perl-Text-Abbrev-1.02-481.1.el9_6.noarch                                                                                                                        275/392 
DEBUG util.py:463:    Verifying        : perl-Text-Balanced-2.04-4.el9.noarch                                                                                                                            276/392 
DEBUG util.py:463:    Verifying        : perl-Text-Diff-1.45-13.el9.noarch                                                                                                                               277/392 
DEBUG util.py:463:    Verifying        : perl-Text-Glob-0.11-15.el9.noarch                                                                                                                               278/392 
DEBUG util.py:463:    Verifying        : perl-Text-Template-1.59-5.el9.noarch                                                                                                                            279/392 
DEBUG util.py:463:    Verifying        : perl-Thread-3.05-481.1.el9_6.noarch                                                                                                                             280/392 
DEBUG util.py:463:    Verifying        : perl-Thread-Queue-3.14-460.el9.noarch                                                                                                                           281/392 
DEBUG util.py:463:    Verifying        : perl-Thread-Semaphore-2.13-481.1.el9_6.noarch                                                                                                                   282/392 
DEBUG util.py:463:    Verifying        : perl-Tie-4.6-481.1.el9_6.noarch                                                                                                                                 283/392 
DEBUG util.py:463:    Verifying        : perl-Tie-File-1.06-481.1.el9_6.noarch                                                                                                                           284/392 
DEBUG util.py:463:    Verifying        : perl-Tie-Memoize-1.1-481.1.el9_6.noarch                                                                                                                         285/392 
DEBUG util.py:463:    Verifying        : perl-Tie-RefHash-1.40-4.el9.noarch                                                                                                                              286/392 
DEBUG util.py:463:    Verifying        : perl-Time-1.03-481.1.el9_6.noarch                                                                                                                               287/392 
DEBUG util.py:463:    Verifying        : perl-Time-HiRes-4:1.9764-462.el9.x86_64                                                                                                                         288/392 
DEBUG util.py:463:    Verifying        : perl-Time-Piece-1.3401-481.1.el9_6.x86_64                                                                                                                       289/392 
DEBUG util.py:463:    Verifying        : perl-Unicode-Collate-1.29-4.el9.x86_64                                                                                                                          290/392 
DEBUG util.py:463:    Verifying        : perl-Unicode-Normalize-1.27-461.el9.x86_64                                                                                                                      291/392 
DEBUG util.py:463:    Verifying        : perl-Unicode-UCD-0.75-481.1.el9_6.noarch                                                                                                                        292/392 
DEBUG util.py:463:    Verifying        : perl-User-pwent-1.03-481.1.el9_6.noarch                                                                                                                         293/392 
DEBUG util.py:463:    Verifying        : perl-autodie-2.34-4.el9.noarch                                                                                                                                  294/392 
DEBUG util.py:463:    Verifying        : perl-autouse-1.11-481.1.el9_6.noarch                                                                                                                            295/392 
DEBUG util.py:463:    Verifying        : perl-bignum-0.51-460.el9.noarch                                                                                                                                 296/392 
DEBUG util.py:463:    Verifying        : perl-blib-1.07-481.1.el9_6.noarch                                                                                                                               297/392 
DEBUG util.py:463:    Verifying        : perl-debugger-1.56-481.1.el9_6.noarch                                                                                                                           298/392 
DEBUG util.py:463:    Verifying        : perl-deprecate-0.04-481.1.el9_6.noarch                                                                                                                          299/392 
DEBUG util.py:463:    Verifying        : perl-devel-4:5.32.1-481.1.el9_6.x86_64                                                                                                                          300/392 
DEBUG util.py:463:    Verifying        : perl-diagnostics-1.37-481.1.el9_6.noarch                                                                                                                        301/392 
DEBUG util.py:463:    Verifying        : perl-doc-5.32.1-481.1.el9_6.noarch                                                                                                                              302/392 
DEBUG util.py:463:    Verifying        : perl-encoding-4:3.00-462.el9.x86_64                                                                                                                             303/392 
DEBUG util.py:463:    Verifying        : perl-encoding-warnings-0.13-481.1.el9_6.noarch                                                                                                                  304/392 
DEBUG util.py:463:    Verifying        : perl-experimental-0.022-6.el9.noarch                                                                                                                            305/392 
DEBUG util.py:463:    Verifying        : perl-fields-2.27-481.1.el9_6.noarch                                                                                                                             306/392 
DEBUG util.py:463:    Verifying        : perl-filetest-1.03-481.1.el9_6.noarch                                                                                                                           307/392 
DEBUG util.py:463:    Verifying        : perl-inc-latest-2:0.500-20.el9.noarch                                                                                                                           308/392 
DEBUG util.py:463:    Verifying        : perl-less-0.03-481.1.el9_6.noarch                                                                                                                               309/392 
DEBUG util.py:463:    Verifying        : perl-lib-0.65-481.1.el9_6.x86_64                                                                                                                                310/392 
DEBUG util.py:463:    Verifying        : perl-libnetcfg-4:5.32.1-481.1.el9_6.noarch                                                                                                                      311/392 
DEBUG util.py:463:    Verifying        : perl-local-lib-2.000024-13.el9.noarch                                                                                                                           312/392 
DEBUG util.py:463:    Verifying        : perl-locale-1.09-481.1.el9_6.noarch                                                                                                                             313/392 
DEBUG util.py:463:    Verifying        : perl-macros-4:5.32.1-481.1.el9_6.noarch                                                                                                                         314/392 
DEBUG util.py:463:    Verifying        : perl-meta-notation-5.32.1-481.1.el9_6.noarch                                                                                                                    315/392 
DEBUG util.py:463:    Verifying        : perl-open-1.12-481.1.el9_6.noarch                                                                                                                               316/392 
DEBUG util.py:463:    Verifying        : perl-perlfaq-5.20210520-1.el9.noarch                                                                                                                            317/392 
DEBUG util.py:463:    Verifying        : perl-ph-5.32.1-481.1.el9_6.x86_64                                                                                                                               318/392 
DEBUG util.py:463:    Verifying        : perl-sigtrap-1.09-481.1.el9_6.noarch                                                                                                                            319/392 
DEBUG util.py:463:    Verifying        : perl-sort-2.04-481.1.el9_6.noarch                                                                                                                               320/392 
DEBUG util.py:463:    Verifying        : perl-threads-1:2.25-460.el9.x86_64                                                                                                                              321/392 
DEBUG util.py:463:    Verifying        : perl-threads-shared-1.61-460.el9.x86_64                                                                                                                         322/392 
DEBUG util.py:463:    Verifying        : perl-utils-5.32.1-481.1.el9_6.noarch                                                                                                                            323/392 
DEBUG util.py:463:    Verifying        : perl-version-7:0.99.28-4.el9.x86_64                                                                                                                             324/392 
DEBUG util.py:463:    Verifying        : perl-vmsish-1.04-481.1.el9_6.noarch                                                                                                                             325/392 
DEBUG util.py:463:    Verifying        : pixman-0.40.0-6.el9_3.x86_64                                                                                                                                    326/392 
DEBUG util.py:463:    Verifying        : popt-devel-1.18-8.el9.x86_64                                                                                                                                    327/392 
DEBUG util.py:463:    Verifying        : rpm-devel-4.16.1.3-39.el9.x86_64                                                                                                                                328/392 
DEBUG util.py:463:    Verifying        : sqlite-3.34.1-9.el9_7.x86_64                                                                                                                                    329/392 
DEBUG util.py:463:    Verifying        : sqlite-devel-3.34.1-9.el9_7.x86_64                                                                                                                              330/392 
DEBUG util.py:463:    Verifying        : sysprof-capture-devel-3.40.1-3.el9.x86_64                                                                                                                       331/392 
DEBUG util.py:463:    Verifying        : systemd-devel-252-55.el9_7.9.alma.1.x86_64                                                                                                                      332/392 
DEBUG util.py:463:    Verifying        : systemtap-sdt-devel-5.3-3.el9.x86_64                                                                                                                            333/392 
DEBUG util.py:463:    Verifying        : systemtap-sdt-dtrace-5.3-3.el9.x86_64                                                                                                                           334/392 
DEBUG util.py:463:    Verifying        : tokyocabinet-1.4.48-19.el9.x86_64                                                                                                                               335/392 
DEBUG util.py:463:    Verifying        : unixODBC-2.3.9-4.el9.x86_64                                                                                                                                     336/392 
DEBUG util.py:463:    Verifying        : xml-common-0.6.3-58.el9.noarch                                                                                                                                  337/392 
DEBUG util.py:463:    Verifying        : xorg-x11-proto-devel-2024.1-1.el9.noarch                                                                                                                        338/392 
DEBUG util.py:463:    Verifying        : xz-devel-5.2.5-8.el9_0.x86_64                                                                                                                                   339/392 
DEBUG util.py:463:    Verifying        : zlib-devel-1.2.11-40.el9.x86_64                                                                                                                                 340/392 
DEBUG util.py:463:    Verifying        : aspell-12:0.60.8-8.el9.x86_64                                                                                                                                   341/392 
DEBUG util.py:463:    Verifying        : aspell-devel-12:0.60.8-8.el9.x86_64                                                                                                                             342/392 
DEBUG util.py:463:    Verifying        : enchant-devel-1:1.6.0-30.el9.x86_64                                                                                                                             343/392 
DEBUG util.py:463:    Verifying        : libtool-ltdl-devel-2.4.6-46.el9.x86_64                                                                                                                          344/392 
DEBUG util.py:463:    Verifying        : tokyocabinet-devel-1.4.48-19.el9.x86_64                                                                                                                         345/392 
DEBUG util.py:463:    Verifying        : unixODBC-devel-2.3.9-4.el9.x86_64                                                                                                                               346/392 
DEBUG util.py:463:    Verifying        : exim-4.99.2-1.el9.x86_64                                                                                                                                        347/392 
DEBUG util.py:463:    Verifying        : firebird-4.0.7.3271-1.el9.x86_64                                                                                                                                348/392 
DEBUG util.py:463:    Verifying        : firebird-devel-4.0.7.3271-1.el9.x86_64                                                                                                                          349/392 
DEBUG util.py:463:    Verifying        : firebird-utils-4.0.7.3271-1.el9.x86_64                                                                                                                          350/392 
DEBUG util.py:463:    Verifying        : freetds-1.4.23-1.el9.x86_64                                                                                                                                     351/392 
DEBUG util.py:463:    Verifying        : freetds-devel-1.4.23-1.el9.x86_64                                                                                                                               352/392 
DEBUG util.py:463:    Verifying        : freetds-libs-1.4.23-1.el9.x86_64                                                                                                                                353/392 
DEBUG util.py:463:    Verifying        : highway-1.3.0-1.el9.x86_64                                                                                                                                      354/392 
DEBUG util.py:463:    Verifying        : libaom-3.13.1-1.el9.x86_64                                                                                                                                      355/392 
DEBUG util.py:463:    Verifying        : libavif-0.11.1-5.el9.x86_64                                                                                                                                     356/392 
DEBUG util.py:463:    Verifying        : libavif-devel-0.11.1-5.el9.x86_64                                                                                                                               357/392 
DEBUG util.py:463:    Verifying        : libbsd-0.12.2-1.el9.x86_64                                                                                                                                      358/392 
DEBUG util.py:463:    Verifying        : libdav1d-1.5.3-1.el9.x86_64                                                                                                                                     359/392 
DEBUG util.py:463:    Verifying        : libfbclient2-4.0.7.3271-1.el9.x86_64                                                                                                                            360/392 
DEBUG util.py:463:    Verifying        : libfbclient2-devel-4.0.7.3271-1.el9.x86_64                                                                                                                      361/392 
DEBUG util.py:463:    Verifying        : libgsasl-1.10.0-15.el9.x86_64                                                                                                                                   362/392 
DEBUG util.py:463:    Verifying        : libib-util-4.0.7.3271-1.el9.x86_64                                                                                                                              363/392 
DEBUG util.py:463:    Verifying        : libidn-1.38-4.el9.x86_64                                                                                                                                        364/392 
DEBUG util.py:463:    Verifying        : libimagequant-2.17.0-1.el9.x86_64                                                                                                                               365/392 
DEBUG util.py:463:    Verifying        : libimagequant-devel-2.17.0-1.el9.x86_64                                                                                                                         366/392 
DEBUG util.py:463:    Verifying        : libjxl-0.7.2-2.el9.x86_64                                                                                                                                       367/392 
DEBUG util.py:463:    Verifying        : libmcrypt-2.5.8-30.el9.x86_64                                                                                                                                   368/392 
DEBUG util.py:463:    Verifying        : libmcrypt-devel-2.5.8-30.el9.x86_64                                                                                                                             369/392 
DEBUG util.py:463:    Verifying        : libmd-1.2.0-1.el9.x86_64                                                                                                                                        370/392 
DEBUG util.py:463:    Verifying        : libntlm-1.6-4.el9.x86_64                                                                                                                                        371/392 
DEBUG util.py:463:    Verifying        : libopendmarc-1.4.2-33.el9.x86_64                                                                                                                                372/392 
DEBUG util.py:463:    Verifying        : libraqm-0.8.0-1.el9.x86_64                                                                                                                                      373/392 
DEBUG util.py:463:    Verifying        : libraqm-devel-0.8.0-1.el9.x86_64                                                                                                                                374/392 
DEBUG util.py:463:    Verifying        : libspf2-1.2.11-11.20210922git4915c308.el9.x86_64                                                                                                                375/392 
DEBUG util.py:463:    Verifying        : libtidy-5.8.0-2.el9.x86_64                                                                                                                                      376/392 
DEBUG util.py:463:    Verifying        : libtidy-devel-5.8.0-2.el9.x86_64                                                                                                                                377/392 
DEBUG util.py:463:    Verifying        : libtomcrypt-1.18.2-12.el9.x86_64                                                                                                                                378/392 
DEBUG util.py:463:    Verifying        : libtommath-1.2.0-10.el9.x86_64                                                                                                                                  379/392 
DEBUG util.py:463:    Verifying        : libvmaf-2.3.0-2.el9.x86_64                                                                                                                                      380/392 
DEBUG util.py:463:    Verifying        : rav1e-libs-0.8.1-2.el9.x86_64                                                                                                                                   381/392 
DEBUG util.py:463:    Verifying        : recode-3.7.11-1.el9.x86_64                                                                                                                                      382/392 
DEBUG util.py:463:    Verifying        : recode-devel-3.7.11-1.el9.x86_64                                                                                                                                383/392 
DEBUG util.py:463:    Verifying        : svt-av1-libs-0.9.0-1.el9.x86_64                                                                                                                                 384/392 
DEBUG util.py:463:    Verifying        : t1lib-5.1.2-31.el9.x86_64                                                                                                                                       385/392 
DEBUG util.py:463:    Verifying        : t1lib-devel-5.1.2-31.el9.x86_64                                                                                                                                 386/392 
DEBUG util.py:463:    Verifying        : gd3php-2.3.3-9.el9.remi.x86_64                                                                                                                                  387/392 
DEBUG util.py:463:    Verifying        : gd3php-devel-2.3.3-9.el9.remi.x86_64                                                                                                                            388/392 
DEBUG util.py:463:    Verifying        : libc-client-2007f-30.el9.remi.x86_64                                                                                                                            389/392 
DEBUG util.py:463:    Verifying        : libicu69-69.1-4.el9.remi.x86_64                                                                                                                                 390/392 
DEBUG util.py:463:    Verifying        : libicu69-devel-69.1-4.el9.remi.x86_64                                                                                                                           391/392 
DEBUG util.py:463:    Verifying        : uw-imap-devel-2007f-30.el9.remi.x86_64                                                                                                                          392/392 
DEBUG util.py:463:  Installed:
DEBUG util.py:463:    acl-2.3.1-4.el9.x86_64                                            annobin-12.98-1.el9.x86_64                                  apr-1.7.0-12.el9_3.x86_64                                   
DEBUG util.py:463:    apr-devel-1.7.0-12.el9_3.x86_64                                   apr-util-1.6.1-23.el9.x86_64                                apr-util-bdb-1.6.1-23.el9.x86_64                            
DEBUG util.py:463:    apr-util-devel-1.6.1-23.el9.x86_64                                aspell-12:0.60.8-8.el9.x86_64                               aspell-devel-12:0.60.8-8.el9.x86_64                         
DEBUG util.py:463:    attr-2.5.1-3.el9.x86_64                                           autoconf-2.69-41.el9.noarch                                 automake-1.16.2-8.el9.noarch                                
DEBUG util.py:463:    brotli-1.0.9-9.el9_7.x86_64                                       brotli-devel-1.0.9-9.el9_7.x86_64                           bzip2-devel-1.0.8-10.el9_5.x86_64                           
DEBUG util.py:463:    cairo-1.17.4-7.el9.x86_64                                         cmake-filesystem-3.26.5-3.el9_7.x86_64                      cpp-11.5.0-11.el9.alma.1.x86_64                             
DEBUG util.py:463:    cyrus-sasl-2.1.27-22.el9.x86_64                                   cyrus-sasl-devel-2.1.27-22.el9.x86_64                       dbus-1:1.12.20-8.el9.x86_64                                 
DEBUG util.py:463:    dbus-broker-28-7.el9.x86_64                                       dbus-common-1:1.12.20-8.el9.noarch                          dejavu-sans-fonts-2.37-18.el9.noarch                        
DEBUG util.py:463:    elfutils-devel-0.193-1.el9.alma.1.x86_64                          elfutils-libelf-devel-0.193-1.el9.alma.1.x86_64             emacs-filesystem-1:27.2-18.el9.noarch                       
DEBUG util.py:463:    enchant-1:1.6.0-30.el9.x86_64                                     enchant-devel-1:1.6.0-30.el9.x86_64                         exim-4.99.2-1.el9.x86_64                                    
DEBUG util.py:463:    expat-2.5.0-5.el9_7.1.x86_64                                      expat-devel-2.5.0-5.el9_7.1.x86_64                          firebird-4.0.7.3271-1.el9.x86_64                            
DEBUG util.py:463:    firebird-devel-4.0.7.3271-1.el9.x86_64                            firebird-utils-4.0.7.3271-1.el9.x86_64                      fontconfig-2.14.0-2.el9_1.x86_64                            
DEBUG util.py:463:    fontconfig-devel-2.14.0-2.el9_1.x86_64                            fonts-filesystem-1:2.0.5-7.el9.1.noarch                     freetds-1.4.23-1.el9.x86_64                                 
DEBUG util.py:463:    freetds-devel-1.4.23-1.el9.x86_64                                 freetds-libs-1.4.23-1.el9.x86_64                            freetype-2.10.4-10.el9_5.x86_64                             
DEBUG util.py:463:    freetype-devel-2.10.4-10.el9_5.x86_64                             fribidi-1.0.10-6.el9.2.x86_64                               fribidi-devel-1.0.10-6.el9.2.x86_64                         
DEBUG util.py:463:    gcc-11.5.0-11.el9.alma.1.x86_64                                   gcc-c++-11.5.0-11.el9.alma.1.x86_64                         gcc-plugin-annobin-11.5.0-11.el9.alma.1.x86_64              
DEBUG util.py:463:    gd3php-2.3.3-9.el9.remi.x86_64                                    gd3php-devel-2.3.3-9.el9.remi.x86_64                        gettext-0.21-8.el9.x86_64                                   
DEBUG util.py:463:    gettext-libs-0.21-8.el9.x86_64                                    glib2-2.68.4-18.el9_7.2.x86_64                              glib2-devel-2.68.4-18.el9_7.2.x86_64                        
DEBUG util.py:463:    glibc-devel-2.34-231.el9_7.10.x86_64                              glibc-headers-2.34-231.el9_7.10.x86_64                      gmp-c++-1:6.2.0-13.el9.x86_64                               
DEBUG util.py:463:    gmp-devel-1:6.2.0-13.el9.x86_64                                   gnupg2-2.3.3-5.el9_7.x86_64                                 gnutls-3.8.3-10.el9_7.x86_64                                
DEBUG util.py:463:    graphite2-1.3.14-9.el9.x86_64                                     graphite2-devel-1.3.14-9.el9.x86_64                         harfbuzz-2.7.4-10.el9.x86_64                                
DEBUG util.py:463:    harfbuzz-devel-2.7.4-10.el9.x86_64                                harfbuzz-icu-2.7.4-10.el9.x86_64                            highway-1.3.0-1.el9.x86_64                                  
DEBUG util.py:463:    httpd-core-2.4.62-7.el9_7.3.x86_64                                httpd-devel-2.4.62-7.el9_7.3.x86_64                         httpd-filesystem-2.4.62-7.el9_7.3.noarch                    
DEBUG util.py:463:    httpd-tools-2.4.62-7.el9_7.3.x86_64                               hunspell-1.7.0-11.el9.x86_64                                hunspell-en-US-0.20140811.1-20.el9.noarch                   
DEBUG util.py:463:    hunspell-filesystem-1.7.0-11.el9.x86_64                           ima-evm-utils-1.6.2-2.el9.x86_64                            jbigkit-libs-2.1-23.el9.x86_64                              
DEBUG util.py:463:    kernel-headers-5.14.0-611.55.1.el9_7.x86_64                       keyutils-1.6.3-1.el9.x86_64                                 keyutils-libs-devel-1.6.3-1.el9.x86_64                      
DEBUG util.py:463:    kmod-libs-28-11.el9.x86_64                                        krb5-devel-1.21.1-9.el9_7.x86_64                            langpacks-core-font-en-3.0-16.el9.noarch                    
DEBUG util.py:463:    libICE-1.0.10-8.el9.x86_64                                        libSM-1.2.3-10.el9.x86_64                                   libX11-1.7.0-11.el9.x86_64                                  
DEBUG util.py:463:    libX11-common-1.7.0-11.el9.noarch                                 libX11-devel-1.7.0-11.el9.x86_64                            libX11-xcb-1.7.0-11.el9.x86_64                              
DEBUG util.py:463:    libXau-1.0.9-8.el9.x86_64                                         libXau-devel-1.0.9-8.el9.x86_64                             libXext-1.3.4-8.el9.x86_64                                  
DEBUG util.py:463:    libXpm-3.5.13-10.el9.x86_64                                       libXpm-devel-3.5.13-10.el9.x86_64                           libXrender-0.9.10-16.el9.x86_64                             
DEBUG util.py:463:    libXt-1.2.0-6.el9.x86_64                                          libacl-devel-2.3.1-4.el9.x86_64                             libaom-3.13.1-1.el9.x86_64                                  
DEBUG util.py:463:    libassuan-2.5.5-3.el9.x86_64                                      libattr-devel-2.5.1-3.el9.x86_64                            libavif-0.11.1-5.el9.x86_64                                 
DEBUG util.py:463:    libavif-devel-0.11.1-5.el9.x86_64                                 libblkid-devel-2.37.4-21.el9_7.x86_64                       libbsd-0.12.2-1.el9.x86_64                                  
DEBUG util.py:463:    libc-client-2007f-30.el9.remi.x86_64                              libcom_err-devel-1.46.5-8.el9.x86_64                        libcurl-devel-7.76.1-35.el9_7.3.x86_64                      
DEBUG util.py:463:    libdav1d-1.5.3-1.el9.x86_64                                       libdb-devel-5.3.28-57.el9_6.x86_64                          libedit-3.1-38.20210216cvs.el9.x86_64                       
DEBUG util.py:463:    libedit-devel-3.1-38.20210216cvs.el9.x86_64                       libfbclient2-4.0.7.3271-1.el9.x86_64                        libfbclient2-devel-4.0.7.3271-1.el9.x86_64                  
DEBUG util.py:463:    libffi-devel-3.4.2-8.el9.x86_64                                   libgpg-error-devel-1.42-5.el9.x86_64                        libgsasl-1.10.0-15.el9.x86_64                               
DEBUG util.py:463:    libib-util-4.0.7.3271-1.el9.x86_64                                libicu-67.1-10.el9_6.x86_64                                 libicu69-69.1-4.el9.remi.x86_64                             
DEBUG util.py:463:    libicu69-devel-69.1-4.el9.remi.x86_64                             libidn-1.38-4.el9.x86_64                                    libimagequant-2.17.0-1.el9.x86_64                           
DEBUG util.py:463:    libimagequant-devel-2.17.0-1.el9.x86_64                           libjpeg-turbo-2.0.90-7.el9.x86_64                           libjpeg-turbo-devel-2.0.90-7.el9.x86_64                     
DEBUG util.py:463:    libjxl-0.7.2-2.el9.x86_64                                         libkadm5-1.21.1-9.el9_7.x86_64                              libksba-1.5.1-7.el9.x86_64                                  
DEBUG util.py:463:    libmcrypt-2.5.8-30.el9.x86_64                                     libmcrypt-devel-2.5.8-30.el9.x86_64                         libmd-1.2.0-1.el9.x86_64                                    
DEBUG util.py:463:    libmount-devel-2.37.4-21.el9_7.x86_64                             libmpc-1.2.1-4.el9.x86_64                                   libnsl2-2.0.0-1.el9.x86_64                                  
DEBUG util.py:463:    libntlm-1.6-4.el9.x86_64                                          libopendmarc-1.4.2-33.el9.x86_64                            libpng-2:1.6.37-12.el9_7.4.x86_64                           
DEBUG util.py:463:    libpng-devel-2:1.6.37-12.el9_7.4.x86_64                           libpq-13.23-1.el9_7.x86_64                                  libpq-devel-13.23-1.el9_7.x86_64                            
DEBUG util.py:463:    libraqm-0.8.0-1.el9.x86_64                                        libraqm-devel-0.8.0-1.el9.x86_64                            libseccomp-2.5.2-2.el9.x86_64                               
DEBUG util.py:463:    libselinux-devel-3.6-3.el9.x86_64                                 libselinux-utils-3.6-3.el9.x86_64                           libsepol-devel-3.6-3.el9.x86_64                             
DEBUG util.py:463:    libspf2-1.2.11-11.20210922git4915c308.el9.x86_64                  libstdc++-devel-11.5.0-11.el9.alma.1.x86_64                 libtidy-5.8.0-2.el9.x86_64                                  
DEBUG util.py:463:    libtidy-devel-5.8.0-2.el9.x86_64                                  libtiff-4.4.0-15.el9_7.3.x86_64                             libtiff-devel-4.4.0-15.el9_7.3.x86_64                       
DEBUG util.py:463:    libtirpc-1.3.3-9.el9.x86_64                                       libtomcrypt-1.18.2-12.el9.x86_64                            libtommath-1.2.0-10.el9.x86_64                              
DEBUG util.py:463:    libtool-2.4.6-46.el9.x86_64                                       libtool-ltdl-devel-2.4.6-46.el9.x86_64                      libverto-devel-0.3.2-3.el9.x86_64                           
DEBUG util.py:463:    libvmaf-2.3.0-2.el9.x86_64                                        libwebp-1.2.0-8.el9_3.x86_64                                libwebp-devel-1.2.0-8.el9_3.x86_64                          
DEBUG util.py:463:    libxcb-1.13.1-9.el9.x86_64                                        libxcb-devel-1.13.1-9.el9.x86_64                            libxcrypt-devel-4.4.18-3.el9.x86_64                         
DEBUG util.py:463:    libxml2-devel-2.9.13-14.el9_7.x86_64                              libxslt-1.1.34-14.el9_7.1.x86_64                            libxslt-devel-1.1.34-14.el9_7.1.x86_64                      
DEBUG util.py:463:    libzstd-devel-1.5.5-1.el9.x86_64                                  llvm-filesystem-20.1.8-3.el9.x86_64                         llvm-libs-20.1.8-3.el9.x86_64                               
DEBUG util.py:463:    lm_sensors-devel-3.6.0-10.el9.x86_64                              lm_sensors-libs-3.6.0-10.el9.x86_64                         m4-1.4.19-1.el9.x86_64                                      
DEBUG util.py:463:    mailcap-2.1.49-5.el9.noarch                                       make-1:4.3-8.el9.x86_64                                     mariadb-connector-c-3.2.6-1.el9_0.x86_64                    
DEBUG util.py:463:    mariadb-connector-c-config-3.2.6-1.el9_0.noarch                   ncurses-c++-libs-6.2-12.20210508.el9.x86_64                 ncurses-devel-6.2-12.20210508.el9.x86_64                    
DEBUG util.py:463:    net-snmp-agent-libs-1:5.9.1-17.el9_7.1.x86_64                     net-snmp-devel-1:5.9.1-17.el9_7.1.x86_64                    net-snmp-libs-1:5.9.1-17.el9_7.1.x86_64                     
DEBUG util.py:463:    nettle-3.10.1-1.el9.x86_64                                        npth-1.6-8.el9.x86_64                                       openldap-devel-2.6.8-4.el9.x86_64                           
DEBUG util.py:463:    openssl-devel-1:3.5.1-7.el9_7.x86_64                              pam-devel-1.5.1-26.el9_6.x86_64                             pcre-cpp-8.44-4.el9.x86_64                                  
DEBUG util.py:463:    pcre-devel-8.44-4.el9.x86_64                                      pcre-utf16-8.44-4.el9.x86_64                                pcre-utf32-8.44-4.el9.x86_64                                
DEBUG util.py:463:    pcre2-devel-10.40-6.el9.x86_64                                    pcre2-utf16-10.40-6.el9.x86_64                              pcre2-utf32-10.40-6.el9.x86_64                              
DEBUG util.py:463:    perl-4:5.32.1-481.1.el9_6.x86_64                                  perl-Algorithm-Diff-1.2010-4.el9.noarch                     perl-Archive-Tar-2.38-6.el9.noarch                          
DEBUG util.py:463:    perl-Archive-Zip-1.68-6.el9.noarch                                perl-Attribute-Handlers-1.01-481.1.el9_6.noarch             perl-AutoSplit-5.74-481.1.el9_6.noarch                      
DEBUG util.py:463:    perl-Benchmark-1.23-481.1.el9_6.noarch                            perl-CPAN-2.29-5.el9_6.noarch                               perl-CPAN-Meta-2.150010-460.el9.noarch                      
DEBUG util.py:463:    perl-CPAN-Meta-Requirements-2.140-461.el9.noarch                  perl-CPAN-Meta-YAML-0.018-461.el9.noarch                    perl-Compress-Bzip2-2.28-5.el9.x86_64                       
DEBUG util.py:463:    perl-Compress-Raw-Bzip2-2.101-5.el9.x86_64                        perl-Compress-Raw-Lzma-2.101-3.el9.x86_64                   perl-Compress-Raw-Zlib-2.101-5.el9.x86_64                   
DEBUG util.py:463:    perl-Config-Extensions-0.03-481.1.el9_6.noarch                    perl-Config-Perl-V-0.33-4.el9.noarch                        perl-DBM_Filter-0.06-481.1.el9_6.noarch                     
DEBUG util.py:463:    perl-DB_File-1.855-4.el9.x86_64                                   perl-Data-OptList-0.110-17.el9.noarch                       perl-Data-Section-0.200007-14.el9.noarch                    
DEBUG util.py:463:    perl-Devel-PPPort-3.62-4.el9.x86_64                               perl-Devel-Peek-1.28-481.1.el9_6.x86_64                     perl-Devel-SelfStubber-1.06-481.1.el9_6.noarch              
DEBUG util.py:463:    perl-Devel-Size-0.83-10.el9.x86_64                                perl-Digest-SHA-1:6.02-461.el9.x86_64                       perl-Digest-SHA1-2.13-34.el9.x86_64                         
DEBUG util.py:463:    perl-DirHandle-1.05-481.1.el9_6.noarch                            perl-Dumpvalue-2.27-481.1.el9_6.noarch                      perl-DynaLoader-1.47-481.1.el9_6.x86_64                     
DEBUG util.py:463:    perl-Encode-devel-4:3.08-462.el9.x86_64                           perl-English-1.11-481.1.el9_6.noarch                        perl-Env-1.04-460.el9.noarch                                
DEBUG util.py:463:    perl-ExtUtils-CBuilder-1:0.280236-4.el9.noarch                    perl-ExtUtils-Command-2:7.60-3.el9.noarch                   perl-ExtUtils-Constant-0.25-481.1.el9_6.noarch              
DEBUG util.py:463:    perl-ExtUtils-Embed-1.35-481.1.el9_6.noarch                       perl-ExtUtils-Install-2.20-4.el9.noarch                     perl-ExtUtils-MM-Utils-2:7.60-3.el9.noarch                  
DEBUG util.py:463:    perl-ExtUtils-MakeMaker-2:7.60-3.el9.noarch                       perl-ExtUtils-Manifest-1:1.73-4.el9.noarch                  perl-ExtUtils-Miniperl-1.09-481.1.el9_6.noarch              
DEBUG util.py:463:    perl-ExtUtils-ParseXS-1:3.40-460.el9.noarch                       perl-File-Compare-1.100.600-481.1.el9_6.noarch              perl-File-Copy-2.34-481.1.el9_6.noarch                      
DEBUG util.py:463:    perl-File-DosGlob-1.12-481.1.el9_6.x86_64                         perl-File-Fetch-1.00-4.el9.noarch                           perl-File-Find-1.37-481.1.el9_6.noarch                      
DEBUG util.py:463:    perl-File-HomeDir-1.006-4.el9.noarch                              perl-File-Which-1.23-10.el9.noarch                          perl-FileCache-1.10-481.1.el9_6.noarch                      
DEBUG util.py:463:    perl-Filter-2:1.60-4.el9.x86_64                                   perl-Filter-Simple-0.96-460.el9.noarch                      perl-FindBin-1.51-481.1.el9_6.noarch                        
DEBUG util.py:463:    perl-GDBM_File-1.18-481.1.el9_6.x86_64                            perl-Hash-Util-0.23-481.1.el9_6.x86_64                      perl-Hash-Util-FieldHash-1.20-481.1.el9_6.x86_64            
DEBUG util.py:463:    perl-I18N-Collate-1.02-481.1.el9_6.noarch                         perl-I18N-LangTags-0.44-481.1.el9_6.noarch                  perl-I18N-Langinfo-0.19-481.1.el9_6.x86_64                  
DEBUG util.py:463:    perl-IO-Compress-2.102-4.el9.noarch                               perl-IO-Compress-Lzma-2.101-4.el9.noarch                    perl-IO-Zlib-1:1.11-4.el9.noarch                            
DEBUG util.py:463:    perl-IPC-Cmd-2:1.04-461.el9.noarch                                perl-IPC-SysV-2.09-4.el9.x86_64                             perl-IPC-System-Simple-1.30-6.el9.noarch                    
DEBUG util.py:463:    perl-Importer-0.026-4.el9.noarch                                  perl-JSON-PP-1:4.06-4.el9.noarch                            perl-Locale-Maketext-1.29-461.el9.noarch                    
DEBUG util.py:463:    perl-Locale-Maketext-Simple-1:0.21-481.1.el9_6.noarch             perl-MRO-Compat-0.13-15.el9.noarch                          perl-Math-BigInt-1:1.9998.18-460.el9.noarch                 
DEBUG util.py:463:    perl-Math-BigInt-FastCalc-0.500.900-460.el9.x86_64                perl-Math-BigRat-0.2614-460.el9.noarch                      perl-Math-Complex-1.59-481.1.el9_6.noarch                   
DEBUG util.py:463:    perl-Memoize-1.03-481.1.el9_6.noarch                              perl-Module-Build-2:0.42.31-9.el9.noarch                    perl-Module-CoreList-1:5.20240609-1.el9.noarch              
DEBUG util.py:463:    perl-Module-CoreList-tools-1:5.20240609-1.el9.noarch              perl-Module-Load-1:0.36-4.el9.noarch                        perl-Module-Load-Conditional-0.74-4.el9.noarch              
DEBUG util.py:463:    perl-Module-Loaded-1:0.08-481.1.el9_6.noarch                      perl-Module-Metadata-1.000037-460.el9.noarch                perl-Module-Signature-0.88-1.el9.noarch                     
DEBUG util.py:463:    perl-NDBM_File-1.15-481.1.el9_6.x86_64                            perl-NEXT-0.67-481.1.el9_6.noarch                           perl-Net-1.02-481.1.el9_6.noarch                            
DEBUG util.py:463:    perl-Net-Ping-2.74-5.el9.noarch                                   perl-ODBM_File-1.16-481.1.el9_6.x86_64                      perl-Object-HashBase-0.009-7.el9.noarch                     
DEBUG util.py:463:    perl-Opcode-1.48-481.1.el9_6.x86_64                               perl-Package-Generator-1.106-23.el9.noarch                  perl-Params-Check-1:0.38-461.el9.noarch                     
DEBUG util.py:463:    perl-Params-Util-1.102-5.el9.x86_64                               perl-Perl-OSType-1.010-461.el9.noarch                       perl-PerlIO-via-QuotedPrint-0.09-4.el9.noarch               
DEBUG util.py:463:    perl-Pod-Checker-4:1.74-4.el9.noarch                              perl-Pod-Functions-1.13-481.1.el9_6.noarch                  perl-Pod-Html-1.25-481.1.el9_6.noarch                       
DEBUG util.py:463:    perl-Safe-2.41-481.1.el9_6.noarch                                 perl-Search-Dict-1.07-481.1.el9_6.noarch                    perl-SelfLoader-1.26-481.1.el9_6.noarch                     
DEBUG util.py:463:    perl-Software-License-0.103014-12.el9.noarch                      perl-Sub-Exporter-0.987-27.el9.noarch                       perl-Sub-Install-0.928-28.el9.noarch                        
DEBUG util.py:463:    perl-Sys-Hostname-1.23-481.1.el9_6.x86_64                         perl-Sys-Syslog-0.36-461.el9.x86_64                         perl-Term-Complete-1.403-481.1.el9_6.noarch                 
DEBUG util.py:463:    perl-Term-ReadLine-1.17-481.1.el9_6.noarch                        perl-Term-Table-0.015-8.el9.noarch                          perl-Test-1.31-481.1.el9_6.noarch                           
DEBUG util.py:463:    perl-Test-Harness-1:3.42-461.el9.noarch                           perl-Test-Simple-3:1.302183-4.el9.noarch                    perl-Text-Abbrev-1.02-481.1.el9_6.noarch                    
DEBUG util.py:463:    perl-Text-Balanced-2.04-4.el9.noarch                              perl-Text-Diff-1.45-13.el9.noarch                           perl-Text-Glob-0.11-15.el9.noarch                           
DEBUG util.py:463:    perl-Text-Template-1.59-5.el9.noarch                              perl-Thread-3.05-481.1.el9_6.noarch                         perl-Thread-Queue-3.14-460.el9.noarch                       
DEBUG util.py:463:    perl-Thread-Semaphore-2.13-481.1.el9_6.noarch                     perl-Tie-4.6-481.1.el9_6.noarch                             perl-Tie-File-1.06-481.1.el9_6.noarch                       
DEBUG util.py:463:    perl-Tie-Memoize-1.1-481.1.el9_6.noarch                           perl-Tie-RefHash-1.40-4.el9.noarch                          perl-Time-1.03-481.1.el9_6.noarch                           
DEBUG util.py:463:    perl-Time-HiRes-4:1.9764-462.el9.x86_64                           perl-Time-Piece-1.3401-481.1.el9_6.x86_64                   perl-Unicode-Collate-1.29-4.el9.x86_64                      
DEBUG util.py:463:    perl-Unicode-Normalize-1.27-461.el9.x86_64                        perl-Unicode-UCD-0.75-481.1.el9_6.noarch                    perl-User-pwent-1.03-481.1.el9_6.noarch                     
DEBUG util.py:463:    perl-autodie-2.34-4.el9.noarch                                    perl-autouse-1.11-481.1.el9_6.noarch                        perl-bignum-0.51-460.el9.noarch                             
DEBUG util.py:463:    perl-blib-1.07-481.1.el9_6.noarch                                 perl-debugger-1.56-481.1.el9_6.noarch                       perl-deprecate-0.04-481.1.el9_6.noarch                      
DEBUG util.py:463:    perl-devel-4:5.32.1-481.1.el9_6.x86_64                            perl-diagnostics-1.37-481.1.el9_6.noarch                    perl-doc-5.32.1-481.1.el9_6.noarch                          
DEBUG util.py:463:    perl-encoding-4:3.00-462.el9.x86_64                               perl-encoding-warnings-0.13-481.1.el9_6.noarch              perl-experimental-0.022-6.el9.noarch                        
DEBUG util.py:463:    perl-fields-2.27-481.1.el9_6.noarch                               perl-filetest-1.03-481.1.el9_6.noarch                       perl-inc-latest-2:0.500-20.el9.noarch                       
DEBUG util.py:463:    perl-less-0.03-481.1.el9_6.noarch                                 perl-lib-0.65-481.1.el9_6.x86_64                            perl-libnetcfg-4:5.32.1-481.1.el9_6.noarch                  
DEBUG util.py:463:    perl-local-lib-2.000024-13.el9.noarch                             perl-locale-1.09-481.1.el9_6.noarch                         perl-macros-4:5.32.1-481.1.el9_6.noarch                     
DEBUG util.py:463:    perl-meta-notation-5.32.1-481.1.el9_6.noarch                      perl-open-1.12-481.1.el9_6.noarch                           perl-perlfaq-5.20210520-1.el9.noarch                        
DEBUG util.py:463:    perl-ph-5.32.1-481.1.el9_6.x86_64                                 perl-sigtrap-1.09-481.1.el9_6.noarch                        perl-sort-2.04-481.1.el9_6.noarch                           
DEBUG util.py:463:    perl-threads-1:2.25-460.el9.x86_64                                perl-threads-shared-1.61-460.el9.x86_64                     perl-utils-5.32.1-481.1.el9_6.noarch                        
DEBUG util.py:463:    perl-version-7:0.99.28-4.el9.x86_64                               perl-vmsish-1.04-481.1.el9_6.noarch                         pixman-0.40.0-6.el9_3.x86_64                                
DEBUG util.py:463:    policycoreutils-3.6-3.el9.x86_64                                  popt-devel-1.18-8.el9.x86_64                                python3-3.9.25-3.el9_7.3.x86_64                             
DEBUG util.py:463:    python3-libs-3.9.25-3.el9_7.3.x86_64                              python3-pip-wheel-21.3.1-1.el9.noarch                       python3-pyparsing-2.4.7-9.el9.noarch                        
DEBUG util.py:463:    python3-setuptools-wheel-53.0.0-15.el9.noarch                     rav1e-libs-0.8.1-2.el9.x86_64                               recode-3.7.11-1.el9.x86_64                                  
DEBUG util.py:463:    recode-devel-3.7.11-1.el9.x86_64                                  rpm-devel-4.16.1.3-39.el9.x86_64                            rpm-sign-libs-4.16.1.3-39.el9.x86_64                        
DEBUG util.py:463:    shared-mime-info-2.1-5.el9.x86_64                                 sqlite-3.34.1-9.el9_7.x86_64                                sqlite-devel-3.34.1-9.el9_7.x86_64                          
DEBUG util.py:463:    svt-av1-libs-0.9.0-1.el9.x86_64                                   sysprof-capture-devel-3.40.1-3.el9.x86_64                   systemd-252-55.el9_7.9.alma.1.x86_64                        
DEBUG util.py:463:    systemd-devel-252-55.el9_7.9.alma.1.x86_64                        systemd-pam-252-55.el9_7.9.alma.1.x86_64                    systemd-rpm-macros-252-55.el9_7.9.alma.1.noarch             
DEBUG util.py:463:    systemtap-sdt-devel-5.3-3.el9.x86_64                              systemtap-sdt-dtrace-5.3-3.el9.x86_64                       t1lib-5.1.2-31.el9.x86_64                                   
DEBUG util.py:463:    t1lib-devel-5.1.2-31.el9.x86_64                                   tokyocabinet-1.4.48-19.el9.x86_64                           tokyocabinet-devel-1.4.48-19.el9.x86_64                     
DEBUG util.py:463:    tpm2-tss-3.2.3-1.el9.x86_64                                       unixODBC-2.3.9-4.el9.x86_64                                 unixODBC-devel-2.3.9-4.el9.x86_64                           
DEBUG util.py:463:    uw-imap-devel-2007f-30.el9.remi.x86_64                            xml-common-0.6.3-58.el9.noarch                              xorg-x11-proto-devel-2024.1-1.el9.noarch                    
DEBUG util.py:463:    xz-devel-5.2.5-8.el9_0.x86_64                                     zlib-devel-1.2.11-40.el9.x86_64                            
DEBUG util.py:463:  Complete!
DEBUG util.py:610:  Child return code was: 0
DEBUG util.py:185:  kill orphans in chroot /var/lib/mock/alma+epel-9-x86_64/root
DEBUG util.py:185:  kill orphans in chroot /var/lib/mock/alma+epel-9-x86_64-bootstrap/root/var/lib/mock/alma+epel-9-x86_64/root
DEBUG util.py:636:  child environment: None
DEBUG util.py:558:  Executing command: ['/bin/umount', '-n', '-l', '/var/lib/mock/alma+epel-9-x86_64-bootstrap/root/var/lib/mock/alma+epel-9-x86_64/root'] with env {'TERM': 'vt100', 'SHELL': '/bin/sh', 'HOME': '/builddir', 'HOSTNAME': 'mock', 'PATH': '/usr/bin:/bin:/usr/sbin:/sbin', 'LANG': 'C.UTF-8'} and shell False
DEBUG util.py:610:  Child return code was: 0
DEBUG util.py:636:  child environment: None
DEBUG util.py:558:  Executing command: ['/bin/umount', '-n', '-l', '/var/lib/mock/alma+epel-9-x86_64-bootstrap/root/var/lib/mock/alma+epel-9-x86_64/root'] with env {'TERM': 'vt100', 'SHELL': '/bin/sh', 'HOME': '/builddir', 'HOSTNAME': 'mock', 'PATH': '/usr/bin:/bin:/usr/sbin:/sbin', 'LANG': 'C.UTF-8'} and shell False
DEBUG util.py:610:  Child return code was: 0
DEBUG util.py:636:  child environment: None
DEBUG util.py:558:  Executing command: ['/bin/umount', '-n', '-l', '/var/lib/mock/alma+epel-9-x86_64/root/sys/fs/selinux'] with env {'TERM': 'vt100', 'SHELL': '/bin/sh', 'HOME': '/builddir', 'HOSTNAME': 'mock', 'PATH': '/usr/bin:/bin:/usr/sbin:/sbin', 'LANG': 'C.UTF-8'} and shell False
DEBUG util.py:610:  Child return code was: 0
DEBUG util.py:636:  child environment: None
DEBUG util.py:558:  Executing command: ['/bin/umount', '-n', '/var/lib/mock/alma+epel-9-x86_64/root/proc/filesystems'] with env {'TERM': 'vt100', 'SHELL': '/bin/sh', 'HOME': '/builddir', 'HOSTNAME': 'mock', 'PATH': '/usr/bin:/bin:/usr/sbin:/sbin', 'LANG': 'C.UTF-8'} and shell False
DEBUG util.py:610:  Child return code was: 0
DEBUG util.py:636:  child environment: None
DEBUG util.py:558:  Executing command: ['/bin/umount', '-n', '-l', '/var/lib/mock/alma+epel-9-x86_64/root/dev/pts'] with env {'TERM': 'vt100', 'SHELL': '/bin/sh', 'HOME': '/builddir', 'HOSTNAME': 'mock', 'PATH': '/usr/bin:/bin:/usr/sbin:/sbin', 'LANG': 'C.UTF-8'} and shell False
DEBUG util.py:610:  Child return code was: 0
DEBUG util.py:636:  child environment: None
DEBUG util.py:558:  Executing command: ['/bin/umount', '-n', '-l', '/var/lib/mock/alma+epel-9-x86_64/root/dev/shm'] with env {'TERM': 'vt100', 'SHELL': '/bin/sh', 'HOME': '/builddir', 'HOSTNAME': 'mock', 'PATH': '/usr/bin:/bin:/usr/sbin:/sbin', 'LANG': 'C.UTF-8'} and shell False
DEBUG util.py:610:  Child return code was: 0
DEBUG util.py:636:  child environment: None
DEBUG util.py:558:  Executing command: ['/bin/umount', '-n', '-l', '/var/lib/mock/alma+epel-9-x86_64/root/sys'] with env {'TERM': 'vt100', 'SHELL': '/bin/sh', 'HOME': '/builddir', 'HOSTNAME': 'mock', 'PATH': '/usr/bin:/bin:/usr/sbin:/sbin', 'LANG': 'C.UTF-8'} and shell False
DEBUG util.py:610:  Child return code was: 0
DEBUG util.py:636:  child environment: None
DEBUG util.py:558:  Executing command: ['/bin/umount', '-n', '-l', '/var/lib/mock/alma+epel-9-x86_64/root/sys'] with env {'TERM': 'vt100', 'SHELL': '/bin/sh', 'HOME': '/builddir', 'HOSTNAME': 'mock', 'PATH': '/usr/bin:/bin:/usr/sbin:/sbin', 'LANG': 'C.UTF-8'} and shell False
DEBUG util.py:610:  Child return code was: 0
DEBUG util.py:636:  child environment: None
DEBUG util.py:558:  Executing command: ['/bin/umount', '-n', '-l', '/var/lib/mock/alma+epel-9-x86_64/root/proc'] with env {'TERM': 'vt100', 'SHELL': '/bin/sh', 'HOME': '/builddir', 'HOSTNAME': 'mock', 'PATH': '/usr/bin:/bin:/usr/sbin:/sbin', 'LANG': 'C.UTF-8'} and shell False
DEBUG util.py:610:  Child return code was: 0
DEBUG util.py:636:  child environment: None
DEBUG util.py:558:  Executing command: ['/bin/umount', '-n', '-l', '/var/lib/mock/alma+epel-9-x86_64/root/proc'] with env {'TERM': 'vt100', 'SHELL': '/bin/sh', 'HOME': '/builddir', 'HOSTNAME': 'mock', 'PATH': '/usr/bin:/bin:/usr/sbin:/sbin', 'LANG': 'C.UTF-8'} and shell False
DEBUG util.py:610:  Child return code was: 0
DEBUG file_util.py:17:  ensuring that dir exists: /var/lib/mock/alma+epel-9-x86_64-bootstrap/root/var/lib/mock/alma+epel-9-x86_64/root
DEBUG util.py:636:  child environment: None
DEBUG util.py:558:  Executing command: ['/bin/mount', '-n', '-t', 'tmpfs', '-o', 'private,mode=0755', 'tmpfs', '/var/lib/mock/alma+epel-9-x86_64-bootstrap/root/var/lib/mock/alma+epel-9-x86_64/root'] with env {'TERM': 'vt100', 'SHELL': '/bin/sh', 'HOME': '/builddir', 'HOSTNAME': 'mock', 'PATH': '/usr/bin:/bin:/usr/sbin:/sbin', 'LANG': 'C.UTF-8'} and shell False
DEBUG util.py:610:  Child return code was: 0
DEBUG file_util.py:17:  ensuring that dir exists: /var/lib/mock/alma+epel-9-x86_64-bootstrap/root/var/lib/mock/alma+epel-9-x86_64/root
DEBUG util.py:636:  child environment: None
DEBUG util.py:558:  Executing command: ['/bin/mount', '-n', '-o', 'rbind', '/var/lib/mock/alma+epel-9-x86_64/root', '/var/lib/mock/alma+epel-9-x86_64-bootstrap/root/var/lib/mock/alma+epel-9-x86_64/root'] with env {'TERM': 'vt100', 'SHELL': '/bin/sh', 'HOME': '/builddir', 'HOSTNAME': 'mock', 'PATH': '/usr/bin:/bin:/usr/sbin:/sbin', 'LANG': 'C.UTF-8'} and shell False
DEBUG util.py:610:  Child return code was: 0
DEBUG util.py:636:  child environment: None
DEBUG util.py:558:  Executing command: ['/bin/mount', '-n', '-o', 'remount,private,rbind', '--target', '/var/lib/mock/alma+epel-9-x86_64-bootstrap/root/var/lib/mock/alma+epel-9-x86_64/root'] with env {'TERM': 'vt100', 'SHELL': '/bin/sh', 'HOME': '/builddir', 'HOSTNAME': 'mock', 'PATH': '/usr/bin:/bin:/usr/sbin:/sbin', 'LANG': 'C.UTF-8'} and shell False
DEBUG util.py:610:  Child return code was: 0
DEBUG util.py:636:  child environment: None
DEBUG util.py:553:  Using nspawn with args ['--capability=cap_ipc_lock', '--bind=/tmp/mock-resolv.481fms99:/etc/resolv.conf']
DEBUG util.py:558:  Executing command: ['/usr/bin/systemd-nspawn', '-q', '-M', '4ba9031e17a14545a94905d2bbc8ad64', '-D', '/var/lib/mock/alma+epel-9-x86_64-bootstrap/root', '-a', '--capability=cap_ipc_lock', '--bind=/tmp/mock-resolv.481fms99:/etc/resolv.conf', '--console=pipe', '--setenv=TERM=vt100', '--setenv=SHELL=/bin/bash', '--setenv=HOME=/builddir', '--setenv=HOSTNAME=mock', '--setenv=PATH=/usr/bin:/bin:/usr/sbin:/sbin', '--setenv=PROMPT_COMMAND=printf "\\033]0;<mock-chroot>\\007"', '--setenv=PS1=<mock-chroot> \\s-\\v\\$ ', '--setenv=LANG=C.UTF-8', '--resolv-conf=off', '/bin/rpm', '-qa', '--root', '/var/lib/mock/alma+epel-9-x86_64/root'] with env {'TERM': 'vt100', 'SHELL': '/bin/bash', 'HOME': '/builddir', 'HOSTNAME': 'mock', 'PATH': '/usr/bin:/bin:/usr/sbin:/sbin', 'PROMPT_COMMAND': 'printf "\\033]0;<mock-chroot>\\007"', 'PS1': '<mock-chroot> \\s-\\v\\$ ', 'LANG': 'C.UTF-8', 'SYSTEMD_NSPAWN_TMPFS_TMP': '0', 'SYSTEMD_SECCOMP': '0'} and shell False
DEBUG util.py:463:  gpg-pubkey-b86b3716-61e69f29
DEBUG util.py:463:  gpg-pubkey-3228467c-613798eb
DEBUG util.py:463:  rust-srpm-macros-17-4.el9.noarch
DEBUG util.py:463:  rust-srpm-macros-epel-26.3-1.el9.noarch
DEBUG util.py:463:  qt6-srpm-macros-6.6.2-1.el9.noarch
DEBUG util.py:463:  ghc-srpm-macros-epel-1.9.1-1.el9.noarch
DEBUG util.py:463:  fpc-srpm-macros-1.3-7.el9.noarch
DEBUG util.py:463:  ansible-srpm-macros-1-16.el9.noarch
DEBUG util.py:463:  qt5-srpm-macros-5.15.9-1.el9.noarch
DEBUG util.py:463:  perl-srpm-macros-1-41.el9.noarch
DEBUG util.py:463:  openblas-srpm-macros-2-11.el9.noarch
DEBUG util.py:463:  ocaml-srpm-macros-6-6.el9.noarch
DEBUG util.py:463:  ghc-srpm-macros-1.5.0-6.el9.noarch
DEBUG util.py:463:  tzdata-2026a-1.el9.noarch
DEBUG util.py:463:  publicsuffix-list-dafsa-20210518-3.el9.noarch
DEBUG util.py:463:  pkgconf-m4-1.7.3-10.el9.noarch
DEBUG util.py:463:  pcre2-syntax-10.40-6.el9.noarch
DEBUG util.py:463:  ncurses-base-6.2-12.20210508.el9.noarch
DEBUG util.py:463:  libssh-config-0.10.4-17.el9_7.noarch
DEBUG util.py:463:  coreutils-common-8.32-39.el9.x86_64
DEBUG util.py:463:  almalinux-gpg-keys-9.7-1.el9.x86_64
DEBUG util.py:463:  almalinux-release-9.7-1.el9.x86_64
DEBUG util.py:463:  almalinux-repos-9.7-1.el9.x86_64
DEBUG util.py:463:  setup-2.13.7-10.el9.noarch
DEBUG util.py:463:  filesystem-3.16-5.el9.x86_64
DEBUG util.py:463:  basesystem-11-13.el9.noarch
DEBUG util.py:463:  ncurses-libs-6.2-12.20210508.el9.x86_64
DEBUG util.py:463:  bash-5.1.8-9.el9.x86_64
DEBUG util.py:463:  glibc-gconv-extra-2.34-231.el9_7.10.x86_64
DEBUG util.py:463:  libgcc-11.5.0-11.el9.alma.1.x86_64
DEBUG util.py:463:  glibc-minimal-langpack-2.34-231.el9_7.10.x86_64
DEBUG util.py:463:  glibc-common-2.34-231.el9_7.10.x86_64
DEBUG util.py:463:  glibc-2.34-231.el9_7.10.x86_64
DEBUG util.py:463:  zlib-1.2.11-40.el9.x86_64
DEBUG util.py:463:  xz-libs-5.2.5-8.el9_0.x86_64
DEBUG util.py:463:  bzip2-libs-1.0.8-10.el9_5.x86_64
DEBUG util.py:463:  libzstd-1.5.5-1.el9.x86_64
DEBUG util.py:463:  elfutils-libelf-0.193-1.el9.alma.1.x86_64
DEBUG util.py:463:  libstdc++-11.5.0-11.el9.alma.1.x86_64
DEBUG util.py:463:  libxcrypt-4.4.18-3.el9.x86_64
DEBUG util.py:463:  libuuid-2.37.4-21.el9_7.x86_64
DEBUG util.py:463:  gmp-6.2.0-13.el9.x86_64
DEBUG util.py:463:  libattr-2.5.1-3.el9.x86_64
DEBUG util.py:463:  libacl-2.3.1-4.el9.x86_64
DEBUG util.py:463:  libcap-2.48-10.el9_7.1.x86_64
DEBUG util.py:463:  popt-1.18-8.el9.x86_64
DEBUG util.py:463:  libcom_err-1.46.5-8.el9.x86_64
DEBUG util.py:463:  lz4-libs-1.9.3-5.el9.x86_64
DEBUG util.py:463:  readline-8.1-4.el9.x86_64
DEBUG util.py:463:  crypto-policies-20250905-1.git377cc42.el9_7.noarch
DEBUG util.py:463:  mpfr-4.1.0-7.el9.x86_64
DEBUG util.py:463:  dwz-0.16-1.el9.x86_64
DEBUG util.py:463:  unzip-6.0-59.el9.x86_64
DEBUG util.py:463:  file-libs-5.39-16.el9.x86_64
DEBUG util.py:463:  file-5.39-16.el9.x86_64
DEBUG util.py:463:  sqlite-libs-3.34.1-9.el9_7.x86_64
DEBUG util.py:463:  alternatives-1.24-2.el9.x86_64
DEBUG util.py:463:  libcap-ng-0.8.2-7.el9.x86_64
DEBUG util.py:463:  audit-libs-3.1.5-7.el9.x86_64
DEBUG util.py:463:  libffi-3.4.2-8.el9.x86_64
DEBUG util.py:463:  libsepol-3.6-3.el9.x86_64
DEBUG util.py:463:  libsigsegv-2.13-4.el9.x86_64
DEBUG util.py:463:  gawk-5.1.0-6.el9.x86_64
DEBUG util.py:463:  libsmartcols-2.37.4-21.el9_7.x86_64
DEBUG util.py:463:  libtasn1-4.16.0-9.el9.x86_64
DEBUG util.py:463:  p11-kit-0.25.3-3.el9_5.x86_64
DEBUG util.py:463:  libunistring-0.9.10-15.el9.x86_64
DEBUG util.py:463:  libidn2-2.3.0-7.el9.x86_64
DEBUG util.py:463:  lua-libs-5.4.4-4.el9.x86_64
DEBUG util.py:463:  libpsl-0.21.1-5.el9.x86_64
DEBUG util.py:463:  p11-kit-trust-0.25.3-3.el9_5.x86_64
DEBUG util.py:463:  zip-3.0-35.el9.x86_64
DEBUG util.py:463:  zstd-1.5.5-1.el9.x86_64
DEBUG util.py:463:  groff-base-1.22.4-10.el9.x86_64
DEBUG util.py:463:  bzip2-1.0.8-10.el9_5.x86_64
DEBUG util.py:463:  libxml2-2.9.13-14.el9_7.x86_64
DEBUG util.py:463:  info-6.7-15.el9.x86_64
DEBUG util.py:463:  ed-1.14.2-12.el9.x86_64
DEBUG util.py:463:  cpio-2.13-16.el9.x86_64
DEBUG util.py:463:  diffutils-3.7-12.el9.x86_64
DEBUG util.py:463:  gdbm-libs-1.23-1.el9.x86_64
DEBUG util.py:463:  json-c-0.14-11.el9.x86_64
DEBUG util.py:463:  keyutils-libs-1.6.3-1.el9.x86_64
DEBUG util.py:463:  libbrotli-1.0.9-9.el9_7.x86_64
DEBUG util.py:463:  libdb-5.3.28-57.el9_6.x86_64
DEBUG util.py:463:  libeconf-0.4.1-4.el9.x86_64
DEBUG util.py:463:  libgomp-11.5.0-11.el9.alma.1.x86_64
DEBUG util.py:463:  libgpg-error-1.42-5.el9.x86_64
DEBUG util.py:463:  libgcrypt-1.10.0-11.el9.x86_64
DEBUG util.py:463:  libnghttp2-1.43.0-6.el9_7.1.x86_64
DEBUG util.py:463:  libpkgconf-1.7.3-10.el9.x86_64
DEBUG util.py:463:  pkgconf-1.7.3-10.el9.x86_64
DEBUG util.py:463:  pkgconf-pkg-config-1.7.3-10.el9.x86_64
DEBUG util.py:463:  libtool-ltdl-2.4.6-46.el9.x86_64
DEBUG util.py:463:  libverto-0.3.2-3.el9.x86_64
DEBUG util.py:463:  ncurses-6.2-12.20210508.el9.x86_64
DEBUG util.py:463:  pcre-8.44-4.el9.x86_64
DEBUG util.py:463:  grep-3.6-5.el9.x86_64
DEBUG util.py:463:  xz-5.2.5-8.el9_0.x86_64
DEBUG util.py:463:  pcre2-10.40-6.el9.x86_64
DEBUG util.py:463:  libselinux-3.6-3.el9.x86_64
DEBUG util.py:463:  sed-4.8-9.el9.x86_64
DEBUG util.py:463:  findutils-4.8.0-7.el9.x86_64
DEBUG util.py:463:  openssl-fips-provider-3.5.1-7.el9_7.x86_64
DEBUG util.py:463:  openssl-libs-3.5.1-7.el9_7.x86_64
DEBUG util.py:463:  coreutils-8.32-39.el9.x86_64
DEBUG util.py:463:  ca-certificates-2025.2.80_v9.0.305-91.el9.noarch
DEBUG util.py:463:  libblkid-2.37.4-21.el9_7.x86_64
DEBUG util.py:463:  krb5-libs-1.21.1-9.el9_7.x86_64
DEBUG util.py:463:  libmount-2.37.4-21.el9_7.x86_64
DEBUG util.py:463:  gzip-1.12-1.el9.x86_64
DEBUG util.py:463:  cracklib-2.9.6-27.el9.x86_64
DEBUG util.py:463:  systemd-libs-252-55.el9_7.9.alma.1.x86_64
DEBUG util.py:463:  libarchive-3.5.3-9.el9_7.x86_64
DEBUG util.py:463:  util-linux-core-2.37.4-21.el9_7.x86_64
DEBUG util.py:463:  cracklib-dicts-2.9.6-27.el9.x86_64
DEBUG util.py:463:  cyrus-sasl-lib-2.1.27-22.el9.x86_64
DEBUG util.py:463:  libssh-0.10.4-17.el9_7.x86_64
DEBUG util.py:463:  libfdisk-2.37.4-21.el9_7.x86_64
DEBUG util.py:463:  perl-Digest-1.19-4.el9.noarch
DEBUG util.py:463:  perl-Digest-MD5-2.58-4.el9.x86_64
DEBUG util.py:463:  perl-B-1.80-481.1.el9_6.x86_64
DEBUG util.py:463:  perl-FileHandle-2.03-481.1.el9_6.noarch
DEBUG util.py:463:  perl-Data-Dumper-2.174-462.el9.x86_64
DEBUG util.py:463:  perl-libnet-3.13-4.el9.noarch
DEBUG util.py:463:  perl-AutoLoader-5.74-481.1.el9_6.noarch
DEBUG util.py:463:  perl-base-2.27-481.1.el9_6.noarch
DEBUG util.py:463:  perl-URI-5.09-3.el9.noarch
DEBUG util.py:463:  perl-if-0.60.800-481.1.el9_6.noarch
DEBUG util.py:463:  perl-IO-Socket-IP-0.41-5.el9.noarch
DEBUG util.py:463:  perl-Time-Local-1.300-7.el9.noarch
DEBUG util.py:463:  perl-File-Path-2.18-4.el9.noarch
DEBUG util.py:463:  perl-IO-Socket-SSL-2.073-2.el9.noarch
DEBUG util.py:463:  perl-Net-SSLeay-1.94-3.el9.x86_64
DEBUG util.py:463:  perl-Pod-Escapes-1.07-460.el9.noarch
DEBUG util.py:463:  perl-Text-Tabs+Wrap-2013.0523-460.el9.noarch
DEBUG util.py:463:  perl-Mozilla-CA-20200520-6.el9.noarch
DEBUG util.py:463:  perl-Class-Struct-0.66-481.1.el9_6.noarch
DEBUG util.py:463:  perl-POSIX-1.94-481.1.el9_6.x86_64
DEBUG util.py:463:  perl-Term-ANSIColor-5.01-461.el9.noarch
DEBUG util.py:463:  perl-IPC-Open3-1.21-481.1.el9_6.noarch
DEBUG util.py:463:  perl-subs-1.03-481.1.el9_6.noarch
DEBUG util.py:463:  perl-File-Temp-0.231.100-4.el9.noarch
DEBUG util.py:463:  perl-Term-Cap-1.17-460.el9.noarch
DEBUG util.py:463:  perl-Pod-Simple-3.42-4.el9.noarch
DEBUG util.py:463:  perl-HTTP-Tiny-0.076-462.el9.noarch
DEBUG util.py:463:  perl-Socket-2.031-4.el9.x86_64
DEBUG util.py:463:  perl-SelectSaver-1.02-481.1.el9_6.noarch
DEBUG util.py:463:  perl-Symbol-1.08-481.1.el9_6.noarch
DEBUG util.py:463:  perl-File-stat-1.09-481.1.el9_6.noarch
DEBUG util.py:463:  perl-podlators-4.14-460.el9.noarch
DEBUG util.py:463:  perl-Pod-Perldoc-3.28.01-461.el9.noarch
DEBUG util.py:463:  perl-Fcntl-1.13-481.1.el9_6.x86_64
DEBUG util.py:463:  perl-Text-ParseWords-3.30-460.el9.noarch
DEBUG util.py:463:  perl-mro-1.23-481.1.el9_6.x86_64
DEBUG util.py:463:  perl-IO-1.43-481.1.el9_6.x86_64
DEBUG util.py:463:  perl-overloading-0.02-481.1.el9_6.noarch
DEBUG util.py:463:  perl-Pod-Usage-2.01-4.el9.noarch
DEBUG util.py:463:  perl-Errno-1.30-481.1.el9_6.x86_64
DEBUG util.py:463:  perl-File-Basename-2.85-481.1.el9_6.noarch
DEBUG util.py:463:  perl-Getopt-Std-1.12-481.1.el9_6.noarch
DEBUG util.py:463:  perl-MIME-Base64-3.16-4.el9.x86_64
DEBUG util.py:463:  perl-Scalar-List-Utils-1.56-462.el9.x86_64
DEBUG util.py:463:  perl-constant-1.33-461.el9.noarch
DEBUG util.py:463:  perl-Storable-3.21-460.el9.x86_64
DEBUG util.py:463:  perl-overload-1.31-481.1.el9_6.noarch
DEBUG util.py:463:  perl-parent-0.238-460.el9.noarch
DEBUG util.py:463:  perl-vars-1.05-481.1.el9_6.noarch
DEBUG util.py:463:  perl-Getopt-Long-2.52-4.el9.noarch
DEBUG util.py:463:  perl-Carp-1.50-460.el9.noarch
DEBUG util.py:463:  perl-Exporter-5.74-461.el9.noarch
DEBUG util.py:463:  perl-PathTools-3.78-461.el9.x86_64
DEBUG util.py:463:  perl-Encode-3.08-462.el9.x86_64
DEBUG util.py:463:  perl-libs-5.32.1-481.1.el9_6.x86_64
DEBUG util.py:463:  perl-interpreter-5.32.1-481.1.el9_6.x86_64
DEBUG util.py:463:  kernel-srpm-macros-1.0-14.el9.noarch
DEBUG util.py:463:  openssl-3.5.1-7.el9_7.x86_64
DEBUG util.py:463:  libpwquality-1.4.4-8.el9.x86_64
DEBUG util.py:463:  pam-1.5.1-26.el9_6.x86_64
DEBUG util.py:463:  libevent-2.1.12-8.el9_4.x86_64
DEBUG util.py:463:  libsemanage-3.6-5.el9_6.x86_64
DEBUG util.py:463:  shadow-utils-4.9-15.el9.x86_64
DEBUG util.py:463:  libutempter-1.2.1-6.el9.x86_64
DEBUG util.py:463:  openldap-2.6.8-4.el9.x86_64
DEBUG util.py:463:  libcurl-7.76.1-35.el9_7.3.x86_64
DEBUG util.py:463:  curl-7.76.1-35.el9_7.3.x86_64
DEBUG util.py:463:  rpm-libs-4.16.1.3-39.el9.x86_64
DEBUG util.py:463:  rpm-4.16.1.3-39.el9.x86_64
DEBUG util.py:463:  efi-srpm-macros-6-4.el9.noarch
DEBUG util.py:463:  lua-srpm-macros-1-6.el9.noarch
DEBUG util.py:463:  rpmautospec-rpm-macros-0.8.4-1.el9.noarch
DEBUG util.py:463:  tar-1.34-9.el9_7.x86_64
DEBUG util.py:463:  patch-2.7.6-16.el9.x86_64
DEBUG util.py:463:  elfutils-default-yama-scope-0.193-1.el9.alma.1.noarch
DEBUG util.py:463:  elfutils-libs-0.193-1.el9.alma.1.x86_64
DEBUG util.py:463:  elfutils-debuginfod-client-0.193-1.el9.alma.1.x86_64
DEBUG util.py:463:  binutils-gold-2.35.2-67.el9_7.1.x86_64
DEBUG util.py:463:  binutils-2.35.2-67.el9_7.1.x86_64
DEBUG util.py:463:  elfutils-0.193-1.el9.alma.1.x86_64
DEBUG util.py:463:  gdb-minimal-16.3-2.el9.x86_64
DEBUG util.py:463:  debugedit-5.0-11.el9.x86_64
DEBUG util.py:463:  rpm-build-libs-4.16.1.3-39.el9.x86_64
DEBUG util.py:463:  fonts-srpm-macros-2.0.5-7.el9.1.noarch
DEBUG util.py:463:  go-srpm-macros-3.6.0-14.el9_7.noarch
DEBUG util.py:463:  python-srpm-macros-3.9-54.el9.noarch
DEBUG util.py:463:  redhat-rpm-config-210-1.el9.alma.1.noarch
DEBUG util.py:463:  rpm-build-4.16.1.3-39.el9.x86_64
DEBUG util.py:463:  pyproject-srpm-macros-1.16.2-1.el9.noarch
DEBUG util.py:463:  forge-srpm-macros-0.4.0-1.el9.noarch
DEBUG util.py:463:  go-srpm-macros-epel-3.8.0-1.el9.noarch
DEBUG util.py:463:  R-srpm-macros-1.3.7-2.el9.noarch
DEBUG util.py:463:  epel-rpm-macros-9-18.el9.noarch
DEBUG util.py:463:  util-linux-2.37.4-21.el9_7.x86_64
DEBUG util.py:463:  which-2.21-30.el9_6.x86_64
DEBUG util.py:463:  perl-File-Find-1.37-481.1.el9_6.noarch
DEBUG util.py:463:  perl-File-Copy-2.34-481.1.el9_6.noarch
DEBUG util.py:463:  zlib-devel-1.2.11-40.el9.x86_64
DEBUG util.py:463:  perl-File-Compare-1.100.600-481.1.el9_6.noarch
DEBUG util.py:463:  perl-DynaLoader-1.47-481.1.el9_6.x86_64
DEBUG util.py:463:  expat-2.5.0-5.el9_7.1.x86_64
DEBUG util.py:463:  perl-ExtUtils-Manifest-1.73-4.el9.noarch
DEBUG util.py:463:  perl-threads-2.25-460.el9.x86_64
DEBUG util.py:463:  perl-threads-shared-1.61-460.el9.x86_64
DEBUG util.py:463:  perl-Time-HiRes-1.9764-462.el9.x86_64
DEBUG util.py:463:  perl-lib-0.65-481.1.el9_6.x86_64
DEBUG util.py:463:  perl-ExtUtils-ParseXS-3.40-460.el9.noarch
DEBUG util.py:463:  perl-Compress-Raw-Zlib-2.101-5.el9.x86_64
DEBUG util.py:463:  apr-1.7.0-12.el9_3.x86_64
DEBUG util.py:463:  apr-util-bdb-1.6.1-23.el9.x86_64
DEBUG util.py:463:  apr-util-1.6.1-23.el9.x86_64
DEBUG util.py:463:  libpng-1.6.37-12.el9_7.4.x86_64
DEBUG util.py:463:  libtommath-1.2.0-10.el9.x86_64
DEBUG util.py:463:  libfbclient2-4.0.7.3271-1.el9.x86_64
DEBUG util.py:463:  unixODBC-2.3.9-4.el9.x86_64
DEBUG util.py:463:  perl-meta-notation-5.32.1-481.1.el9_6.noarch
DEBUG util.py:463:  perl-locale-1.09-481.1.el9_6.noarch
DEBUG util.py:463:  perl-version-0.99.28-4.el9.x86_64
DEBUG util.py:463:  perl-CPAN-Meta-Requirements-2.140-461.el9.noarch
DEBUG util.py:463:  perl-Module-CoreList-5.20240609-1.el9.noarch
DEBUG util.py:463:  perl-Module-Metadata-1.000037-460.el9.noarch
DEBUG util.py:463:  perl-Unicode-Normalize-1.27-461.el9.x86_64
DEBUG util.py:463:  perl-Tie-4.6-481.1.el9_6.noarch
DEBUG util.py:463:  perl-Term-ReadLine-1.17-481.1.el9_6.noarch
DEBUG util.py:463:  perl-Perl-OSType-1.010-461.el9.noarch
DEBUG util.py:463:  perl-Module-Load-0.36-4.el9.noarch
DEBUG util.py:463:  perl-Digest-SHA-6.02-461.el9.x86_64
DEBUG util.py:463:  perl-Devel-Peek-1.28-481.1.el9_6.x86_64
DEBUG util.py:463:  libzstd-devel-1.5.5-1.el9.x86_64
DEBUG util.py:463:  libwebp-1.2.0-8.el9_3.x86_64
DEBUG util.py:463:  libmpc-1.2.1-4.el9.x86_64
DEBUG util.py:463:  libjpeg-turbo-2.0.90-7.el9.x86_64
DEBUG util.py:463:  cmake-filesystem-3.26.5-3.el9_7.x86_64
DEBUG util.py:463:  nettle-3.10.1-1.el9.x86_64
DEBUG util.py:463:  gnutls-3.8.3-10.el9_7.x86_64
DEBUG util.py:463:  glib2-2.68.4-18.el9_7.2.x86_64
DEBUG util.py:463:  libedit-3.1-38.20210216cvs.el9.x86_64
DEBUG util.py:463:  elfutils-libelf-devel-0.193-1.el9.alma.1.x86_64
DEBUG util.py:463:  perl-Dumpvalue-2.27-481.1.el9_6.noarch
DEBUG util.py:463:  perl-Pod-Html-1.25-481.1.el9_6.noarch
DEBUG util.py:463:  libpng-devel-1.6.37-12.el9_7.4.x86_64
DEBUG util.py:463:  apr-devel-1.7.0-12.el9_3.x86_64
DEBUG util.py:463:  perl-Net-Ping-2.74-5.el9.noarch
DEBUG util.py:463:  perl-Thread-Queue-3.14-460.el9.noarch
DEBUG util.py:463:  perl-ExtUtils-Command-7.60-3.el9.noarch
DEBUG util.py:463:  libspf2-1.2.11-11.20210922git4915c308.el9.x86_64
DEBUG util.py:463:  libimagequant-2.17.0-1.el9.x86_64
DEBUG util.py:463:  xz-devel-5.2.5-8.el9_0.x86_64
DEBUG util.py:463:  libxml2-devel-2.9.13-14.el9_7.x86_64
DEBUG util.py:463:  xorg-x11-proto-devel-2024.1-1.el9.noarch
DEBUG util.py:463:  perl-doc-5.32.1-481.1.el9_6.noarch
DEBUG util.py:463:  perl-autouse-1.11-481.1.el9_6.noarch
DEBUG util.py:463:  perl-User-pwent-1.03-481.1.el9_6.noarch
DEBUG util.py:463:  perl-Tie-RefHash-1.40-4.el9.noarch
DEBUG util.py:463:  perl-Text-Balanced-2.04-4.el9.noarch
DEBUG util.py:463:  perl-Sys-Hostname-1.23-481.1.el9_6.x86_64
DEBUG util.py:463:  perl-Sub-Install-0.928-28.el9.noarch
DEBUG util.py:463:  perl-SelfLoader-1.26-481.1.el9_6.noarch
DEBUG util.py:463:  perl-Params-Util-1.102-5.el9.x86_64
DEBUG util.py:463:  perl-Opcode-1.48-481.1.el9_6.x86_64
DEBUG util.py:463:  perl-Safe-2.41-481.1.el9_6.noarch
DEBUG util.py:463:  perl-NDBM_File-1.15-481.1.el9_6.x86_64
DEBUG util.py:463:  perl-Math-Complex-1.59-481.1.el9_6.noarch
DEBUG util.py:463:  perl-Math-BigInt-1.9998.18-460.el9.noarch
DEBUG util.py:463:  perl-JSON-PP-4.06-4.el9.noarch
DEBUG util.py:463:  perl-Math-BigRat-0.2614-460.el9.noarch
DEBUG util.py:463:  perl-I18N-LangTags-0.44-481.1.el9_6.noarch
DEBUG util.py:463:  perl-Locale-Maketext-1.29-461.el9.noarch
DEBUG util.py:463:  perl-Locale-Maketext-Simple-0.21-481.1.el9_6.noarch
DEBUG util.py:463:  perl-Params-Check-0.38-461.el9.noarch
DEBUG util.py:463:  perl-Module-Load-Conditional-0.74-4.el9.noarch
DEBUG util.py:463:  perl-Hash-Util-FieldHash-1.20-481.1.el9_6.x86_64
DEBUG util.py:463:  perl-Hash-Util-0.23-481.1.el9_6.x86_64
DEBUG util.py:463:  perl-ExtUtils-MM-Utils-7.60-3.el9.noarch
DEBUG util.py:463:  perl-IPC-Cmd-1.04-461.el9.noarch
DEBUG util.py:463:  perl-ExtUtils-Constant-0.25-481.1.el9_6.noarch
DEBUG util.py:463:  perl-DirHandle-1.05-481.1.el9_6.noarch
DEBUG util.py:463:  perl-Devel-PPPort-3.62-4.el9.x86_64
DEBUG util.py:463:  perl-Compress-Raw-Bzip2-2.101-5.el9.x86_64
DEBUG util.py:463:  perl-IO-Compress-2.102-4.el9.noarch
DEBUG util.py:463:  perl-IO-Zlib-1.11-4.el9.noarch
DEBUG util.py:463:  perl-CPAN-Meta-YAML-0.018-461.el9.noarch
DEBUG util.py:463:  perl-CPAN-Meta-2.150010-460.el9.noarch
DEBUG util.py:463:  perl-Benchmark-1.23-481.1.el9_6.noarch
DEBUG util.py:463:  perl-Test-Harness-3.42-461.el9.noarch
DEBUG util.py:463:  perl-AutoSplit-5.74-481.1.el9_6.noarch
DEBUG util.py:463:  net-snmp-libs-5.9.1-17.el9_7.1.x86_64
DEBUG util.py:463:  m4-1.4.19-1.el9.x86_64
DEBUG util.py:463:  lm_sensors-libs-3.6.0-10.el9.x86_64
DEBUG util.py:463:  libXau-1.0.9-8.el9.x86_64
DEBUG util.py:463:  libxcb-1.13.1-9.el9.x86_64
DEBUG util.py:463:  libICE-1.0.10-8.el9.x86_64
DEBUG util.py:463:  glibc-headers-2.34-231.el9_7.10.x86_64
DEBUG util.py:463:  fribidi-1.0.10-6.el9.2.x86_64
DEBUG util.py:463:  emacs-filesystem-27.2-18.el9.noarch
DEBUG util.py:463:  autoconf-2.69-41.el9.noarch
DEBUG util.py:463:  automake-1.16.2-8.el9.noarch
DEBUG util.py:463:  make-4.3-8.el9.x86_64
DEBUG util.py:463:  graphite2-1.3.14-9.el9.x86_64
DEBUG util.py:463:  harfbuzz-2.7.4-10.el9.x86_64
DEBUG util.py:463:  freetype-2.10.4-10.el9_5.x86_64
DEBUG util.py:463:  libraqm-0.8.0-1.el9.x86_64
DEBUG util.py:463:  fonts-filesystem-2.0.5-7.el9.1.noarch
DEBUG util.py:463:  dejavu-sans-fonts-2.37-18.el9.noarch
DEBUG util.py:463:  langpacks-core-font-en-3.0-16.el9.noarch
DEBUG util.py:463:  graphite2-devel-1.3.14-9.el9.x86_64
DEBUG util.py:463:  libidn-1.38-4.el9.x86_64
DEBUG util.py:463:  fribidi-devel-1.0.10-6.el9.2.x86_64
DEBUG util.py:463:  libattr-devel-2.5.1-3.el9.x86_64
DEBUG util.py:463:  libSM-1.2.3-10.el9.x86_64
DEBUG util.py:463:  libXau-devel-1.0.9-8.el9.x86_64
DEBUG util.py:463:  libxcb-devel-1.13.1-9.el9.x86_64
DEBUG util.py:463:  lm_sensors-devel-3.6.0-10.el9.x86_64
DEBUG util.py:463:  perl-DBM_Filter-0.06-481.1.el9_6.noarch
DEBUG util.py:463:  perl-File-Fetch-1.00-4.el9.noarch
DEBUG util.py:463:  perl-fields-2.27-481.1.el9_6.noarch
DEBUG util.py:463:  perl-bignum-0.51-460.el9.noarch
DEBUG util.py:463:  perl-Math-BigInt-FastCalc-0.500.900-460.el9.x86_64
DEBUG util.py:463:  perl-Memoize-1.03-481.1.el9_6.noarch
DEBUG util.py:463:  perl-Data-OptList-0.110-17.el9.noarch
DEBUG util.py:463:  perl-Devel-SelfStubber-1.06-481.1.el9_6.noarch
DEBUG util.py:463:  elfutils-devel-0.193-1.el9.alma.1.x86_64
DEBUG util.py:463:  libimagequant-devel-2.17.0-1.el9.x86_64
DEBUG util.py:463:  firebird-utils-4.0.7.3271-1.el9.x86_64
DEBUG util.py:463:  shared-mime-info-2.1-5.el9.x86_64
DEBUG util.py:463:  freetds-1.4.23-1.el9.x86_64
DEBUG util.py:463:  freetds-libs-1.4.23-1.el9.x86_64
DEBUG util.py:463:  libjpeg-turbo-devel-2.0.90-7.el9.x86_64
DEBUG util.py:463:  cpp-11.5.0-11.el9.alma.1.x86_64
DEBUG util.py:463:  libwebp-devel-1.2.0-8.el9_3.x86_64
DEBUG util.py:463:  perl-debugger-1.56-481.1.el9_6.noarch
DEBUG util.py:463:  perl-Env-1.04-460.el9.noarch
DEBUG util.py:463:  perl-Unicode-Collate-1.29-4.el9.x86_64
DEBUG util.py:463:  perl-Unicode-UCD-0.75-481.1.el9_6.noarch
DEBUG util.py:463:  perl-Module-CoreList-tools-5.20240609-1.el9.noarch
DEBUG util.py:463:  perl-experimental-0.022-6.el9.noarch
DEBUG util.py:463:  perl-sigtrap-1.09-481.1.el9_6.noarch
DEBUG util.py:463:  libtomcrypt-1.18.2-12.el9.x86_64
DEBUG util.py:463:  httpd-tools-2.4.62-7.el9_7.3.x86_64
DEBUG util.py:463:  perl-Archive-Zip-1.68-6.el9.noarch
DEBUG util.py:463:  perl-Thread-3.05-481.1.el9_6.noarch
DEBUG util.py:463:  perl-Thread-Semaphore-2.13-481.1.el9_6.noarch
DEBUG util.py:463:  expat-devel-2.5.0-5.el9_7.1.x86_64
DEBUG util.py:463:  perl-Digest-SHA1-2.13-34.el9.x86_64
DEBUG util.py:463:  libicu69-69.1-4.el9.remi.x86_64
DEBUG util.py:463:  libicu69-devel-69.1-4.el9.remi.x86_64
DEBUG util.py:463:  libc-client-2007f-30.el9.remi.x86_64
DEBUG util.py:463:  svt-av1-libs-0.9.0-1.el9.x86_64
DEBUG util.py:463:  recode-3.7.11-1.el9.x86_64
DEBUG util.py:463:  rav1e-libs-0.8.1-2.el9.x86_64
DEBUG util.py:463:  libvmaf-2.3.0-2.el9.x86_64
DEBUG util.py:463:  libtidy-5.8.0-2.el9.x86_64
DEBUG util.py:463:  libntlm-1.6-4.el9.x86_64
DEBUG util.py:463:  libgsasl-1.10.0-15.el9.x86_64
DEBUG util.py:463:  libmd-1.2.0-1.el9.x86_64
DEBUG util.py:463:  libbsd-0.12.2-1.el9.x86_64
DEBUG util.py:463:  libopendmarc-1.4.2-33.el9.x86_64
DEBUG util.py:463:  libmcrypt-2.5.8-30.el9.x86_64
DEBUG util.py:463:  libib-util-4.0.7.3271-1.el9.x86_64
DEBUG util.py:463:  firebird-4.0.7.3271-1.el9.x86_64
DEBUG util.py:463:  libfbclient2-devel-4.0.7.3271-1.el9.x86_64
DEBUG util.py:463:  firebird-devel-4.0.7.3271-1.el9.x86_64
DEBUG util.py:463:  libdav1d-1.5.3-1.el9.x86_64
DEBUG util.py:463:  highway-1.3.0-1.el9.x86_64
DEBUG util.py:463:  libjxl-0.7.2-2.el9.x86_64
DEBUG util.py:463:  libaom-3.13.1-1.el9.x86_64
DEBUG util.py:463:  libavif-0.11.1-5.el9.x86_64
DEBUG util.py:463:  libavif-devel-0.11.1-5.el9.x86_64
DEBUG util.py:463:  aspell-0.60.8-8.el9.x86_64
DEBUG util.py:463:  xml-common-0.6.3-58.el9.noarch
DEBUG util.py:463:  fontconfig-2.14.0-2.el9_1.x86_64
DEBUG util.py:463:  tokyocabinet-1.4.48-19.el9.x86_64
DEBUG util.py:463:  sysprof-capture-devel-3.40.1-3.el9.x86_64
DEBUG util.py:463:  sqlite-3.34.1-9.el9_7.x86_64
DEBUG util.py:463:  popt-devel-1.18-8.el9.x86_64
DEBUG util.py:463:  pixman-0.40.0-6.el9_3.x86_64
DEBUG util.py:463:  perl-vmsish-1.04-481.1.el9_6.noarch
DEBUG util.py:463:  perl-utils-5.32.1-481.1.el9_6.noarch
DEBUG util.py:463:  perl-sort-2.04-481.1.el9_6.noarch
DEBUG util.py:463:  perl-ph-5.32.1-481.1.el9_6.x86_64
DEBUG util.py:463:  perl-perlfaq-5.20210520-1.el9.noarch
DEBUG util.py:463:  perl-macros-5.32.1-481.1.el9_6.noarch
DEBUG util.py:463:  perl-local-lib-2.000024-13.el9.noarch
DEBUG util.py:463:  perl-less-0.03-481.1.el9_6.noarch
DEBUG util.py:463:  perl-filetest-1.03-481.1.el9_6.noarch
DEBUG util.py:463:  perl-encoding-warnings-0.13-481.1.el9_6.noarch
DEBUG util.py:463:  perl-diagnostics-1.37-481.1.el9_6.noarch
DEBUG util.py:463:  perl-deprecate-0.04-481.1.el9_6.noarch
DEBUG util.py:463:  perl-blib-1.07-481.1.el9_6.noarch
DEBUG util.py:463:  perl-Time-Piece-1.3401-481.1.el9_6.x86_64
DEBUG util.py:463:  perl-Time-1.03-481.1.el9_6.noarch
DEBUG util.py:463:  perl-Tie-Memoize-1.1-481.1.el9_6.noarch
DEBUG util.py:463:  perl-Tie-File-1.06-481.1.el9_6.noarch
DEBUG util.py:463:  perl-Text-Template-1.59-5.el9.noarch
DEBUG util.py:463:  perl-Text-Glob-0.11-15.el9.noarch
DEBUG util.py:463:  perl-Text-Abbrev-1.02-481.1.el9_6.noarch
DEBUG util.py:463:  perl-Test-1.31-481.1.el9_6.noarch
DEBUG util.py:463:  perl-Term-Complete-1.403-481.1.el9_6.noarch
DEBUG util.py:463:  perl-Sys-Syslog-0.36-461.el9.x86_64
DEBUG util.py:463:  perl-Search-Dict-1.07-481.1.el9_6.noarch
DEBUG util.py:463:  perl-Pod-Functions-1.13-481.1.el9_6.noarch
DEBUG util.py:463:  perl-Pod-Checker-1.74-4.el9.noarch
DEBUG util.py:463:  perl-PerlIO-via-QuotedPrint-0.09-4.el9.noarch
DEBUG util.py:463:  perl-Package-Generator-1.106-23.el9.noarch
DEBUG util.py:463:  perl-Sub-Exporter-0.987-27.el9.noarch
DEBUG util.py:463:  perl-Object-HashBase-0.009-7.el9.noarch
DEBUG util.py:463:  perl-ODBM_File-1.16-481.1.el9_6.x86_64
DEBUG util.py:463:  perl-Net-1.02-481.1.el9_6.noarch
DEBUG util.py:463:  perl-NEXT-0.67-481.1.el9_6.noarch
DEBUG util.py:463:  perl-Module-Loaded-0.08-481.1.el9_6.noarch
DEBUG util.py:463:  perl-MRO-Compat-0.13-15.el9.noarch
DEBUG util.py:463:  perl-Data-Section-0.200007-14.el9.noarch
DEBUG util.py:463:  perl-Software-License-0.103014-12.el9.noarch
DEBUG util.py:463:  perl-Importer-0.026-4.el9.noarch
DEBUG util.py:463:  perl-Term-Table-0.015-8.el9.noarch
DEBUG util.py:463:  perl-Test-Simple-1.302183-4.el9.noarch
DEBUG util.py:463:  perl-IPC-System-Simple-1.30-6.el9.noarch
DEBUG util.py:463:  perl-autodie-2.34-4.el9.noarch
DEBUG util.py:463:  perl-IPC-SysV-2.09-4.el9.x86_64
DEBUG util.py:463:  perl-I18N-Langinfo-0.19-481.1.el9_6.x86_64
DEBUG util.py:463:  perl-I18N-Collate-1.02-481.1.el9_6.noarch
DEBUG util.py:463:  perl-GDBM_File-1.18-481.1.el9_6.x86_64
DEBUG util.py:463:  perl-FindBin-1.51-481.1.el9_6.noarch
DEBUG util.py:463:  perl-FileCache-1.10-481.1.el9_6.noarch
DEBUG util.py:463:  perl-File-Which-1.23-10.el9.noarch
DEBUG util.py:463:  perl-File-HomeDir-1.006-4.el9.noarch
DEBUG util.py:463:  perl-File-DosGlob-1.12-481.1.el9_6.x86_64
DEBUG util.py:463:  perl-English-1.11-481.1.el9_6.noarch
DEBUG util.py:463:  perl-Devel-Size-0.83-10.el9.x86_64
DEBUG util.py:463:  perl-DB_File-1.855-4.el9.x86_64
DEBUG util.py:463:  perl-Config-Perl-V-0.33-4.el9.noarch
DEBUG util.py:463:  perl-Config-Extensions-0.03-481.1.el9_6.noarch
DEBUG util.py:463:  perl-Compress-Raw-Lzma-2.101-3.el9.x86_64
DEBUG util.py:463:  perl-IO-Compress-Lzma-2.101-4.el9.noarch
DEBUG util.py:463:  perl-Compress-Bzip2-2.28-5.el9.x86_64
DEBUG util.py:463:  perl-Attribute-Handlers-1.01-481.1.el9_6.noarch
DEBUG util.py:463:  perl-Algorithm-Diff-1.2010-4.el9.noarch
DEBUG util.py:463:  perl-Text-Diff-1.45-13.el9.noarch
DEBUG util.py:463:  perl-Archive-Tar-2.38-6.el9.noarch
DEBUG util.py:463:  pcre2-utf32-10.40-6.el9.x86_64
DEBUG util.py:463:  pcre2-utf16-10.40-6.el9.x86_64
DEBUG util.py:463:  pcre2-devel-10.40-6.el9.x86_64
DEBUG util.py:463:  pcre-utf32-8.44-4.el9.x86_64
DEBUG util.py:463:  pcre-utf16-8.44-4.el9.x86_64
DEBUG util.py:463:  pcre-cpp-8.44-4.el9.x86_64
DEBUG util.py:463:  pcre-devel-8.44-4.el9.x86_64
DEBUG util.py:463:  openssl-devel-3.5.1-7.el9_7.x86_64
DEBUG util.py:463:  ncurses-c++-libs-6.2-12.20210508.el9.x86_64
DEBUG util.py:463:  ncurses-devel-6.2-12.20210508.el9.x86_64
DEBUG util.py:463:  mariadb-connector-c-config-3.2.6-1.el9_0.noarch
DEBUG util.py:463:  mariadb-connector-c-3.2.6-1.el9_0.x86_64
DEBUG util.py:463:  net-snmp-agent-libs-5.9.1-17.el9_7.1.x86_64
DEBUG util.py:463:  llvm-filesystem-20.1.8-3.el9.x86_64
DEBUG util.py:463:  llvm-libs-20.1.8-3.el9.x86_64
DEBUG util.py:463:  libxslt-1.1.34-14.el9_7.1.x86_64
DEBUG util.py:463:  libverto-devel-0.3.2-3.el9.x86_64
DEBUG util.py:463:  libstdc++-devel-11.5.0-11.el9.alma.1.x86_64
DEBUG util.py:463:  libsepol-devel-3.6-3.el9.x86_64
DEBUG util.py:463:  libselinux-devel-3.6-3.el9.x86_64
DEBUG util.py:463:  libpq-13.23-1.el9_7.x86_64
DEBUG util.py:463:  libgpg-error-devel-1.42-5.el9.x86_64
DEBUG util.py:463:  libffi-devel-3.4.2-8.el9.x86_64
DEBUG util.py:463:  libdb-devel-5.3.28-57.el9_6.x86_64
DEBUG util.py:463:  libcom_err-devel-1.46.5-8.el9.x86_64
DEBUG util.py:463:  libblkid-devel-2.37.4-21.el9_7.x86_64
DEBUG util.py:463:  libmount-devel-2.37.4-21.el9_7.x86_64
DEBUG util.py:463:  libX11-xcb-1.7.0-11.el9.x86_64
DEBUG util.py:463:  libX11-common-1.7.0-11.el9.noarch
DEBUG util.py:463:  libX11-1.7.0-11.el9.x86_64
DEBUG util.py:463:  libX11-devel-1.7.0-11.el9.x86_64
DEBUG util.py:463:  libXext-1.3.4-8.el9.x86_64
DEBUG util.py:463:  libXpm-3.5.13-10.el9.x86_64
DEBUG util.py:463:  libXrender-0.9.10-16.el9.x86_64
DEBUG util.py:463:  cairo-1.17.4-7.el9.x86_64
DEBUG util.py:463:  libXt-1.2.0-6.el9.x86_64
DEBUG util.py:463:  libXpm-devel-3.5.13-10.el9.x86_64
DEBUG util.py:463:  t1lib-5.1.2-31.el9.x86_64
DEBUG util.py:463:  keyutils-libs-devel-1.6.3-1.el9.x86_64
DEBUG util.py:463:  kernel-headers-5.14.0-611.55.1.el9_7.x86_64
DEBUG util.py:463:  libxcrypt-devel-4.4.18-3.el9.x86_64
DEBUG util.py:463:  glibc-devel-2.34-231.el9_7.10.x86_64
DEBUG util.py:463:  gcc-11.5.0-11.el9.alma.1.x86_64
DEBUG util.py:463:  perl-Filter-1.60-4.el9.x86_64
DEBUG util.py:463:  perl-encoding-3.00-462.el9.x86_64
DEBUG util.py:463:  perl-open-1.12-481.1.el9_6.noarch
DEBUG util.py:463:  perl-Filter-Simple-0.96-460.el9.noarch
DEBUG util.py:463:  gcc-c++-11.5.0-11.el9.alma.1.x86_64
DEBUG util.py:463:  jbigkit-libs-2.1-23.el9.x86_64
DEBUG util.py:463:  libtiff-4.4.0-15.el9_7.3.x86_64
DEBUG util.py:463:  libtiff-devel-4.4.0-15.el9_7.3.x86_64
DEBUG util.py:463:  gd3php-2.3.3-9.el9.remi.x86_64
DEBUG util.py:463:  hunspell-filesystem-1.7.0-11.el9.x86_64
DEBUG util.py:463:  hunspell-en-US-0.20140811.1-20.el9.noarch
DEBUG util.py:463:  hunspell-1.7.0-11.el9.x86_64
DEBUG util.py:463:  enchant-1.6.0-30.el9.x86_64
DEBUG util.py:463:  httpd-filesystem-2.4.62-7.el9_7.3.noarch
DEBUG util.py:463:  gmp-c++-6.2.0-13.el9.x86_64
DEBUG util.py:463:  bzip2-devel-1.0.8-10.el9_5.x86_64
DEBUG util.py:463:  brotli-1.0.9-9.el9_7.x86_64
DEBUG util.py:463:  brotli-devel-1.0.9-9.el9_7.x86_64
DEBUG util.py:463:  tpm2-tss-3.2.3-1.el9.x86_64
DEBUG util.py:463:  systemd-rpm-macros-252-55.el9_7.9.alma.1.noarch
DEBUG util.py:463:  python3-setuptools-wheel-53.0.0-15.el9.noarch
DEBUG util.py:463:  python3-pip-wheel-21.3.1-1.el9.noarch
DEBUG util.py:463:  python3-3.9.25-3.el9_7.3.x86_64
DEBUG util.py:463:  python3-libs-3.9.25-3.el9_7.3.x86_64
DEBUG util.py:463:  glib2-devel-2.68.4-18.el9_7.2.x86_64
DEBUG util.py:463:  python3-pyparsing-2.4.7-9.el9.noarch
DEBUG util.py:463:  systemtap-sdt-dtrace-5.3-3.el9.x86_64
DEBUG util.py:463:  systemtap-sdt-devel-5.3-3.el9.x86_64
DEBUG util.py:463:  perl-ExtUtils-Install-2.20-4.el9.noarch
DEBUG util.py:463:  perl-devel-5.32.1-481.1.el9_6.x86_64
DEBUG util.py:463:  perl-ExtUtils-MakeMaker-7.60-3.el9.noarch
DEBUG util.py:463:  perl-ExtUtils-CBuilder-0.280236-4.el9.noarch
DEBUG util.py:463:  perl-ExtUtils-Embed-1.35-481.1.el9_6.noarch
DEBUG util.py:463:  perl-ExtUtils-Miniperl-1.09-481.1.el9_6.noarch
DEBUG util.py:463:  perl-libnetcfg-5.32.1-481.1.el9_6.noarch
DEBUG util.py:463:  perl-Encode-devel-3.08-462.el9.x86_64
DEBUG util.py:463:  perl-inc-latest-0.500-20.el9.noarch
DEBUG util.py:463:  perl-Module-Build-0.42.31-9.el9.noarch
DEBUG util.py:463:  npth-1.6-8.el9.x86_64
DEBUG util.py:463:  mailcap-2.1.49-5.el9.noarch
DEBUG util.py:463:  httpd-core-2.4.62-7.el9_7.3.x86_64
DEBUG util.py:463:  libtirpc-1.3.3-9.el9.x86_64
DEBUG util.py:463:  libnsl2-2.0.0-1.el9.x86_64
DEBUG util.py:463:  libselinux-utils-3.6-3.el9.x86_64
DEBUG util.py:463:  policycoreutils-3.6-3.el9.x86_64
DEBUG util.py:463:  libseccomp-2.5.2-2.el9.x86_64
DEBUG util.py:463:  libksba-1.5.1-7.el9.x86_64
DEBUG util.py:463:  libkadm5-1.21.1-9.el9_7.x86_64
DEBUG util.py:463:  libicu-67.1-10.el9_6.x86_64
DEBUG util.py:463:  harfbuzz-icu-2.7.4-10.el9.x86_64
DEBUG util.py:463:  freetype-devel-2.10.4-10.el9_5.x86_64
DEBUG util.py:463:  harfbuzz-devel-2.7.4-10.el9.x86_64
DEBUG util.py:463:  libraqm-devel-0.8.0-1.el9.x86_64
DEBUG util.py:463:  libassuan-2.5.5-3.el9.x86_64
DEBUG util.py:463:  gnupg2-2.3.3-5.el9_7.x86_64
DEBUG util.py:463:  perl-Module-Signature-0.88-1.el9.noarch
DEBUG util.py:463:  perl-CPAN-2.29-5.el9_6.noarch
DEBUG util.py:463:  perl-5.32.1-481.1.el9_6.x86_64
DEBUG util.py:463:  kmod-libs-28-11.el9.x86_64
DEBUG util.py:463:  keyutils-1.6.3-1.el9.x86_64
DEBUG util.py:463:  gettext-libs-0.21-8.el9.x86_64
DEBUG util.py:463:  gettext-0.21-8.el9.x86_64
DEBUG util.py:463:  fontconfig-devel-2.14.0-2.el9_1.x86_64
DEBUG util.py:463:  attr-2.5.1-3.el9.x86_64
DEBUG util.py:463:  ima-evm-utils-1.6.2-2.el9.x86_64
DEBUG util.py:463:  rpm-sign-libs-4.16.1.3-39.el9.x86_64
DEBUG util.py:463:  rpm-devel-4.16.1.3-39.el9.x86_64
DEBUG util.py:463:  acl-2.3.1-4.el9.x86_64
DEBUG util.py:463:  dbus-1.12.20-8.el9.x86_64
DEBUG util.py:463:  systemd-pam-252-55.el9_7.9.alma.1.x86_64
DEBUG util.py:463:  systemd-252-55.el9_7.9.alma.1.x86_64
DEBUG util.py:463:  dbus-common-1.12.20-8.el9.noarch
DEBUG util.py:463:  dbus-broker-28-7.el9.x86_64
DEBUG util.py:463:  cyrus-sasl-2.1.27-22.el9.x86_64
DEBUG util.py:463:  cyrus-sasl-devel-2.1.27-22.el9.x86_64
DEBUG util.py:463:  openldap-devel-2.6.8-4.el9.x86_64
DEBUG util.py:463:  apr-util-devel-1.6.1-23.el9.x86_64
DEBUG util.py:463:  httpd-devel-2.4.62-7.el9_7.3.x86_64
DEBUG util.py:463:  exim-4.99.2-1.el9.x86_64
DEBUG util.py:463:  systemd-devel-252-55.el9_7.9.alma.1.x86_64
DEBUG util.py:463:  net-snmp-devel-5.9.1-17.el9_7.1.x86_64
DEBUG util.py:463:  gd3php-devel-2.3.3-9.el9.remi.x86_64
DEBUG util.py:463:  krb5-devel-1.21.1-9.el9_7.x86_64
DEBUG util.py:463:  enchant-devel-1.6.0-30.el9.x86_64
DEBUG util.py:463:  gmp-devel-6.2.0-13.el9.x86_64
DEBUG util.py:463:  annobin-12.98-1.el9.x86_64
DEBUG util.py:463:  gcc-plugin-annobin-11.5.0-11.el9.alma.1.x86_64
DEBUG util.py:463:  libtool-2.4.6-46.el9.x86_64
DEBUG util.py:463:  t1lib-devel-5.1.2-31.el9.x86_64
DEBUG util.py:463:  libxslt-devel-1.1.34-14.el9_7.1.x86_64
DEBUG util.py:463:  libpq-devel-13.23-1.el9_7.x86_64
DEBUG util.py:463:  libedit-devel-3.1-38.20210216cvs.el9.x86_64
DEBUG util.py:463:  sqlite-devel-3.34.1-9.el9_7.x86_64
DEBUG util.py:463:  tokyocabinet-devel-1.4.48-19.el9.x86_64
DEBUG util.py:463:  aspell-devel-0.60.8-8.el9.x86_64
DEBUG util.py:463:  libmcrypt-devel-2.5.8-30.el9.x86_64
DEBUG util.py:463:  libtidy-devel-5.8.0-2.el9.x86_64
DEBUG util.py:463:  recode-devel-3.7.11-1.el9.x86_64
DEBUG util.py:463:  uw-imap-devel-2007f-30.el9.remi.x86_64
DEBUG util.py:463:  freetds-devel-1.4.23-1.el9.x86_64
DEBUG util.py:463:  libacl-devel-2.3.1-4.el9.x86_64
DEBUG util.py:463:  libtool-ltdl-devel-2.4.6-46.el9.x86_64
DEBUG util.py:463:  unixODBC-devel-2.3.9-4.el9.x86_64
DEBUG util.py:463:  pam-devel-1.5.1-26.el9_6.x86_64
DEBUG util.py:463:  libcurl-devel-7.76.1-35.el9_7.3.x86_64
DEBUG util.py:610:  Child return code was: 0
DEBUG util.py:185:  kill orphans in chroot /var/lib/mock/alma+epel-9-x86_64/root
DEBUG util.py:185:  kill orphans in chroot /var/lib/mock/alma+epel-9-x86_64-bootstrap/root/var/lib/mock/alma+epel-9-x86_64/root
DEBUG util.py:636:  child environment: None
DEBUG util.py:558:  Executing command: ['/bin/umount', '-n', '-l', '/var/lib/mock/alma+epel-9-x86_64-bootstrap/root/var/lib/mock/alma+epel-9-x86_64/root'] with env {'TERM': 'vt100', 'SHELL': '/bin/sh', 'HOME': '/builddir', 'HOSTNAME': 'mock', 'PATH': '/usr/bin:/bin:/usr/sbin:/sbin', 'LANG': 'C.UTF-8'} and shell False
DEBUG util.py:610:  Child return code was: 0
DEBUG util.py:636:  child environment: None
DEBUG util.py:558:  Executing command: ['/bin/umount', '-n', '-l', '/var/lib/mock/alma+epel-9-x86_64-bootstrap/root/var/lib/mock/alma+epel-9-x86_64/root'] with env {'TERM': 'vt100', 'SHELL': '/bin/sh', 'HOME': '/builddir', 'HOSTNAME': 'mock', 'PATH': '/usr/bin:/bin:/usr/sbin:/sbin', 'LANG': 'C.UTF-8'} and shell False
DEBUG util.py:610:  Child return code was: 0
DEBUG file_util.py:17:  ensuring that dir exists: /var/lib/mock/alma+epel-9-x86_64-bootstrap/root/var/lib/mock/alma+epel-9-x86_64/root
DEBUG util.py:636:  child environment: None
DEBUG util.py:558:  Executing command: ['/bin/mount', '-n', '-t', 'tmpfs', '-o', 'private,mode=0755', 'tmpfs', '/var/lib/mock/alma+epel-9-x86_64-bootstrap/root/var/lib/mock/alma+epel-9-x86_64/root'] with env {'TERM': 'vt100', 'SHELL': '/bin/sh', 'HOME': '/builddir', 'HOSTNAME': 'mock', 'PATH': '/usr/bin:/bin:/usr/sbin:/sbin', 'LANG': 'C.UTF-8'} and shell False
DEBUG util.py:610:  Child return code was: 0
DEBUG file_util.py:17:  ensuring that dir exists: /var/lib/mock/alma+epel-9-x86_64-bootstrap/root/var/lib/mock/alma+epel-9-x86_64/root
DEBUG util.py:636:  child environment: None
DEBUG util.py:558:  Executing command: ['/bin/mount', '-n', '-o', 'rbind', '/var/lib/mock/alma+epel-9-x86_64/root', '/var/lib/mock/alma+epel-9-x86_64-bootstrap/root/var/lib/mock/alma+epel-9-x86_64/root'] with env {'TERM': 'vt100', 'SHELL': '/bin/sh', 'HOME': '/builddir', 'HOSTNAME': 'mock', 'PATH': '/usr/bin:/bin:/usr/sbin:/sbin', 'LANG': 'C.UTF-8'} and shell False
DEBUG util.py:610:  Child return code was: 0
DEBUG util.py:636:  child environment: None
DEBUG util.py:558:  Executing command: ['/bin/mount', '-n', '-o', 'remount,private,rbind', '--target', '/var/lib/mock/alma+epel-9-x86_64-bootstrap/root/var/lib/mock/alma+epel-9-x86_64/root'] with env {'TERM': 'vt100', 'SHELL': '/bin/sh', 'HOME': '/builddir', 'HOSTNAME': 'mock', 'PATH': '/usr/bin:/bin:/usr/sbin:/sbin', 'LANG': 'C.UTF-8'} and shell False
DEBUG util.py:610:  Child return code was: 0
DEBUG util.py:636:  child environment: None
DEBUG util.py:553:  Using nspawn with args ['--capability=cap_ipc_lock', '--bind=/tmp/mock-resolv.481fms99:/etc/resolv.conf']
DEBUG util.py:558:  Executing command: ['/usr/bin/systemd-nspawn', '-q', '-M', '1a914bb82e2044e5a32fd4affbd9cb2e', '-D', '/var/lib/mock/alma+epel-9-x86_64-bootstrap/root', '-a', '--capability=cap_ipc_lock', '--bind=/tmp/mock-resolv.481fms99:/etc/resolv.conf', '--console=pipe', '--setenv=TERM=vt100', '--setenv=SHELL=/bin/bash', '--setenv=HOME=/builddir', '--setenv=HOSTNAME=mock', '--setenv=PATH=/usr/bin:/bin:/usr/sbin:/sbin', '--setenv=PROMPT_COMMAND=printf "\\033]0;<mock-chroot>\\007"', '--setenv=PS1=<mock-chroot> \\s-\\v\\$ ', '--setenv=LANG=C.UTF-8', '--resolv-conf=off', '/bin/rpm', '-qa', '--root', '/var/lib/mock/alma+epel-9-x86_64/root'] with env {'TERM': 'vt100', 'SHELL': '/bin/bash', 'HOME': '/builddir', 'HOSTNAME': 'mock', 'PATH': '/usr/bin:/bin:/usr/sbin:/sbin', 'PROMPT_COMMAND': 'printf "\\033]0;<mock-chroot>\\007"', 'PS1': '<mock-chroot> \\s-\\v\\$ ', 'LANG': 'C.UTF-8', 'SYSTEMD_NSPAWN_TMPFS_TMP': '0', 'SYSTEMD_SECCOMP': '0'} and shell False
DEBUG util.py:463:  gpg-pubkey-b86b3716-61e69f29
DEBUG util.py:463:  gpg-pubkey-3228467c-613798eb
DEBUG util.py:463:  rust-srpm-macros-17-4.el9.noarch
DEBUG util.py:463:  rust-srpm-macros-epel-26.3-1.el9.noarch
DEBUG util.py:463:  qt6-srpm-macros-6.6.2-1.el9.noarch
DEBUG util.py:463:  ghc-srpm-macros-epel-1.9.1-1.el9.noarch
DEBUG util.py:463:  fpc-srpm-macros-1.3-7.el9.noarch
DEBUG util.py:463:  ansible-srpm-macros-1-16.el9.noarch
DEBUG util.py:463:  qt5-srpm-macros-5.15.9-1.el9.noarch
DEBUG util.py:463:  perl-srpm-macros-1-41.el9.noarch
DEBUG util.py:463:  openblas-srpm-macros-2-11.el9.noarch
DEBUG util.py:463:  ocaml-srpm-macros-6-6.el9.noarch
DEBUG util.py:463:  ghc-srpm-macros-1.5.0-6.el9.noarch
DEBUG util.py:463:  tzdata-2026a-1.el9.noarch
DEBUG util.py:463:  publicsuffix-list-dafsa-20210518-3.el9.noarch
DEBUG util.py:463:  pkgconf-m4-1.7.3-10.el9.noarch
DEBUG util.py:463:  pcre2-syntax-10.40-6.el9.noarch
DEBUG util.py:463:  ncurses-base-6.2-12.20210508.el9.noarch
DEBUG util.py:463:  libssh-config-0.10.4-17.el9_7.noarch
DEBUG util.py:463:  coreutils-common-8.32-39.el9.x86_64
DEBUG util.py:463:  almalinux-gpg-keys-9.7-1.el9.x86_64
DEBUG util.py:463:  almalinux-release-9.7-1.el9.x86_64
DEBUG util.py:463:  almalinux-repos-9.7-1.el9.x86_64
DEBUG util.py:463:  setup-2.13.7-10.el9.noarch
DEBUG util.py:463:  filesystem-3.16-5.el9.x86_64
DEBUG util.py:463:  basesystem-11-13.el9.noarch
DEBUG util.py:463:  ncurses-libs-6.2-12.20210508.el9.x86_64
DEBUG util.py:463:  bash-5.1.8-9.el9.x86_64
DEBUG util.py:463:  glibc-gconv-extra-2.34-231.el9_7.10.x86_64
DEBUG util.py:463:  libgcc-11.5.0-11.el9.alma.1.x86_64
DEBUG util.py:463:  glibc-minimal-langpack-2.34-231.el9_7.10.x86_64
DEBUG util.py:463:  glibc-common-2.34-231.el9_7.10.x86_64
DEBUG util.py:463:  glibc-2.34-231.el9_7.10.x86_64
DEBUG util.py:463:  zlib-1.2.11-40.el9.x86_64
DEBUG util.py:463:  xz-libs-5.2.5-8.el9_0.x86_64
DEBUG util.py:463:  bzip2-libs-1.0.8-10.el9_5.x86_64
DEBUG util.py:463:  libzstd-1.5.5-1.el9.x86_64
DEBUG util.py:463:  elfutils-libelf-0.193-1.el9.alma.1.x86_64
DEBUG util.py:463:  libstdc++-11.5.0-11.el9.alma.1.x86_64
DEBUG util.py:463:  libxcrypt-4.4.18-3.el9.x86_64
DEBUG util.py:463:  libuuid-2.37.4-21.el9_7.x86_64
DEBUG util.py:463:  gmp-6.2.0-13.el9.x86_64
DEBUG util.py:463:  libattr-2.5.1-3.el9.x86_64
DEBUG util.py:463:  libacl-2.3.1-4.el9.x86_64
DEBUG util.py:463:  libcap-2.48-10.el9_7.1.x86_64
DEBUG util.py:463:  popt-1.18-8.el9.x86_64
DEBUG util.py:463:  libcom_err-1.46.5-8.el9.x86_64
DEBUG util.py:463:  lz4-libs-1.9.3-5.el9.x86_64
DEBUG util.py:463:  readline-8.1-4.el9.x86_64
DEBUG util.py:463:  crypto-policies-20250905-1.git377cc42.el9_7.noarch
DEBUG util.py:463:  mpfr-4.1.0-7.el9.x86_64
DEBUG util.py:463:  dwz-0.16-1.el9.x86_64
DEBUG util.py:463:  unzip-6.0-59.el9.x86_64
DEBUG util.py:463:  file-libs-5.39-16.el9.x86_64
DEBUG util.py:463:  file-5.39-16.el9.x86_64
DEBUG util.py:463:  sqlite-libs-3.34.1-9.el9_7.x86_64
DEBUG util.py:463:  alternatives-1.24-2.el9.x86_64
DEBUG util.py:463:  libcap-ng-0.8.2-7.el9.x86_64
DEBUG util.py:463:  audit-libs-3.1.5-7.el9.x86_64
DEBUG util.py:463:  libffi-3.4.2-8.el9.x86_64
DEBUG util.py:463:  libsepol-3.6-3.el9.x86_64
DEBUG util.py:463:  libsigsegv-2.13-4.el9.x86_64
DEBUG util.py:463:  gawk-5.1.0-6.el9.x86_64
DEBUG util.py:463:  libsmartcols-2.37.4-21.el9_7.x86_64
DEBUG util.py:463:  libtasn1-4.16.0-9.el9.x86_64
DEBUG util.py:463:  p11-kit-0.25.3-3.el9_5.x86_64
DEBUG util.py:463:  libunistring-0.9.10-15.el9.x86_64
DEBUG util.py:463:  libidn2-2.3.0-7.el9.x86_64
DEBUG util.py:463:  lua-libs-5.4.4-4.el9.x86_64
DEBUG util.py:463:  libpsl-0.21.1-5.el9.x86_64
DEBUG util.py:463:  p11-kit-trust-0.25.3-3.el9_5.x86_64
DEBUG util.py:463:  zip-3.0-35.el9.x86_64
DEBUG util.py:463:  zstd-1.5.5-1.el9.x86_64
DEBUG util.py:463:  groff-base-1.22.4-10.el9.x86_64
DEBUG util.py:463:  bzip2-1.0.8-10.el9_5.x86_64
DEBUG util.py:463:  libxml2-2.9.13-14.el9_7.x86_64
DEBUG util.py:463:  info-6.7-15.el9.x86_64
DEBUG util.py:463:  ed-1.14.2-12.el9.x86_64
DEBUG util.py:463:  cpio-2.13-16.el9.x86_64
DEBUG util.py:463:  diffutils-3.7-12.el9.x86_64
DEBUG util.py:463:  gdbm-libs-1.23-1.el9.x86_64
DEBUG util.py:463:  json-c-0.14-11.el9.x86_64
DEBUG util.py:463:  keyutils-libs-1.6.3-1.el9.x86_64
DEBUG util.py:463:  libbrotli-1.0.9-9.el9_7.x86_64
DEBUG util.py:463:  libdb-5.3.28-57.el9_6.x86_64
DEBUG util.py:463:  libeconf-0.4.1-4.el9.x86_64
DEBUG util.py:463:  libgomp-11.5.0-11.el9.alma.1.x86_64
DEBUG util.py:463:  libgpg-error-1.42-5.el9.x86_64
DEBUG util.py:463:  libgcrypt-1.10.0-11.el9.x86_64
DEBUG util.py:463:  libnghttp2-1.43.0-6.el9_7.1.x86_64
DEBUG util.py:463:  libpkgconf-1.7.3-10.el9.x86_64
DEBUG util.py:463:  pkgconf-1.7.3-10.el9.x86_64
DEBUG util.py:463:  pkgconf-pkg-config-1.7.3-10.el9.x86_64
DEBUG util.py:463:  libtool-ltdl-2.4.6-46.el9.x86_64
DEBUG util.py:463:  libverto-0.3.2-3.el9.x86_64
DEBUG util.py:463:  ncurses-6.2-12.20210508.el9.x86_64
DEBUG util.py:463:  pcre-8.44-4.el9.x86_64
DEBUG util.py:463:  grep-3.6-5.el9.x86_64
DEBUG util.py:463:  xz-5.2.5-8.el9_0.x86_64
DEBUG util.py:463:  pcre2-10.40-6.el9.x86_64
DEBUG util.py:463:  libselinux-3.6-3.el9.x86_64
DEBUG util.py:463:  sed-4.8-9.el9.x86_64
DEBUG util.py:463:  findutils-4.8.0-7.el9.x86_64
DEBUG util.py:463:  openssl-fips-provider-3.5.1-7.el9_7.x86_64
DEBUG util.py:463:  openssl-libs-3.5.1-7.el9_7.x86_64
DEBUG util.py:463:  coreutils-8.32-39.el9.x86_64
DEBUG util.py:463:  ca-certificates-2025.2.80_v9.0.305-91.el9.noarch
DEBUG util.py:463:  libblkid-2.37.4-21.el9_7.x86_64
DEBUG util.py:463:  krb5-libs-1.21.1-9.el9_7.x86_64
DEBUG util.py:463:  libmount-2.37.4-21.el9_7.x86_64
DEBUG util.py:463:  gzip-1.12-1.el9.x86_64
DEBUG util.py:463:  cracklib-2.9.6-27.el9.x86_64
DEBUG util.py:463:  systemd-libs-252-55.el9_7.9.alma.1.x86_64
DEBUG util.py:463:  libarchive-3.5.3-9.el9_7.x86_64
DEBUG util.py:463:  util-linux-core-2.37.4-21.el9_7.x86_64
DEBUG util.py:463:  cracklib-dicts-2.9.6-27.el9.x86_64
DEBUG util.py:463:  cyrus-sasl-lib-2.1.27-22.el9.x86_64
DEBUG util.py:463:  libssh-0.10.4-17.el9_7.x86_64
DEBUG util.py:463:  libfdisk-2.37.4-21.el9_7.x86_64
DEBUG util.py:463:  perl-Digest-1.19-4.el9.noarch
DEBUG util.py:463:  perl-Digest-MD5-2.58-4.el9.x86_64
DEBUG util.py:463:  perl-B-1.80-481.1.el9_6.x86_64
DEBUG util.py:463:  perl-FileHandle-2.03-481.1.el9_6.noarch
DEBUG util.py:463:  perl-Data-Dumper-2.174-462.el9.x86_64
DEBUG util.py:463:  perl-libnet-3.13-4.el9.noarch
DEBUG util.py:463:  perl-AutoLoader-5.74-481.1.el9_6.noarch
DEBUG util.py:463:  perl-base-2.27-481.1.el9_6.noarch
DEBUG util.py:463:  perl-URI-5.09-3.el9.noarch
DEBUG util.py:463:  perl-if-0.60.800-481.1.el9_6.noarch
DEBUG util.py:463:  perl-IO-Socket-IP-0.41-5.el9.noarch
DEBUG util.py:463:  perl-Time-Local-1.300-7.el9.noarch
DEBUG util.py:463:  perl-File-Path-2.18-4.el9.noarch
DEBUG util.py:463:  perl-IO-Socket-SSL-2.073-2.el9.noarch
DEBUG util.py:463:  perl-Net-SSLeay-1.94-3.el9.x86_64
DEBUG util.py:463:  perl-Pod-Escapes-1.07-460.el9.noarch
DEBUG util.py:463:  perl-Text-Tabs+Wrap-2013.0523-460.el9.noarch
DEBUG util.py:463:  perl-Mozilla-CA-20200520-6.el9.noarch
DEBUG util.py:463:  perl-Class-Struct-0.66-481.1.el9_6.noarch
DEBUG util.py:463:  perl-POSIX-1.94-481.1.el9_6.x86_64
DEBUG util.py:463:  perl-Term-ANSIColor-5.01-461.el9.noarch
DEBUG util.py:463:  perl-IPC-Open3-1.21-481.1.el9_6.noarch
DEBUG util.py:463:  perl-subs-1.03-481.1.el9_6.noarch
DEBUG util.py:463:  perl-File-Temp-0.231.100-4.el9.noarch
DEBUG util.py:463:  perl-Term-Cap-1.17-460.el9.noarch
DEBUG util.py:463:  perl-Pod-Simple-3.42-4.el9.noarch
DEBUG util.py:463:  perl-HTTP-Tiny-0.076-462.el9.noarch
DEBUG util.py:463:  perl-Socket-2.031-4.el9.x86_64
DEBUG util.py:463:  perl-SelectSaver-1.02-481.1.el9_6.noarch
DEBUG util.py:463:  perl-Symbol-1.08-481.1.el9_6.noarch
DEBUG util.py:463:  perl-File-stat-1.09-481.1.el9_6.noarch
DEBUG util.py:463:  perl-podlators-4.14-460.el9.noarch
DEBUG util.py:463:  perl-Pod-Perldoc-3.28.01-461.el9.noarch
DEBUG util.py:463:  perl-Fcntl-1.13-481.1.el9_6.x86_64
DEBUG util.py:463:  perl-Text-ParseWords-3.30-460.el9.noarch
DEBUG util.py:463:  perl-mro-1.23-481.1.el9_6.x86_64
DEBUG util.py:463:  perl-IO-1.43-481.1.el9_6.x86_64
DEBUG util.py:463:  perl-overloading-0.02-481.1.el9_6.noarch
DEBUG util.py:463:  perl-Pod-Usage-2.01-4.el9.noarch
DEBUG util.py:463:  perl-Errno-1.30-481.1.el9_6.x86_64
DEBUG util.py:463:  perl-File-Basename-2.85-481.1.el9_6.noarch
DEBUG util.py:463:  perl-Getopt-Std-1.12-481.1.el9_6.noarch
DEBUG util.py:463:  perl-MIME-Base64-3.16-4.el9.x86_64
DEBUG util.py:463:  perl-Scalar-List-Utils-1.56-462.el9.x86_64
DEBUG util.py:463:  perl-constant-1.33-461.el9.noarch
DEBUG util.py:463:  perl-Storable-3.21-460.el9.x86_64
DEBUG util.py:463:  perl-overload-1.31-481.1.el9_6.noarch
DEBUG util.py:463:  perl-parent-0.238-460.el9.noarch
DEBUG util.py:463:  perl-vars-1.05-481.1.el9_6.noarch
DEBUG util.py:463:  perl-Getopt-Long-2.52-4.el9.noarch
DEBUG util.py:463:  perl-Carp-1.50-460.el9.noarch
DEBUG util.py:463:  perl-Exporter-5.74-461.el9.noarch
DEBUG util.py:463:  perl-PathTools-3.78-461.el9.x86_64
DEBUG util.py:463:  perl-Encode-3.08-462.el9.x86_64
DEBUG util.py:463:  perl-libs-5.32.1-481.1.el9_6.x86_64
DEBUG util.py:463:  perl-interpreter-5.32.1-481.1.el9_6.x86_64
DEBUG util.py:463:  kernel-srpm-macros-1.0-14.el9.noarch
DEBUG util.py:463:  openssl-3.5.1-7.el9_7.x86_64
DEBUG util.py:463:  libpwquality-1.4.4-8.el9.x86_64
DEBUG util.py:463:  pam-1.5.1-26.el9_6.x86_64
DEBUG util.py:463:  libevent-2.1.12-8.el9_4.x86_64
DEBUG util.py:463:  libsemanage-3.6-5.el9_6.x86_64
DEBUG util.py:463:  shadow-utils-4.9-15.el9.x86_64
DEBUG util.py:463:  libutempter-1.2.1-6.el9.x86_64
DEBUG util.py:463:  openldap-2.6.8-4.el9.x86_64
DEBUG util.py:463:  libcurl-7.76.1-35.el9_7.3.x86_64
DEBUG util.py:463:  curl-7.76.1-35.el9_7.3.x86_64
DEBUG util.py:463:  rpm-libs-4.16.1.3-39.el9.x86_64
DEBUG util.py:463:  rpm-4.16.1.3-39.el9.x86_64
DEBUG util.py:463:  efi-srpm-macros-6-4.el9.noarch
DEBUG util.py:463:  lua-srpm-macros-1-6.el9.noarch
DEBUG util.py:463:  rpmautospec-rpm-macros-0.8.4-1.el9.noarch
DEBUG util.py:463:  tar-1.34-9.el9_7.x86_64
DEBUG util.py:463:  patch-2.7.6-16.el9.x86_64
DEBUG util.py:463:  elfutils-default-yama-scope-0.193-1.el9.alma.1.noarch
DEBUG util.py:463:  elfutils-libs-0.193-1.el9.alma.1.x86_64
DEBUG util.py:463:  elfutils-debuginfod-client-0.193-1.el9.alma.1.x86_64
DEBUG util.py:463:  binutils-gold-2.35.2-67.el9_7.1.x86_64
DEBUG util.py:463:  binutils-2.35.2-67.el9_7.1.x86_64
DEBUG util.py:463:  elfutils-0.193-1.el9.alma.1.x86_64
DEBUG util.py:463:  gdb-minimal-16.3-2.el9.x86_64
DEBUG util.py:463:  debugedit-5.0-11.el9.x86_64
DEBUG util.py:463:  rpm-build-libs-4.16.1.3-39.el9.x86_64
DEBUG util.py:463:  fonts-srpm-macros-2.0.5-7.el9.1.noarch
DEBUG util.py:463:  go-srpm-macros-3.6.0-14.el9_7.noarch
DEBUG util.py:463:  python-srpm-macros-3.9-54.el9.noarch
DEBUG util.py:463:  redhat-rpm-config-210-1.el9.alma.1.noarch
DEBUG util.py:463:  rpm-build-4.16.1.3-39.el9.x86_64
DEBUG util.py:463:  pyproject-srpm-macros-1.16.2-1.el9.noarch
DEBUG util.py:463:  forge-srpm-macros-0.4.0-1.el9.noarch
DEBUG util.py:463:  go-srpm-macros-epel-3.8.0-1.el9.noarch
DEBUG util.py:463:  R-srpm-macros-1.3.7-2.el9.noarch
DEBUG util.py:463:  epel-rpm-macros-9-18.el9.noarch
DEBUG util.py:463:  util-linux-2.37.4-21.el9_7.x86_64
DEBUG util.py:463:  which-2.21-30.el9_6.x86_64
DEBUG util.py:463:  perl-File-Find-1.37-481.1.el9_6.noarch
DEBUG util.py:463:  perl-File-Copy-2.34-481.1.el9_6.noarch
DEBUG util.py:463:  zlib-devel-1.2.11-40.el9.x86_64
DEBUG util.py:463:  perl-File-Compare-1.100.600-481.1.el9_6.noarch
DEBUG util.py:463:  perl-DynaLoader-1.47-481.1.el9_6.x86_64
DEBUG util.py:463:  expat-2.5.0-5.el9_7.1.x86_64
DEBUG util.py:463:  perl-ExtUtils-Manifest-1.73-4.el9.noarch
DEBUG util.py:463:  perl-threads-2.25-460.el9.x86_64
DEBUG util.py:463:  perl-threads-shared-1.61-460.el9.x86_64
DEBUG util.py:463:  perl-Time-HiRes-1.9764-462.el9.x86_64
DEBUG util.py:463:  perl-lib-0.65-481.1.el9_6.x86_64
DEBUG util.py:463:  perl-ExtUtils-ParseXS-3.40-460.el9.noarch
DEBUG util.py:463:  perl-Compress-Raw-Zlib-2.101-5.el9.x86_64
DEBUG util.py:463:  apr-1.7.0-12.el9_3.x86_64
DEBUG util.py:463:  apr-util-bdb-1.6.1-23.el9.x86_64
DEBUG util.py:463:  apr-util-1.6.1-23.el9.x86_64
DEBUG util.py:463:  libpng-1.6.37-12.el9_7.4.x86_64
DEBUG util.py:463:  libtommath-1.2.0-10.el9.x86_64
DEBUG util.py:463:  libfbclient2-4.0.7.3271-1.el9.x86_64
DEBUG util.py:463:  unixODBC-2.3.9-4.el9.x86_64
DEBUG util.py:463:  perl-meta-notation-5.32.1-481.1.el9_6.noarch
DEBUG util.py:463:  perl-locale-1.09-481.1.el9_6.noarch
DEBUG util.py:463:  perl-version-0.99.28-4.el9.x86_64
DEBUG util.py:463:  perl-CPAN-Meta-Requirements-2.140-461.el9.noarch
DEBUG util.py:463:  perl-Module-CoreList-5.20240609-1.el9.noarch
DEBUG util.py:463:  perl-Module-Metadata-1.000037-460.el9.noarch
DEBUG util.py:463:  perl-Unicode-Normalize-1.27-461.el9.x86_64
DEBUG util.py:463:  perl-Tie-4.6-481.1.el9_6.noarch
DEBUG util.py:463:  perl-Term-ReadLine-1.17-481.1.el9_6.noarch
DEBUG util.py:463:  perl-Perl-OSType-1.010-461.el9.noarch
DEBUG util.py:463:  perl-Module-Load-0.36-4.el9.noarch
DEBUG util.py:463:  perl-Digest-SHA-6.02-461.el9.x86_64
DEBUG util.py:463:  perl-Devel-Peek-1.28-481.1.el9_6.x86_64
DEBUG util.py:463:  libzstd-devel-1.5.5-1.el9.x86_64
DEBUG util.py:463:  libwebp-1.2.0-8.el9_3.x86_64
DEBUG util.py:463:  libmpc-1.2.1-4.el9.x86_64
DEBUG util.py:463:  libjpeg-turbo-2.0.90-7.el9.x86_64
DEBUG util.py:463:  cmake-filesystem-3.26.5-3.el9_7.x86_64
DEBUG util.py:463:  nettle-3.10.1-1.el9.x86_64
DEBUG util.py:463:  gnutls-3.8.3-10.el9_7.x86_64
DEBUG util.py:463:  glib2-2.68.4-18.el9_7.2.x86_64
DEBUG util.py:463:  libedit-3.1-38.20210216cvs.el9.x86_64
DEBUG util.py:463:  elfutils-libelf-devel-0.193-1.el9.alma.1.x86_64
DEBUG util.py:463:  perl-Dumpvalue-2.27-481.1.el9_6.noarch
DEBUG util.py:463:  perl-Pod-Html-1.25-481.1.el9_6.noarch
DEBUG util.py:463:  libpng-devel-1.6.37-12.el9_7.4.x86_64
DEBUG util.py:463:  apr-devel-1.7.0-12.el9_3.x86_64
DEBUG util.py:463:  perl-Net-Ping-2.74-5.el9.noarch
DEBUG util.py:463:  perl-Thread-Queue-3.14-460.el9.noarch
DEBUG util.py:463:  perl-ExtUtils-Command-7.60-3.el9.noarch
DEBUG util.py:463:  libspf2-1.2.11-11.20210922git4915c308.el9.x86_64
DEBUG util.py:463:  libimagequant-2.17.0-1.el9.x86_64
DEBUG util.py:463:  xz-devel-5.2.5-8.el9_0.x86_64
DEBUG util.py:463:  libxml2-devel-2.9.13-14.el9_7.x86_64
DEBUG util.py:463:  xorg-x11-proto-devel-2024.1-1.el9.noarch
DEBUG util.py:463:  perl-doc-5.32.1-481.1.el9_6.noarch
DEBUG util.py:463:  perl-autouse-1.11-481.1.el9_6.noarch
DEBUG util.py:463:  perl-User-pwent-1.03-481.1.el9_6.noarch
DEBUG util.py:463:  perl-Tie-RefHash-1.40-4.el9.noarch
DEBUG util.py:463:  perl-Text-Balanced-2.04-4.el9.noarch
DEBUG util.py:463:  perl-Sys-Hostname-1.23-481.1.el9_6.x86_64
DEBUG util.py:463:  perl-Sub-Install-0.928-28.el9.noarch
DEBUG util.py:463:  perl-SelfLoader-1.26-481.1.el9_6.noarch
DEBUG util.py:463:  perl-Params-Util-1.102-5.el9.x86_64
DEBUG util.py:463:  perl-Opcode-1.48-481.1.el9_6.x86_64
DEBUG util.py:463:  perl-Safe-2.41-481.1.el9_6.noarch
DEBUG util.py:463:  perl-NDBM_File-1.15-481.1.el9_6.x86_64
DEBUG util.py:463:  perl-Math-Complex-1.59-481.1.el9_6.noarch
DEBUG util.py:463:  perl-Math-BigInt-1.9998.18-460.el9.noarch
DEBUG util.py:463:  perl-JSON-PP-4.06-4.el9.noarch
DEBUG util.py:463:  perl-Math-BigRat-0.2614-460.el9.noarch
DEBUG util.py:463:  perl-I18N-LangTags-0.44-481.1.el9_6.noarch
DEBUG util.py:463:  perl-Locale-Maketext-1.29-461.el9.noarch
DEBUG util.py:463:  perl-Locale-Maketext-Simple-0.21-481.1.el9_6.noarch
DEBUG util.py:463:  perl-Params-Check-0.38-461.el9.noarch
DEBUG util.py:463:  perl-Module-Load-Conditional-0.74-4.el9.noarch
DEBUG util.py:463:  perl-Hash-Util-FieldHash-1.20-481.1.el9_6.x86_64
DEBUG util.py:463:  perl-Hash-Util-0.23-481.1.el9_6.x86_64
DEBUG util.py:463:  perl-ExtUtils-MM-Utils-7.60-3.el9.noarch
DEBUG util.py:463:  perl-IPC-Cmd-1.04-461.el9.noarch
DEBUG util.py:463:  perl-ExtUtils-Constant-0.25-481.1.el9_6.noarch
DEBUG util.py:463:  perl-DirHandle-1.05-481.1.el9_6.noarch
DEBUG util.py:463:  perl-Devel-PPPort-3.62-4.el9.x86_64
DEBUG util.py:463:  perl-Compress-Raw-Bzip2-2.101-5.el9.x86_64
DEBUG util.py:463:  perl-IO-Compress-2.102-4.el9.noarch
DEBUG util.py:463:  perl-IO-Zlib-1.11-4.el9.noarch
DEBUG util.py:463:  perl-CPAN-Meta-YAML-0.018-461.el9.noarch
DEBUG util.py:463:  perl-CPAN-Meta-2.150010-460.el9.noarch
DEBUG util.py:463:  perl-Benchmark-1.23-481.1.el9_6.noarch
DEBUG util.py:463:  perl-Test-Harness-3.42-461.el9.noarch
DEBUG util.py:463:  perl-AutoSplit-5.74-481.1.el9_6.noarch
DEBUG util.py:463:  net-snmp-libs-5.9.1-17.el9_7.1.x86_64
DEBUG util.py:463:  m4-1.4.19-1.el9.x86_64
DEBUG util.py:463:  lm_sensors-libs-3.6.0-10.el9.x86_64
DEBUG util.py:463:  libXau-1.0.9-8.el9.x86_64
DEBUG util.py:463:  libxcb-1.13.1-9.el9.x86_64
DEBUG util.py:463:  libICE-1.0.10-8.el9.x86_64
DEBUG util.py:463:  glibc-headers-2.34-231.el9_7.10.x86_64
DEBUG util.py:463:  fribidi-1.0.10-6.el9.2.x86_64
DEBUG util.py:463:  emacs-filesystem-27.2-18.el9.noarch
DEBUG util.py:463:  autoconf-2.69-41.el9.noarch
DEBUG util.py:463:  automake-1.16.2-8.el9.noarch
DEBUG util.py:463:  make-4.3-8.el9.x86_64
DEBUG util.py:463:  graphite2-1.3.14-9.el9.x86_64
DEBUG util.py:463:  harfbuzz-2.7.4-10.el9.x86_64
DEBUG util.py:463:  freetype-2.10.4-10.el9_5.x86_64
DEBUG util.py:463:  libraqm-0.8.0-1.el9.x86_64
DEBUG util.py:463:  fonts-filesystem-2.0.5-7.el9.1.noarch
DEBUG util.py:463:  dejavu-sans-fonts-2.37-18.el9.noarch
DEBUG util.py:463:  langpacks-core-font-en-3.0-16.el9.noarch
DEBUG util.py:463:  graphite2-devel-1.3.14-9.el9.x86_64
DEBUG util.py:463:  libidn-1.38-4.el9.x86_64
DEBUG util.py:463:  fribidi-devel-1.0.10-6.el9.2.x86_64
DEBUG util.py:463:  libattr-devel-2.5.1-3.el9.x86_64
DEBUG util.py:463:  libSM-1.2.3-10.el9.x86_64
DEBUG util.py:463:  libXau-devel-1.0.9-8.el9.x86_64
DEBUG util.py:463:  libxcb-devel-1.13.1-9.el9.x86_64
DEBUG util.py:463:  lm_sensors-devel-3.6.0-10.el9.x86_64
DEBUG util.py:463:  perl-DBM_Filter-0.06-481.1.el9_6.noarch
DEBUG util.py:463:  perl-File-Fetch-1.00-4.el9.noarch
DEBUG util.py:463:  perl-fields-2.27-481.1.el9_6.noarch
DEBUG util.py:463:  perl-bignum-0.51-460.el9.noarch
DEBUG util.py:463:  perl-Math-BigInt-FastCalc-0.500.900-460.el9.x86_64
DEBUG util.py:463:  perl-Memoize-1.03-481.1.el9_6.noarch
DEBUG util.py:463:  perl-Data-OptList-0.110-17.el9.noarch
DEBUG util.py:463:  perl-Devel-SelfStubber-1.06-481.1.el9_6.noarch
DEBUG util.py:463:  elfutils-devel-0.193-1.el9.alma.1.x86_64
DEBUG util.py:463:  libimagequant-devel-2.17.0-1.el9.x86_64
DEBUG util.py:463:  firebird-utils-4.0.7.3271-1.el9.x86_64
DEBUG util.py:463:  shared-mime-info-2.1-5.el9.x86_64
DEBUG util.py:463:  freetds-1.4.23-1.el9.x86_64
DEBUG util.py:463:  freetds-libs-1.4.23-1.el9.x86_64
DEBUG util.py:463:  libjpeg-turbo-devel-2.0.90-7.el9.x86_64
DEBUG util.py:463:  cpp-11.5.0-11.el9.alma.1.x86_64
DEBUG util.py:463:  libwebp-devel-1.2.0-8.el9_3.x86_64
DEBUG util.py:463:  perl-debugger-1.56-481.1.el9_6.noarch
DEBUG util.py:463:  perl-Env-1.04-460.el9.noarch
DEBUG util.py:463:  perl-Unicode-Collate-1.29-4.el9.x86_64
DEBUG util.py:463:  perl-Unicode-UCD-0.75-481.1.el9_6.noarch
DEBUG util.py:463:  perl-Module-CoreList-tools-5.20240609-1.el9.noarch
DEBUG util.py:463:  perl-experimental-0.022-6.el9.noarch
DEBUG util.py:463:  perl-sigtrap-1.09-481.1.el9_6.noarch
DEBUG util.py:463:  libtomcrypt-1.18.2-12.el9.x86_64
DEBUG util.py:463:  httpd-tools-2.4.62-7.el9_7.3.x86_64
DEBUG util.py:463:  perl-Archive-Zip-1.68-6.el9.noarch
DEBUG util.py:463:  perl-Thread-3.05-481.1.el9_6.noarch
DEBUG util.py:463:  perl-Thread-Semaphore-2.13-481.1.el9_6.noarch
DEBUG util.py:463:  expat-devel-2.5.0-5.el9_7.1.x86_64
DEBUG util.py:463:  perl-Digest-SHA1-2.13-34.el9.x86_64
DEBUG util.py:463:  libicu69-69.1-4.el9.remi.x86_64
DEBUG util.py:463:  libicu69-devel-69.1-4.el9.remi.x86_64
DEBUG util.py:463:  libc-client-2007f-30.el9.remi.x86_64
DEBUG util.py:463:  svt-av1-libs-0.9.0-1.el9.x86_64
DEBUG util.py:463:  recode-3.7.11-1.el9.x86_64
DEBUG util.py:463:  rav1e-libs-0.8.1-2.el9.x86_64
DEBUG util.py:463:  libvmaf-2.3.0-2.el9.x86_64
DEBUG util.py:463:  libtidy-5.8.0-2.el9.x86_64
DEBUG util.py:463:  libntlm-1.6-4.el9.x86_64
DEBUG util.py:463:  libgsasl-1.10.0-15.el9.x86_64
DEBUG util.py:463:  libmd-1.2.0-1.el9.x86_64
DEBUG util.py:463:  libbsd-0.12.2-1.el9.x86_64
DEBUG util.py:463:  libopendmarc-1.4.2-33.el9.x86_64
DEBUG util.py:463:  libmcrypt-2.5.8-30.el9.x86_64
DEBUG util.py:463:  libib-util-4.0.7.3271-1.el9.x86_64
DEBUG util.py:463:  firebird-4.0.7.3271-1.el9.x86_64
DEBUG util.py:463:  libfbclient2-devel-4.0.7.3271-1.el9.x86_64
DEBUG util.py:463:  firebird-devel-4.0.7.3271-1.el9.x86_64
DEBUG util.py:463:  libdav1d-1.5.3-1.el9.x86_64
DEBUG util.py:463:  highway-1.3.0-1.el9.x86_64
DEBUG util.py:463:  libjxl-0.7.2-2.el9.x86_64
DEBUG util.py:463:  libaom-3.13.1-1.el9.x86_64
DEBUG util.py:463:  libavif-0.11.1-5.el9.x86_64
DEBUG util.py:463:  libavif-devel-0.11.1-5.el9.x86_64
DEBUG util.py:463:  aspell-0.60.8-8.el9.x86_64
DEBUG util.py:463:  xml-common-0.6.3-58.el9.noarch
DEBUG util.py:463:  fontconfig-2.14.0-2.el9_1.x86_64
DEBUG util.py:463:  tokyocabinet-1.4.48-19.el9.x86_64
DEBUG util.py:463:  sysprof-capture-devel-3.40.1-3.el9.x86_64
DEBUG util.py:463:  sqlite-3.34.1-9.el9_7.x86_64
DEBUG util.py:463:  popt-devel-1.18-8.el9.x86_64
DEBUG util.py:463:  pixman-0.40.0-6.el9_3.x86_64
DEBUG util.py:463:  perl-vmsish-1.04-481.1.el9_6.noarch
DEBUG util.py:463:  perl-utils-5.32.1-481.1.el9_6.noarch
DEBUG util.py:463:  perl-sort-2.04-481.1.el9_6.noarch
DEBUG util.py:463:  perl-ph-5.32.1-481.1.el9_6.x86_64
DEBUG util.py:463:  perl-perlfaq-5.20210520-1.el9.noarch
DEBUG util.py:463:  perl-macros-5.32.1-481.1.el9_6.noarch
DEBUG util.py:463:  perl-local-lib-2.000024-13.el9.noarch
DEBUG util.py:463:  perl-less-0.03-481.1.el9_6.noarch
DEBUG util.py:463:  perl-filetest-1.03-481.1.el9_6.noarch
DEBUG util.py:463:  perl-encoding-warnings-0.13-481.1.el9_6.noarch
DEBUG util.py:463:  perl-diagnostics-1.37-481.1.el9_6.noarch
DEBUG util.py:463:  perl-deprecate-0.04-481.1.el9_6.noarch
DEBUG util.py:463:  perl-blib-1.07-481.1.el9_6.noarch
DEBUG util.py:463:  perl-Time-Piece-1.3401-481.1.el9_6.x86_64
DEBUG util.py:463:  perl-Time-1.03-481.1.el9_6.noarch
DEBUG util.py:463:  perl-Tie-Memoize-1.1-481.1.el9_6.noarch
DEBUG util.py:463:  perl-Tie-File-1.06-481.1.el9_6.noarch
DEBUG util.py:463:  perl-Text-Template-1.59-5.el9.noarch
DEBUG util.py:463:  perl-Text-Glob-0.11-15.el9.noarch
DEBUG util.py:463:  perl-Text-Abbrev-1.02-481.1.el9_6.noarch
DEBUG util.py:463:  perl-Test-1.31-481.1.el9_6.noarch
DEBUG util.py:463:  perl-Term-Complete-1.403-481.1.el9_6.noarch
DEBUG util.py:463:  perl-Sys-Syslog-0.36-461.el9.x86_64
DEBUG util.py:463:  perl-Search-Dict-1.07-481.1.el9_6.noarch
DEBUG util.py:463:  perl-Pod-Functions-1.13-481.1.el9_6.noarch
DEBUG util.py:463:  perl-Pod-Checker-1.74-4.el9.noarch
DEBUG util.py:463:  perl-PerlIO-via-QuotedPrint-0.09-4.el9.noarch
DEBUG util.py:463:  perl-Package-Generator-1.106-23.el9.noarch
DEBUG util.py:463:  perl-Sub-Exporter-0.987-27.el9.noarch
DEBUG util.py:463:  perl-Object-HashBase-0.009-7.el9.noarch
DEBUG util.py:463:  perl-ODBM_File-1.16-481.1.el9_6.x86_64
DEBUG util.py:463:  perl-Net-1.02-481.1.el9_6.noarch
DEBUG util.py:463:  perl-NEXT-0.67-481.1.el9_6.noarch
DEBUG util.py:463:  perl-Module-Loaded-0.08-481.1.el9_6.noarch
DEBUG util.py:463:  perl-MRO-Compat-0.13-15.el9.noarch
DEBUG util.py:463:  perl-Data-Section-0.200007-14.el9.noarch
DEBUG util.py:463:  perl-Software-License-0.103014-12.el9.noarch
DEBUG util.py:463:  perl-Importer-0.026-4.el9.noarch
DEBUG util.py:463:  perl-Term-Table-0.015-8.el9.noarch
DEBUG util.py:463:  perl-Test-Simple-1.302183-4.el9.noarch
DEBUG util.py:463:  perl-IPC-System-Simple-1.30-6.el9.noarch
DEBUG util.py:463:  perl-autodie-2.34-4.el9.noarch
DEBUG util.py:463:  perl-IPC-SysV-2.09-4.el9.x86_64
DEBUG util.py:463:  perl-I18N-Langinfo-0.19-481.1.el9_6.x86_64
DEBUG util.py:463:  perl-I18N-Collate-1.02-481.1.el9_6.noarch
DEBUG util.py:463:  perl-GDBM_File-1.18-481.1.el9_6.x86_64
DEBUG util.py:463:  perl-FindBin-1.51-481.1.el9_6.noarch
DEBUG util.py:463:  perl-FileCache-1.10-481.1.el9_6.noarch
DEBUG util.py:463:  perl-File-Which-1.23-10.el9.noarch
DEBUG util.py:463:  perl-File-HomeDir-1.006-4.el9.noarch
DEBUG util.py:463:  perl-File-DosGlob-1.12-481.1.el9_6.x86_64
DEBUG util.py:463:  perl-English-1.11-481.1.el9_6.noarch
DEBUG util.py:463:  perl-Devel-Size-0.83-10.el9.x86_64
DEBUG util.py:463:  perl-DB_File-1.855-4.el9.x86_64
DEBUG util.py:463:  perl-Config-Perl-V-0.33-4.el9.noarch
DEBUG util.py:463:  perl-Config-Extensions-0.03-481.1.el9_6.noarch
DEBUG util.py:463:  perl-Compress-Raw-Lzma-2.101-3.el9.x86_64
DEBUG util.py:463:  perl-IO-Compress-Lzma-2.101-4.el9.noarch
DEBUG util.py:463:  perl-Compress-Bzip2-2.28-5.el9.x86_64
DEBUG util.py:463:  perl-Attribute-Handlers-1.01-481.1.el9_6.noarch
DEBUG util.py:463:  perl-Algorithm-Diff-1.2010-4.el9.noarch
DEBUG util.py:463:  perl-Text-Diff-1.45-13.el9.noarch
DEBUG util.py:463:  perl-Archive-Tar-2.38-6.el9.noarch
DEBUG util.py:463:  pcre2-utf32-10.40-6.el9.x86_64
DEBUG util.py:463:  pcre2-utf16-10.40-6.el9.x86_64
DEBUG util.py:463:  pcre2-devel-10.40-6.el9.x86_64
DEBUG util.py:463:  pcre-utf32-8.44-4.el9.x86_64
DEBUG util.py:463:  pcre-utf16-8.44-4.el9.x86_64
DEBUG util.py:463:  pcre-cpp-8.44-4.el9.x86_64
DEBUG util.py:463:  pcre-devel-8.44-4.el9.x86_64
DEBUG util.py:463:  openssl-devel-3.5.1-7.el9_7.x86_64
DEBUG util.py:463:  ncurses-c++-libs-6.2-12.20210508.el9.x86_64
DEBUG util.py:463:  ncurses-devel-6.2-12.20210508.el9.x86_64
DEBUG util.py:463:  mariadb-connector-c-config-3.2.6-1.el9_0.noarch
DEBUG util.py:463:  mariadb-connector-c-3.2.6-1.el9_0.x86_64
DEBUG util.py:463:  net-snmp-agent-libs-5.9.1-17.el9_7.1.x86_64
DEBUG util.py:463:  llvm-filesystem-20.1.8-3.el9.x86_64
DEBUG util.py:463:  llvm-libs-20.1.8-3.el9.x86_64
DEBUG util.py:463:  libxslt-1.1.34-14.el9_7.1.x86_64
DEBUG util.py:463:  libverto-devel-0.3.2-3.el9.x86_64
DEBUG util.py:463:  libstdc++-devel-11.5.0-11.el9.alma.1.x86_64
DEBUG util.py:463:  libsepol-devel-3.6-3.el9.x86_64
DEBUG util.py:463:  libselinux-devel-3.6-3.el9.x86_64
DEBUG util.py:463:  libpq-13.23-1.el9_7.x86_64
DEBUG util.py:463:  libgpg-error-devel-1.42-5.el9.x86_64
DEBUG util.py:463:  libffi-devel-3.4.2-8.el9.x86_64
DEBUG util.py:463:  libdb-devel-5.3.28-57.el9_6.x86_64
DEBUG util.py:463:  libcom_err-devel-1.46.5-8.el9.x86_64
DEBUG util.py:463:  libblkid-devel-2.37.4-21.el9_7.x86_64
DEBUG util.py:463:  libmount-devel-2.37.4-21.el9_7.x86_64
DEBUG util.py:463:  libX11-xcb-1.7.0-11.el9.x86_64
DEBUG util.py:463:  libX11-common-1.7.0-11.el9.noarch
DEBUG util.py:463:  libX11-1.7.0-11.el9.x86_64
DEBUG util.py:463:  libX11-devel-1.7.0-11.el9.x86_64
DEBUG util.py:463:  libXext-1.3.4-8.el9.x86_64
DEBUG util.py:463:  libXpm-3.5.13-10.el9.x86_64
DEBUG util.py:463:  libXrender-0.9.10-16.el9.x86_64
DEBUG util.py:463:  cairo-1.17.4-7.el9.x86_64
DEBUG util.py:463:  libXt-1.2.0-6.el9.x86_64
DEBUG util.py:463:  libXpm-devel-3.5.13-10.el9.x86_64
DEBUG util.py:463:  t1lib-5.1.2-31.el9.x86_64
DEBUG util.py:463:  keyutils-libs-devel-1.6.3-1.el9.x86_64
DEBUG util.py:463:  kernel-headers-5.14.0-611.55.1.el9_7.x86_64
DEBUG util.py:463:  libxcrypt-devel-4.4.18-3.el9.x86_64
DEBUG util.py:463:  glibc-devel-2.34-231.el9_7.10.x86_64
DEBUG util.py:463:  gcc-11.5.0-11.el9.alma.1.x86_64
DEBUG util.py:463:  perl-Filter-1.60-4.el9.x86_64
DEBUG util.py:463:  perl-encoding-3.00-462.el9.x86_64
DEBUG util.py:463:  perl-open-1.12-481.1.el9_6.noarch
DEBUG util.py:463:  perl-Filter-Simple-0.96-460.el9.noarch
DEBUG util.py:463:  gcc-c++-11.5.0-11.el9.alma.1.x86_64
DEBUG util.py:463:  jbigkit-libs-2.1-23.el9.x86_64
DEBUG util.py:463:  libtiff-4.4.0-15.el9_7.3.x86_64
DEBUG util.py:463:  libtiff-devel-4.4.0-15.el9_7.3.x86_64
DEBUG util.py:463:  gd3php-2.3.3-9.el9.remi.x86_64
DEBUG util.py:463:  hunspell-filesystem-1.7.0-11.el9.x86_64
DEBUG util.py:463:  hunspell-en-US-0.20140811.1-20.el9.noarch
DEBUG util.py:463:  hunspell-1.7.0-11.el9.x86_64
DEBUG util.py:463:  enchant-1.6.0-30.el9.x86_64
DEBUG util.py:463:  httpd-filesystem-2.4.62-7.el9_7.3.noarch
DEBUG util.py:463:  gmp-c++-6.2.0-13.el9.x86_64
DEBUG util.py:463:  bzip2-devel-1.0.8-10.el9_5.x86_64
DEBUG util.py:463:  brotli-1.0.9-9.el9_7.x86_64
DEBUG util.py:463:  brotli-devel-1.0.9-9.el9_7.x86_64
DEBUG util.py:463:  tpm2-tss-3.2.3-1.el9.x86_64
DEBUG util.py:463:  systemd-rpm-macros-252-55.el9_7.9.alma.1.noarch
DEBUG util.py:463:  python3-setuptools-wheel-53.0.0-15.el9.noarch
DEBUG util.py:463:  python3-pip-wheel-21.3.1-1.el9.noarch
DEBUG util.py:463:  python3-3.9.25-3.el9_7.3.x86_64
DEBUG util.py:463:  python3-libs-3.9.25-3.el9_7.3.x86_64
DEBUG util.py:463:  glib2-devel-2.68.4-18.el9_7.2.x86_64
DEBUG util.py:463:  python3-pyparsing-2.4.7-9.el9.noarch
DEBUG util.py:463:  systemtap-sdt-dtrace-5.3-3.el9.x86_64
DEBUG util.py:463:  systemtap-sdt-devel-5.3-3.el9.x86_64
DEBUG util.py:463:  perl-ExtUtils-Install-2.20-4.el9.noarch
DEBUG util.py:463:  perl-devel-5.32.1-481.1.el9_6.x86_64
DEBUG util.py:463:  perl-ExtUtils-MakeMaker-7.60-3.el9.noarch
DEBUG util.py:463:  perl-ExtUtils-CBuilder-0.280236-4.el9.noarch
DEBUG util.py:463:  perl-ExtUtils-Embed-1.35-481.1.el9_6.noarch
DEBUG util.py:463:  perl-ExtUtils-Miniperl-1.09-481.1.el9_6.noarch
DEBUG util.py:463:  perl-libnetcfg-5.32.1-481.1.el9_6.noarch
DEBUG util.py:463:  perl-Encode-devel-3.08-462.el9.x86_64
DEBUG util.py:463:  perl-inc-latest-0.500-20.el9.noarch
DEBUG util.py:463:  perl-Module-Build-0.42.31-9.el9.noarch
DEBUG util.py:463:  npth-1.6-8.el9.x86_64
DEBUG util.py:463:  mailcap-2.1.49-5.el9.noarch
DEBUG util.py:463:  httpd-core-2.4.62-7.el9_7.3.x86_64
DEBUG util.py:463:  libtirpc-1.3.3-9.el9.x86_64
DEBUG util.py:463:  libnsl2-2.0.0-1.el9.x86_64
DEBUG util.py:463:  libselinux-utils-3.6-3.el9.x86_64
DEBUG util.py:463:  policycoreutils-3.6-3.el9.x86_64
DEBUG util.py:463:  libseccomp-2.5.2-2.el9.x86_64
DEBUG util.py:463:  libksba-1.5.1-7.el9.x86_64
DEBUG util.py:463:  libkadm5-1.21.1-9.el9_7.x86_64
DEBUG util.py:463:  libicu-67.1-10.el9_6.x86_64
DEBUG util.py:463:  harfbuzz-icu-2.7.4-10.el9.x86_64
DEBUG util.py:463:  freetype-devel-2.10.4-10.el9_5.x86_64
DEBUG util.py:463:  harfbuzz-devel-2.7.4-10.el9.x86_64
DEBUG util.py:463:  libraqm-devel-0.8.0-1.el9.x86_64
DEBUG util.py:463:  libassuan-2.5.5-3.el9.x86_64
DEBUG util.py:463:  gnupg2-2.3.3-5.el9_7.x86_64
DEBUG util.py:463:  perl-Module-Signature-0.88-1.el9.noarch
DEBUG util.py:463:  perl-CPAN-2.29-5.el9_6.noarch
DEBUG util.py:463:  perl-5.32.1-481.1.el9_6.x86_64
DEBUG util.py:463:  kmod-libs-28-11.el9.x86_64
DEBUG util.py:463:  keyutils-1.6.3-1.el9.x86_64
DEBUG util.py:463:  gettext-libs-0.21-8.el9.x86_64
DEBUG util.py:463:  gettext-0.21-8.el9.x86_64
DEBUG util.py:463:  fontconfig-devel-2.14.0-2.el9_1.x86_64
DEBUG util.py:463:  attr-2.5.1-3.el9.x86_64
DEBUG util.py:463:  ima-evm-utils-1.6.2-2.el9.x86_64
DEBUG util.py:463:  rpm-sign-libs-4.16.1.3-39.el9.x86_64
DEBUG util.py:463:  rpm-devel-4.16.1.3-39.el9.x86_64
DEBUG util.py:463:  acl-2.3.1-4.el9.x86_64
DEBUG util.py:463:  dbus-1.12.20-8.el9.x86_64
DEBUG util.py:463:  systemd-pam-252-55.el9_7.9.alma.1.x86_64
DEBUG util.py:463:  systemd-252-55.el9_7.9.alma.1.x86_64
DEBUG util.py:463:  dbus-common-1.12.20-8.el9.noarch
DEBUG util.py:463:  dbus-broker-28-7.el9.x86_64
DEBUG util.py:463:  cyrus-sasl-2.1.27-22.el9.x86_64
DEBUG util.py:463:  cyrus-sasl-devel-2.1.27-22.el9.x86_64
DEBUG util.py:463:  openldap-devel-2.6.8-4.el9.x86_64
DEBUG util.py:463:  apr-util-devel-1.6.1-23.el9.x86_64
DEBUG util.py:463:  httpd-devel-2.4.62-7.el9_7.3.x86_64
DEBUG util.py:463:  exim-4.99.2-1.el9.x86_64
DEBUG util.py:463:  systemd-devel-252-55.el9_7.9.alma.1.x86_64
DEBUG util.py:463:  net-snmp-devel-5.9.1-17.el9_7.1.x86_64
DEBUG util.py:463:  gd3php-devel-2.3.3-9.el9.remi.x86_64
DEBUG util.py:463:  krb5-devel-1.21.1-9.el9_7.x86_64
DEBUG util.py:463:  enchant-devel-1.6.0-30.el9.x86_64
DEBUG util.py:463:  gmp-devel-6.2.0-13.el9.x86_64
DEBUG util.py:463:  annobin-12.98-1.el9.x86_64
DEBUG util.py:463:  gcc-plugin-annobin-11.5.0-11.el9.alma.1.x86_64
DEBUG util.py:463:  libtool-2.4.6-46.el9.x86_64
DEBUG util.py:463:  t1lib-devel-5.1.2-31.el9.x86_64
DEBUG util.py:463:  libxslt-devel-1.1.34-14.el9_7.1.x86_64
DEBUG util.py:463:  libpq-devel-13.23-1.el9_7.x86_64
DEBUG util.py:463:  libedit-devel-3.1-38.20210216cvs.el9.x86_64
DEBUG util.py:463:  sqlite-devel-3.34.1-9.el9_7.x86_64
DEBUG util.py:463:  tokyocabinet-devel-1.4.48-19.el9.x86_64
DEBUG util.py:463:  aspell-devel-0.60.8-8.el9.x86_64
DEBUG util.py:463:  libmcrypt-devel-2.5.8-30.el9.x86_64
DEBUG util.py:463:  libtidy-devel-5.8.0-2.el9.x86_64
DEBUG util.py:463:  recode-devel-3.7.11-1.el9.x86_64
DEBUG util.py:463:  uw-imap-devel-2007f-30.el9.remi.x86_64
DEBUG util.py:463:  freetds-devel-1.4.23-1.el9.x86_64
DEBUG util.py:463:  libacl-devel-2.3.1-4.el9.x86_64
DEBUG util.py:463:  libtool-ltdl-devel-2.4.6-46.el9.x86_64
DEBUG util.py:463:  unixODBC-devel-2.3.9-4.el9.x86_64
DEBUG util.py:463:  pam-devel-1.5.1-26.el9_6.x86_64
DEBUG util.py:463:  libcurl-devel-7.76.1-35.el9_7.3.x86_64
DEBUG util.py:610:  Child return code was: 0
DEBUG util.py:185:  kill orphans in chroot /var/lib/mock/alma+epel-9-x86_64/root
DEBUG util.py:185:  kill orphans in chroot /var/lib/mock/alma+epel-9-x86_64-bootstrap/root/var/lib/mock/alma+epel-9-x86_64/root
DEBUG util.py:636:  child environment: None
DEBUG util.py:558:  Executing command: ['/bin/umount', '-n', '-l', '/var/lib/mock/alma+epel-9-x86_64-bootstrap/root/var/lib/mock/alma+epel-9-x86_64/root'] with env {'TERM': 'vt100', 'SHELL': '/bin/sh', 'HOME': '/builddir', 'HOSTNAME': 'mock', 'PATH': '/usr/bin:/bin:/usr/sbin:/sbin', 'LANG': 'C.UTF-8'} and shell False
DEBUG util.py:610:  Child return code was: 0
DEBUG util.py:636:  child environment: None
DEBUG util.py:558:  Executing command: ['/bin/umount', '-n', '-l', '/var/lib/mock/alma+epel-9-x86_64-bootstrap/root/var/lib/mock/alma+epel-9-x86_64/root'] with env {'TERM': 'vt100', 'SHELL': '/bin/sh', 'HOME': '/builddir', 'HOSTNAME': 'mock', 'PATH': '/usr/bin:/bin:/usr/sbin:/sbin', 'LANG': 'C.UTF-8'} and shell False
DEBUG util.py:610:  Child return code was: 0
DEBUG util.py:636:  child environment: None
DEBUG file_util.py:17:  ensuring that dir exists: /var/lib/mock/alma+epel-9-x86_64/root/proc
DEBUG util.py:636:  child environment: None
DEBUG util.py:558:  Executing command: ['/bin/mount', '-n', '-t', 'tmpfs', '-o', 'rprivate,mode=0755', 'tmpfs', '/var/lib/mock/alma+epel-9-x86_64/root/proc'] with env {'TERM': 'vt100', 'SHELL': '/bin/sh', 'HOME': '/builddir', 'HOSTNAME': 'mock', 'PATH': '/usr/bin:/bin:/usr/sbin:/sbin', 'LANG': 'C.UTF-8'} and shell False
DEBUG util.py:610:  Child return code was: 0
DEBUG file_util.py:17:  ensuring that dir exists: /var/lib/mock/alma+epel-9-x86_64/root/proc
DEBUG util.py:636:  child environment: None
DEBUG util.py:558:  Executing command: ['/bin/mount', '-n', '-o', 'rbind', '/proc', '/var/lib/mock/alma+epel-9-x86_64/root/proc'] with env {'TERM': 'vt100', 'SHELL': '/bin/sh', 'HOME': '/builddir', 'HOSTNAME': 'mock', 'PATH': '/usr/bin:/bin:/usr/sbin:/sbin', 'LANG': 'C.UTF-8'} and shell False
DEBUG util.py:610:  Child return code was: 0
DEBUG util.py:636:  child environment: None
DEBUG util.py:558:  Executing command: ['/bin/mount', '-n', '-o', 'remount,nodev,noexec,nosuid,readonly,rprivate,rbind', '--target', '/var/lib/mock/alma+epel-9-x86_64/root/proc'] with env {'TERM': 'vt100', 'SHELL': '/bin/sh', 'HOME': '/builddir', 'HOSTNAME': 'mock', 'PATH': '/usr/bin:/bin:/usr/sbin:/sbin', 'LANG': 'C.UTF-8'} and shell False
DEBUG util.py:610:  Child return code was: 0
DEBUG file_util.py:17:  ensuring that dir exists: /var/lib/mock/alma+epel-9-x86_64/root/sys
DEBUG util.py:636:  child environment: None
DEBUG util.py:558:  Executing command: ['/bin/mount', '-n', '-t', 'tmpfs', '-o', 'rprivate,mode=0755', 'tmpfs', '/var/lib/mock/alma+epel-9-x86_64/root/sys'] with env {'TERM': 'vt100', 'SHELL': '/bin/sh', 'HOME': '/builddir', 'HOSTNAME': 'mock', 'PATH': '/usr/bin:/bin:/usr/sbin:/sbin', 'LANG': 'C.UTF-8'} and shell False
DEBUG util.py:610:  Child return code was: 0
DEBUG file_util.py:17:  ensuring that dir exists: /var/lib/mock/alma+epel-9-x86_64/root/sys
DEBUG util.py:636:  child environment: None
DEBUG util.py:558:  Executing command: ['/bin/mount', '-n', '-o', 'rbind', '/sys', '/var/lib/mock/alma+epel-9-x86_64/root/sys'] with env {'TERM': 'vt100', 'SHELL': '/bin/sh', 'HOME': '/builddir', 'HOSTNAME': 'mock', 'PATH': '/usr/bin:/bin:/usr/sbin:/sbin', 'LANG': 'C.UTF-8'} and shell False
DEBUG util.py:610:  Child return code was: 0
DEBUG util.py:636:  child environment: None
DEBUG util.py:558:  Executing command: ['/bin/mount', '-n', '-o', 'remount,nodev,noexec,nosuid,readonly,rprivate,rbind', '--target', '/var/lib/mock/alma+epel-9-x86_64/root/sys'] with env {'TERM': 'vt100', 'SHELL': '/bin/sh', 'HOME': '/builddir', 'HOSTNAME': 'mock', 'PATH': '/usr/bin:/bin:/usr/sbin:/sbin', 'LANG': 'C.UTF-8'} and shell False
DEBUG util.py:610:  Child return code was: 0
DEBUG file_util.py:17:  ensuring that dir exists: /var/lib/mock/alma+epel-9-x86_64/root/dev/shm
DEBUG util.py:636:  child environment: None
DEBUG util.py:558:  Executing command: ['/bin/mount', '-n', '-t', 'tmpfs', 'tmpfs', '/var/lib/mock/alma+epel-9-x86_64/root/dev/shm'] with env {'TERM': 'vt100', 'SHELL': '/bin/sh', 'HOME': '/builddir', 'HOSTNAME': 'mock', 'PATH': '/usr/bin:/bin:/usr/sbin:/sbin', 'LANG': 'C.UTF-8'} and shell False
DEBUG util.py:610:  Child return code was: 0
DEBUG file_util.py:17:  ensuring that dir exists: /var/lib/mock/alma+epel-9-x86_64/root/dev/pts
DEBUG util.py:636:  child environment: None
DEBUG util.py:558:  Executing command: ['/bin/mount', '-n', '-t', 'devpts', '-o', 'gid=5,mode=0620,ptmxmode=0666,newinstance', 'devpts', '/var/lib/mock/alma+epel-9-x86_64/root/dev/pts'] with env {'TERM': 'vt100', 'SHELL': '/bin/sh', 'HOME': '/builddir', 'HOSTNAME': 'mock', 'PATH': '/usr/bin:/bin:/usr/sbin:/sbin', 'LANG': 'C.UTF-8'} and shell False
DEBUG util.py:610:  Child return code was: 0
DEBUG util.py:636:  child environment: None
DEBUG util.py:558:  Executing command: ['/bin/mount', '-n', '-o', 'bind', '/tmp/mock-selinux-plugin.jbbm0dem', '/var/lib/mock/alma+epel-9-x86_64/root/proc/filesystems'] with env {'TERM': 'vt100', 'SHELL': '/bin/sh', 'HOME': '/builddir', 'HOSTNAME': 'mock', 'PATH': '/usr/bin:/bin:/usr/sbin:/sbin', 'LANG': 'C.UTF-8'} and shell False
DEBUG util.py:610:  Child return code was: 0
DEBUG file_util.py:17:  ensuring that dir exists: /var/lib/mock/alma+epel-9-x86_64/root/sys/fs/selinux
DEBUG util.py:636:  child environment: None
DEBUG util.py:558:  Executing command: ['/bin/mount', '-n', '-t', 'tmpfs', 'tmpfs', '/var/lib/mock/alma+epel-9-x86_64/root/sys/fs/selinux'] with env {'TERM': 'vt100', 'SHELL': '/bin/sh', 'HOME': '/builddir', 'HOSTNAME': 'mock', 'PATH': '/usr/bin:/bin:/usr/sbin:/sbin', 'LANG': 'C.UTF-8'} and shell False
DEBUG util.py:610:  Child return code was: 0
DEBUG file_util.py:17:  ensuring that dir exists: /var/lib/mock/alma+epel-9-x86_64-bootstrap/root/var/lib/mock/alma+epel-9-x86_64/root
DEBUG util.py:636:  child environment: None
DEBUG util.py:558:  Executing command: ['/bin/mount', '-n', '-t', 'tmpfs', '-o', 'private,mode=0755', 'tmpfs', '/var/lib/mock/alma+epel-9-x86_64-bootstrap/root/var/lib/mock/alma+epel-9-x86_64/root'] with env {'TERM': 'vt100', 'SHELL': '/bin/sh', 'HOME': '/builddir', 'HOSTNAME': 'mock', 'PATH': '/usr/bin:/bin:/usr/sbin:/sbin', 'LANG': 'C.UTF-8'} and shell False
DEBUG util.py:610:  Child return code was: 0
DEBUG file_util.py:17:  ensuring that dir exists: /var/lib/mock/alma+epel-9-x86_64-bootstrap/root/var/lib/mock/alma+epel-9-x86_64/root
DEBUG util.py:636:  child environment: None
DEBUG util.py:558:  Executing command: ['/bin/mount', '-n', '-o', 'rbind', '/var/lib/mock/alma+epel-9-x86_64/root', '/var/lib/mock/alma+epel-9-x86_64-bootstrap/root/var/lib/mock/alma+epel-9-x86_64/root'] with env {'TERM': 'vt100', 'SHELL': '/bin/sh', 'HOME': '/builddir', 'HOSTNAME': 'mock', 'PATH': '/usr/bin:/bin:/usr/sbin:/sbin', 'LANG': 'C.UTF-8'} and shell False
DEBUG util.py:610:  Child return code was: 0
DEBUG util.py:636:  child environment: None
DEBUG util.py:558:  Executing command: ['/bin/mount', '-n', '-o', 'remount,private,rbind', '--target', '/var/lib/mock/alma+epel-9-x86_64-bootstrap/root/var/lib/mock/alma+epel-9-x86_64/root'] with env {'TERM': 'vt100', 'SHELL': '/bin/sh', 'HOME': '/builddir', 'HOSTNAME': 'mock', 'PATH': '/usr/bin:/bin:/usr/sbin:/sbin', 'LANG': 'C.UTF-8'} and shell False
DEBUG util.py:610:  Child return code was: 0
DEBUG file_util.py:17:  ensuring that dir exists: /var/lib/mock/alma+epel-9-x86_64/root/installation-homedir
DEBUG package_manager.py:295:  ['/usr/bin/dnf-3', 'builddep', '--installroot', '/var/lib/mock/alma+epel-9-x86_64/root/', '--releasever', '9', '--setopt=deltarpm=False', '--setopt=allow_vendor_change=yes', '--allowerasing', '--disableplugin=local', '--disableplugin=spacewalk', '--disableplugin=versionlock', '/var/lib/mock/alma+epel-9-x86_64/root//builddir/build/SRPMS/php-5.6.40-46.el9.src.rpm']
DEBUG util.py:636:  child environment: None
DEBUG util.py:553:  Using nspawn with args ['--capability=cap_ipc_lock', '--bind=/tmp/mock-resolv.481fms99:/etc/resolv.conf']
DEBUG util.py:558:  Executing command: ['/usr/bin/systemd-nspawn', '-q', '-M', '1c675511e8224b30b8a583bf41ce8445', '-D', '/var/lib/mock/alma+epel-9-x86_64-bootstrap/root', '-a', '--capability=cap_ipc_lock', '--bind=/tmp/mock-resolv.481fms99:/etc/resolv.conf', '--console=pipe', '--setenv=TERM=vt100', '--setenv=SHELL=/bin/bash', '--setenv=HOME=/var/lib/mock/alma+epel-9-x86_64/root/installation-homedir', '--setenv=HOSTNAME=mock', '--setenv=PATH=/usr/bin:/bin:/usr/sbin:/sbin', '--setenv=PROMPT_COMMAND=printf "\\033]0;<mock-chroot>\\007"', '--setenv=PS1=<mock-chroot> \\s-\\v\\$ ', '--setenv=LANG=C.UTF-8', '--setenv=LC_MESSAGES=C.UTF-8', '--resolv-conf=off', '/usr/bin/dnf-3', 'builddep', '--installroot', '/var/lib/mock/alma+epel-9-x86_64/root/', '--releasever', '9', '--setopt=deltarpm=False', '--setopt=allow_vendor_change=yes', '--allowerasing', '--disableplugin=local', '--disableplugin=spacewalk', '--disableplugin=versionlock', '/var/lib/mock/alma+epel-9-x86_64/root//builddir/build/SRPMS/php-5.6.40-46.el9.src.rpm', '--setopt=tsflags=nocontexts'] with env {'TERM': 'vt100', 'SHELL': '/bin/bash', 'HOME': '/var/lib/mock/alma+epel-9-x86_64/root/installation-homedir', 'HOSTNAME': 'mock', 'PATH': '/usr/bin:/bin:/usr/sbin:/sbin', 'PROMPT_COMMAND': 'printf "\\033]0;<mock-chroot>\\007"', 'PS1': '<mock-chroot> \\s-\\v\\$ ', 'LANG': 'C.UTF-8', 'LC_MESSAGES': 'C.UTF-8', 'SYSTEMD_NSPAWN_TMPFS_TMP': '0', 'SYSTEMD_SECCOMP': '0'} and shell False
DEBUG util.py:461:  No matches found for the following disable plugin patterns: local, spacewalk, versionlock
DEBUG util.py:463:  AlmaLinux 9 - BaseOS                                                                                                                                         2.4 kB/s | 3.8 kB     00:01    
DEBUG util.py:463:  AlmaLinux 9 - AppStream                                                                                                                                      4.2 kB/s | 4.2 kB     00:01    
DEBUG util.py:463:  AlmaLinux 9 - CRB                                                                                                                                            4.4 kB/s | 4.2 kB     00:00    
DEBUG util.py:463:  AlmaLinux 9 - Extras                                                                                                                                         3.3 kB/s | 3.3 kB     00:00    
DEBUG util.py:463:  Extra Packages for Enterprise Linux 9 - x86_64                                                                                                               9.3 kB/s |  12 kB     00:01    
DEBUG util.py:463:  Remi EL9                                                                                                                                                     3.5 kB/s | 3.0 kB     00:00    
DEBUG util.py:463:  Package aspell-devel-12:0.60.8-8.el9.x86_64 is already installed.
DEBUG util.py:463:  Package autoconf-2.69-41.el9.noarch is already installed.
DEBUG util.py:463:  Package automake-1.16.2-8.el9.noarch is already installed.
DEBUG util.py:463:  Package bzip2-1.0.8-10.el9_5.x86_64 is already installed.
DEBUG util.py:463:  Package bzip2-devel-1.0.8-10.el9_5.x86_64 is already installed.
DEBUG util.py:463:  Package libcurl-devel-7.76.1-35.el9_7.3.x86_64 is already installed.
DEBUG util.py:463:  Package cyrus-sasl-devel-2.1.27-22.el9.x86_64 is already installed.
DEBUG util.py:463:  Package enchant-devel-1:1.6.0-30.el9.x86_64 is already installed.
DEBUG util.py:463:  Package firebird-devel-4.0.7.3271-1.el9.x86_64 is already installed.
DEBUG util.py:463:  Package freetds-devel-1.4.23-1.el9.x86_64 is already installed.
DEBUG util.py:463:  Package freetype-devel-2.10.4-10.el9_5.x86_64 is already installed.
DEBUG util.py:463:  Package gcc-11.5.0-11.el9.alma.1.x86_64 is already installed.
DEBUG util.py:463:  Package gcc-c++-11.5.0-11.el9.alma.1.x86_64 is already installed.
DEBUG util.py:463:  Package gd3php-devel-2.3.3-9.el9.remi.x86_64 is already installed.
DEBUG util.py:463:  Package gmp-devel-1:6.2.0-13.el9.x86_64 is already installed.
DEBUG util.py:463:  Package httpd-devel-2.4.62-7.el9_7.3.x86_64 is already installed.
DEBUG util.py:463:  Package httpd-filesystem-2.4.62-7.el9_7.3.noarch is already installed.
DEBUG util.py:463:  Package krb5-devel-1.21.1-9.el9_7.x86_64 is already installed.
DEBUG util.py:463:  Package libXpm-devel-3.5.13-10.el9.x86_64 is already installed.
DEBUG util.py:463:  Package libacl-devel-2.3.1-4.el9.x86_64 is already installed.
DEBUG util.py:463:  Package uw-imap-devel-2007f-30.el9.remi.x86_64 is already installed.
DEBUG util.py:463:  Package libdb-devel-5.3.28-57.el9_6.x86_64 is already installed.
DEBUG util.py:463:  Package libedit-devel-3.1-38.20210216cvs.el9.x86_64 is already installed.
DEBUG util.py:463:  Package libicu69-devel-69.1-4.el9.remi.x86_64 is already installed.
DEBUG util.py:463:  Package libjpeg-turbo-devel-2.0.90-7.el9.x86_64 is already installed.
DEBUG util.py:463:  Package libmcrypt-devel-2.5.8-30.el9.x86_64 is already installed.
DEBUG util.py:463:  Package libpng-devel-2:1.6.37-12.el9_7.4.x86_64 is already installed.
DEBUG util.py:463:  Package libstdc++-devel-11.5.0-11.el9.alma.1.x86_64 is already installed.
DEBUG util.py:463:  Package libtidy-devel-5.8.0-2.el9.x86_64 is already installed.
DEBUG util.py:463:  Package libtool-2.4.6-46.el9.x86_64 is already installed.
DEBUG util.py:463:  Package libtool-ltdl-devel-2.4.6-46.el9.x86_64 is already installed.
DEBUG util.py:463:  Package libxml2-devel-2.9.13-14.el9_7.x86_64 is already installed.
DEBUG util.py:463:  Package libxml2-devel-2.9.13-14.el9_7.x86_64 is already installed.
DEBUG util.py:463:  Package libxslt-devel-1.1.34-14.el9_7.1.x86_64 is already installed.
DEBUG util.py:463:  Package make-1:4.3-8.el9.x86_64 is already installed.
DEBUG util.py:463:  Package net-snmp-devel-1:5.9.1-17.el9_7.1.x86_64 is already installed.
DEBUG util.py:463:  Package openldap-devel-2.6.8-4.el9.x86_64 is already installed.
DEBUG util.py:463:  Package pam-devel-1.5.1-26.el9_6.x86_64 is already installed.
DEBUG util.py:463:  Package pcre-devel-8.44-4.el9.x86_64 is already installed.
DEBUG util.py:463:  Package perl-4:5.32.1-481.1.el9_6.x86_64 is already installed.
DEBUG util.py:463:  Package libpq-devel-13.23-1.el9_7.x86_64 is already installed.
DEBUG util.py:463:  Package recode-devel-3.7.11-1.el9.x86_64 is already installed.
DEBUG util.py:463:  Package exim-4.99.2-1.el9.x86_64 is already installed.
DEBUG util.py:463:  Package sqlite-devel-3.34.1-9.el9_7.x86_64 is already installed.
DEBUG util.py:463:  Package systemd-devel-252-55.el9_7.9.alma.1.x86_64 is already installed.
DEBUG util.py:463:  Package systemd-252-55.el9_7.9.alma.1.x86_64 is already installed.
DEBUG util.py:463:  Package systemtap-sdt-devel-5.3-3.el9.x86_64 is already installed.
DEBUG util.py:463:  Package t1lib-devel-5.1.2-31.el9.x86_64 is already installed.
DEBUG util.py:463:  Package tokyocabinet-devel-1.4.48-19.el9.x86_64 is already installed.
DEBUG util.py:463:  Package unixODBC-devel-2.3.9-4.el9.x86_64 is already installed.
DEBUG util.py:463:  Package zlib-devel-1.2.11-40.el9.x86_64 is already installed.
DEBUG util.py:463:  Dependencies resolved.
DEBUG util.py:463:  Nothing to do.
DEBUG util.py:463:  Complete!
DEBUG util.py:610:  Child return code was: 0
DEBUG util.py:185:  kill orphans in chroot /var/lib/mock/alma+epel-9-x86_64/root
DEBUG util.py:185:  kill orphans in chroot /var/lib/mock/alma+epel-9-x86_64-bootstrap/root/var/lib/mock/alma+epel-9-x86_64/root
DEBUG util.py:636:  child environment: None
DEBUG util.py:558:  Executing command: ['/bin/umount', '-n', '-l', '/var/lib/mock/alma+epel-9-x86_64-bootstrap/root/var/lib/mock/alma+epel-9-x86_64/root'] with env {'TERM': 'vt100', 'SHELL': '/bin/sh', 'HOME': '/builddir', 'HOSTNAME': 'mock', 'PATH': '/usr/bin:/bin:/usr/sbin:/sbin', 'LANG': 'C.UTF-8'} and shell False
DEBUG util.py:610:  Child return code was: 0
DEBUG util.py:636:  child environment: None
DEBUG util.py:558:  Executing command: ['/bin/umount', '-n', '-l', '/var/lib/mock/alma+epel-9-x86_64-bootstrap/root/var/lib/mock/alma+epel-9-x86_64/root'] with env {'TERM': 'vt100', 'SHELL': '/bin/sh', 'HOME': '/builddir', 'HOSTNAME': 'mock', 'PATH': '/usr/bin:/bin:/usr/sbin:/sbin', 'LANG': 'C.UTF-8'} and shell False
DEBUG util.py:610:  Child return code was: 0
DEBUG util.py:636:  child environment: None
DEBUG util.py:558:  Executing command: ['/bin/umount', '-n', '-l', '/var/lib/mock/alma+epel-9-x86_64/root/sys/fs/selinux'] with env {'TERM': 'vt100', 'SHELL': '/bin/sh', 'HOME': '/builddir', 'HOSTNAME': 'mock', 'PATH': '/usr/bin:/bin:/usr/sbin:/sbin', 'LANG': 'C.UTF-8'} and shell False
DEBUG util.py:610:  Child return code was: 0
DEBUG util.py:636:  child environment: None
DEBUG util.py:558:  Executing command: ['/bin/umount', '-n', '/var/lib/mock/alma+epel-9-x86_64/root/proc/filesystems'] with env {'TERM': 'vt100', 'SHELL': '/bin/sh', 'HOME': '/builddir', 'HOSTNAME': 'mock', 'PATH': '/usr/bin:/bin:/usr/sbin:/sbin', 'LANG': 'C.UTF-8'} and shell False
DEBUG util.py:610:  Child return code was: 0
DEBUG util.py:636:  child environment: None
DEBUG util.py:558:  Executing command: ['/bin/umount', '-n', '-l', '/var/lib/mock/alma+epel-9-x86_64/root/dev/pts'] with env {'TERM': 'vt100', 'SHELL': '/bin/sh', 'HOME': '/builddir', 'HOSTNAME': 'mock', 'PATH': '/usr/bin:/bin:/usr/sbin:/sbin', 'LANG': 'C.UTF-8'} and shell False
DEBUG util.py:610:  Child return code was: 0
DEBUG util.py:636:  child environment: None
DEBUG util.py:558:  Executing command: ['/bin/umount', '-n', '-l', '/var/lib/mock/alma+epel-9-x86_64/root/dev/shm'] with env {'TERM': 'vt100', 'SHELL': '/bin/sh', 'HOME': '/builddir', 'HOSTNAME': 'mock', 'PATH': '/usr/bin:/bin:/usr/sbin:/sbin', 'LANG': 'C.UTF-8'} and shell False
DEBUG util.py:610:  Child return code was: 0
DEBUG util.py:636:  child environment: None
DEBUG util.py:558:  Executing command: ['/bin/umount', '-n', '-l', '/var/lib/mock/alma+epel-9-x86_64/root/sys'] with env {'TERM': 'vt100', 'SHELL': '/bin/sh', 'HOME': '/builddir', 'HOSTNAME': 'mock', 'PATH': '/usr/bin:/bin:/usr/sbin:/sbin', 'LANG': 'C.UTF-8'} and shell False
DEBUG util.py:610:  Child return code was: 0
DEBUG util.py:636:  child environment: None
DEBUG util.py:558:  Executing command: ['/bin/umount', '-n', '-l', '/var/lib/mock/alma+epel-9-x86_64/root/sys'] with env {'TERM': 'vt100', 'SHELL': '/bin/sh', 'HOME': '/builddir', 'HOSTNAME': 'mock', 'PATH': '/usr/bin:/bin:/usr/sbin:/sbin', 'LANG': 'C.UTF-8'} and shell False
DEBUG util.py:610:  Child return code was: 0
DEBUG util.py:636:  child environment: None
DEBUG util.py:558:  Executing command: ['/bin/umount', '-n', '-l', '/var/lib/mock/alma+epel-9-x86_64/root/proc'] with env {'TERM': 'vt100', 'SHELL': '/bin/sh', 'HOME': '/builddir', 'HOSTNAME': 'mock', 'PATH': '/usr/bin:/bin:/usr/sbin:/sbin', 'LANG': 'C.UTF-8'} and shell False
DEBUG util.py:610:  Child return code was: 0
DEBUG util.py:636:  child environment: None
DEBUG util.py:558:  Executing command: ['/bin/umount', '-n', '-l', '/var/lib/mock/alma+epel-9-x86_64/root/proc'] with env {'TERM': 'vt100', 'SHELL': '/bin/sh', 'HOME': '/builddir', 'HOSTNAME': 'mock', 'PATH': '/usr/bin:/bin:/usr/sbin:/sbin', 'LANG': 'C.UTF-8'} and shell False
DEBUG util.py:610:  Child return code was: 0
DEBUG file_util.py:17:  ensuring that dir exists: /var/lib/mock/alma+epel-9-x86_64-bootstrap/root/var/lib/mock/alma+epel-9-x86_64/root
DEBUG util.py:636:  child environment: None
DEBUG util.py:558:  Executing command: ['/bin/mount', '-n', '-t', 'tmpfs', '-o', 'private,mode=0755', 'tmpfs', '/var/lib/mock/alma+epel-9-x86_64-bootstrap/root/var/lib/mock/alma+epel-9-x86_64/root'] with env {'TERM': 'vt100', 'SHELL': '/bin/sh', 'HOME': '/builddir', 'HOSTNAME': 'mock', 'PATH': '/usr/bin:/bin:/usr/sbin:/sbin', 'LANG': 'C.UTF-8'} and shell False
DEBUG util.py:610:  Child return code was: 0
DEBUG file_util.py:17:  ensuring that dir exists: /var/lib/mock/alma+epel-9-x86_64-bootstrap/root/var/lib/mock/alma+epel-9-x86_64/root
DEBUG util.py:636:  child environment: None
DEBUG util.py:558:  Executing command: ['/bin/mount', '-n', '-o', 'rbind', '/var/lib/mock/alma+epel-9-x86_64/root', '/var/lib/mock/alma+epel-9-x86_64-bootstrap/root/var/lib/mock/alma+epel-9-x86_64/root'] with env {'TERM': 'vt100', 'SHELL': '/bin/sh', 'HOME': '/builddir', 'HOSTNAME': 'mock', 'PATH': '/usr/bin:/bin:/usr/sbin:/sbin', 'LANG': 'C.UTF-8'} and shell False
DEBUG util.py:610:  Child return code was: 0
DEBUG util.py:636:  child environment: None
DEBUG util.py:558:  Executing command: ['/bin/mount', '-n', '-o', 'remount,private,rbind', '--target', '/var/lib/mock/alma+epel-9-x86_64-bootstrap/root/var/lib/mock/alma+epel-9-x86_64/root'] with env {'TERM': 'vt100', 'SHELL': '/bin/sh', 'HOME': '/builddir', 'HOSTNAME': 'mock', 'PATH': '/usr/bin:/bin:/usr/sbin:/sbin', 'LANG': 'C.UTF-8'} and shell False
DEBUG util.py:610:  Child return code was: 0
DEBUG util.py:636:  child environment: None
DEBUG util.py:553:  Using nspawn with args ['--capability=cap_ipc_lock', '--bind=/tmp/mock-resolv.481fms99:/etc/resolv.conf']
DEBUG util.py:558:  Executing command: ['/usr/bin/systemd-nspawn', '-q', '-M', 'fc627366d43142ec9d5b857f1b2fb24b', '-D', '/var/lib/mock/alma+epel-9-x86_64-bootstrap/root', '-a', '--capability=cap_ipc_lock', '--bind=/tmp/mock-resolv.481fms99:/etc/resolv.conf', '--console=pipe', '--setenv=TERM=vt100', '--setenv=SHELL=/bin/bash', '--setenv=HOME=/builddir', '--setenv=HOSTNAME=mock', '--setenv=PATH=/usr/bin:/bin:/usr/sbin:/sbin', '--setenv=PROMPT_COMMAND=printf "\\033]0;<mock-chroot>\\007"', '--setenv=PS1=<mock-chroot> \\s-\\v\\$ ', '--setenv=LANG=C.UTF-8', '--resolv-conf=off', '/bin/rpm', '-qa', '--root', '/var/lib/mock/alma+epel-9-x86_64/root'] with env {'TERM': 'vt100', 'SHELL': '/bin/bash', 'HOME': '/builddir', 'HOSTNAME': 'mock', 'PATH': '/usr/bin:/bin:/usr/sbin:/sbin', 'PROMPT_COMMAND': 'printf "\\033]0;<mock-chroot>\\007"', 'PS1': '<mock-chroot> \\s-\\v\\$ ', 'LANG': 'C.UTF-8', 'SYSTEMD_NSPAWN_TMPFS_TMP': '0', 'SYSTEMD_SECCOMP': '0'} and shell False
DEBUG util.py:463:  gpg-pubkey-b86b3716-61e69f29
DEBUG util.py:463:  gpg-pubkey-3228467c-613798eb
DEBUG util.py:463:  rust-srpm-macros-17-4.el9.noarch
DEBUG util.py:463:  rust-srpm-macros-epel-26.3-1.el9.noarch
DEBUG util.py:463:  qt6-srpm-macros-6.6.2-1.el9.noarch
DEBUG util.py:463:  ghc-srpm-macros-epel-1.9.1-1.el9.noarch
DEBUG util.py:463:  fpc-srpm-macros-1.3-7.el9.noarch
DEBUG util.py:463:  ansible-srpm-macros-1-16.el9.noarch
DEBUG util.py:463:  qt5-srpm-macros-5.15.9-1.el9.noarch
DEBUG util.py:463:  perl-srpm-macros-1-41.el9.noarch
DEBUG util.py:463:  openblas-srpm-macros-2-11.el9.noarch
DEBUG util.py:463:  ocaml-srpm-macros-6-6.el9.noarch
DEBUG util.py:463:  ghc-srpm-macros-1.5.0-6.el9.noarch
DEBUG util.py:463:  tzdata-2026a-1.el9.noarch
DEBUG util.py:463:  publicsuffix-list-dafsa-20210518-3.el9.noarch
DEBUG util.py:463:  pkgconf-m4-1.7.3-10.el9.noarch
DEBUG util.py:463:  pcre2-syntax-10.40-6.el9.noarch
DEBUG util.py:463:  ncurses-base-6.2-12.20210508.el9.noarch
DEBUG util.py:463:  libssh-config-0.10.4-17.el9_7.noarch
DEBUG util.py:463:  coreutils-common-8.32-39.el9.x86_64
DEBUG util.py:463:  almalinux-gpg-keys-9.7-1.el9.x86_64
DEBUG util.py:463:  almalinux-release-9.7-1.el9.x86_64
DEBUG util.py:463:  almalinux-repos-9.7-1.el9.x86_64
DEBUG util.py:463:  setup-2.13.7-10.el9.noarch
DEBUG util.py:463:  filesystem-3.16-5.el9.x86_64
DEBUG util.py:463:  basesystem-11-13.el9.noarch
DEBUG util.py:463:  ncurses-libs-6.2-12.20210508.el9.x86_64
DEBUG util.py:463:  bash-5.1.8-9.el9.x86_64
DEBUG util.py:463:  glibc-gconv-extra-2.34-231.el9_7.10.x86_64
DEBUG util.py:463:  libgcc-11.5.0-11.el9.alma.1.x86_64
DEBUG util.py:463:  glibc-minimal-langpack-2.34-231.el9_7.10.x86_64
DEBUG util.py:463:  glibc-common-2.34-231.el9_7.10.x86_64
DEBUG util.py:463:  glibc-2.34-231.el9_7.10.x86_64
DEBUG util.py:463:  zlib-1.2.11-40.el9.x86_64
DEBUG util.py:463:  xz-libs-5.2.5-8.el9_0.x86_64
DEBUG util.py:463:  bzip2-libs-1.0.8-10.el9_5.x86_64
DEBUG util.py:463:  libzstd-1.5.5-1.el9.x86_64
DEBUG util.py:463:  elfutils-libelf-0.193-1.el9.alma.1.x86_64
DEBUG util.py:463:  libstdc++-11.5.0-11.el9.alma.1.x86_64
DEBUG util.py:463:  libxcrypt-4.4.18-3.el9.x86_64
DEBUG util.py:463:  libuuid-2.37.4-21.el9_7.x86_64
DEBUG util.py:463:  gmp-6.2.0-13.el9.x86_64
DEBUG util.py:463:  libattr-2.5.1-3.el9.x86_64
DEBUG util.py:463:  libacl-2.3.1-4.el9.x86_64
DEBUG util.py:463:  libcap-2.48-10.el9_7.1.x86_64
DEBUG util.py:463:  popt-1.18-8.el9.x86_64
DEBUG util.py:463:  libcom_err-1.46.5-8.el9.x86_64
DEBUG util.py:463:  lz4-libs-1.9.3-5.el9.x86_64
DEBUG util.py:463:  readline-8.1-4.el9.x86_64
DEBUG util.py:463:  crypto-policies-20250905-1.git377cc42.el9_7.noarch
DEBUG util.py:463:  mpfr-4.1.0-7.el9.x86_64
DEBUG util.py:463:  dwz-0.16-1.el9.x86_64
DEBUG util.py:463:  unzip-6.0-59.el9.x86_64
DEBUG util.py:463:  file-libs-5.39-16.el9.x86_64
DEBUG util.py:463:  file-5.39-16.el9.x86_64
DEBUG util.py:463:  sqlite-libs-3.34.1-9.el9_7.x86_64
DEBUG util.py:463:  alternatives-1.24-2.el9.x86_64
DEBUG util.py:463:  libcap-ng-0.8.2-7.el9.x86_64
DEBUG util.py:463:  audit-libs-3.1.5-7.el9.x86_64
DEBUG util.py:463:  libffi-3.4.2-8.el9.x86_64
DEBUG util.py:463:  libsepol-3.6-3.el9.x86_64
DEBUG util.py:463:  libsigsegv-2.13-4.el9.x86_64
DEBUG util.py:463:  gawk-5.1.0-6.el9.x86_64
DEBUG util.py:463:  libsmartcols-2.37.4-21.el9_7.x86_64
DEBUG util.py:463:  libtasn1-4.16.0-9.el9.x86_64
DEBUG util.py:463:  p11-kit-0.25.3-3.el9_5.x86_64
DEBUG util.py:463:  libunistring-0.9.10-15.el9.x86_64
DEBUG util.py:463:  libidn2-2.3.0-7.el9.x86_64
DEBUG util.py:463:  lua-libs-5.4.4-4.el9.x86_64
DEBUG util.py:463:  libpsl-0.21.1-5.el9.x86_64
DEBUG util.py:463:  p11-kit-trust-0.25.3-3.el9_5.x86_64
DEBUG util.py:463:  zip-3.0-35.el9.x86_64
DEBUG util.py:463:  zstd-1.5.5-1.el9.x86_64
DEBUG util.py:463:  groff-base-1.22.4-10.el9.x86_64
DEBUG util.py:463:  bzip2-1.0.8-10.el9_5.x86_64
DEBUG util.py:463:  libxml2-2.9.13-14.el9_7.x86_64
DEBUG util.py:463:  info-6.7-15.el9.x86_64
DEBUG util.py:463:  ed-1.14.2-12.el9.x86_64
DEBUG util.py:463:  cpio-2.13-16.el9.x86_64
DEBUG util.py:463:  diffutils-3.7-12.el9.x86_64
DEBUG util.py:463:  gdbm-libs-1.23-1.el9.x86_64
DEBUG util.py:463:  json-c-0.14-11.el9.x86_64
DEBUG util.py:463:  keyutils-libs-1.6.3-1.el9.x86_64
DEBUG util.py:463:  libbrotli-1.0.9-9.el9_7.x86_64
DEBUG util.py:463:  libdb-5.3.28-57.el9_6.x86_64
DEBUG util.py:463:  libeconf-0.4.1-4.el9.x86_64
DEBUG util.py:463:  libgomp-11.5.0-11.el9.alma.1.x86_64
DEBUG util.py:463:  libgpg-error-1.42-5.el9.x86_64
DEBUG util.py:463:  libgcrypt-1.10.0-11.el9.x86_64
DEBUG util.py:463:  libnghttp2-1.43.0-6.el9_7.1.x86_64
DEBUG util.py:463:  libpkgconf-1.7.3-10.el9.x86_64
DEBUG util.py:463:  pkgconf-1.7.3-10.el9.x86_64
DEBUG util.py:463:  pkgconf-pkg-config-1.7.3-10.el9.x86_64
DEBUG util.py:463:  libtool-ltdl-2.4.6-46.el9.x86_64
DEBUG util.py:463:  libverto-0.3.2-3.el9.x86_64
DEBUG util.py:463:  ncurses-6.2-12.20210508.el9.x86_64
DEBUG util.py:463:  pcre-8.44-4.el9.x86_64
DEBUG util.py:463:  grep-3.6-5.el9.x86_64
DEBUG util.py:463:  xz-5.2.5-8.el9_0.x86_64
DEBUG util.py:463:  pcre2-10.40-6.el9.x86_64
DEBUG util.py:463:  libselinux-3.6-3.el9.x86_64
DEBUG util.py:463:  sed-4.8-9.el9.x86_64
DEBUG util.py:463:  findutils-4.8.0-7.el9.x86_64
DEBUG util.py:463:  openssl-fips-provider-3.5.1-7.el9_7.x86_64
DEBUG util.py:463:  openssl-libs-3.5.1-7.el9_7.x86_64
DEBUG util.py:463:  coreutils-8.32-39.el9.x86_64
DEBUG util.py:463:  ca-certificates-2025.2.80_v9.0.305-91.el9.noarch
DEBUG util.py:463:  libblkid-2.37.4-21.el9_7.x86_64
DEBUG util.py:463:  krb5-libs-1.21.1-9.el9_7.x86_64
DEBUG util.py:463:  libmount-2.37.4-21.el9_7.x86_64
DEBUG util.py:463:  gzip-1.12-1.el9.x86_64
DEBUG util.py:463:  cracklib-2.9.6-27.el9.x86_64
DEBUG util.py:463:  systemd-libs-252-55.el9_7.9.alma.1.x86_64
DEBUG util.py:463:  libarchive-3.5.3-9.el9_7.x86_64
DEBUG util.py:463:  util-linux-core-2.37.4-21.el9_7.x86_64
DEBUG util.py:463:  cracklib-dicts-2.9.6-27.el9.x86_64
DEBUG util.py:463:  cyrus-sasl-lib-2.1.27-22.el9.x86_64
DEBUG util.py:463:  libssh-0.10.4-17.el9_7.x86_64
DEBUG util.py:463:  libfdisk-2.37.4-21.el9_7.x86_64
DEBUG util.py:463:  perl-Digest-1.19-4.el9.noarch
DEBUG util.py:463:  perl-Digest-MD5-2.58-4.el9.x86_64
DEBUG util.py:463:  perl-B-1.80-481.1.el9_6.x86_64
DEBUG util.py:463:  perl-FileHandle-2.03-481.1.el9_6.noarch
DEBUG util.py:463:  perl-Data-Dumper-2.174-462.el9.x86_64
DEBUG util.py:463:  perl-libnet-3.13-4.el9.noarch
DEBUG util.py:463:  perl-AutoLoader-5.74-481.1.el9_6.noarch
DEBUG util.py:463:  perl-base-2.27-481.1.el9_6.noarch
DEBUG util.py:463:  perl-URI-5.09-3.el9.noarch
DEBUG util.py:463:  perl-if-0.60.800-481.1.el9_6.noarch
DEBUG util.py:463:  perl-IO-Socket-IP-0.41-5.el9.noarch
DEBUG util.py:463:  perl-Time-Local-1.300-7.el9.noarch
DEBUG util.py:463:  perl-File-Path-2.18-4.el9.noarch
DEBUG util.py:463:  perl-IO-Socket-SSL-2.073-2.el9.noarch
DEBUG util.py:463:  perl-Net-SSLeay-1.94-3.el9.x86_64
DEBUG util.py:463:  perl-Pod-Escapes-1.07-460.el9.noarch
DEBUG util.py:463:  perl-Text-Tabs+Wrap-2013.0523-460.el9.noarch
DEBUG util.py:463:  perl-Mozilla-CA-20200520-6.el9.noarch
DEBUG util.py:463:  perl-Class-Struct-0.66-481.1.el9_6.noarch
DEBUG util.py:463:  perl-POSIX-1.94-481.1.el9_6.x86_64
DEBUG util.py:463:  perl-Term-ANSIColor-5.01-461.el9.noarch
DEBUG util.py:463:  perl-IPC-Open3-1.21-481.1.el9_6.noarch
DEBUG util.py:463:  perl-subs-1.03-481.1.el9_6.noarch
DEBUG util.py:463:  perl-File-Temp-0.231.100-4.el9.noarch
DEBUG util.py:463:  perl-Term-Cap-1.17-460.el9.noarch
DEBUG util.py:463:  perl-Pod-Simple-3.42-4.el9.noarch
DEBUG util.py:463:  perl-HTTP-Tiny-0.076-462.el9.noarch
DEBUG util.py:463:  perl-Socket-2.031-4.el9.x86_64
DEBUG util.py:463:  perl-SelectSaver-1.02-481.1.el9_6.noarch
DEBUG util.py:463:  perl-Symbol-1.08-481.1.el9_6.noarch
DEBUG util.py:463:  perl-File-stat-1.09-481.1.el9_6.noarch
DEBUG util.py:463:  perl-podlators-4.14-460.el9.noarch
DEBUG util.py:463:  perl-Pod-Perldoc-3.28.01-461.el9.noarch
DEBUG util.py:463:  perl-Fcntl-1.13-481.1.el9_6.x86_64
DEBUG util.py:463:  perl-Text-ParseWords-3.30-460.el9.noarch
DEBUG util.py:463:  perl-mro-1.23-481.1.el9_6.x86_64
DEBUG util.py:463:  perl-IO-1.43-481.1.el9_6.x86_64
DEBUG util.py:463:  perl-overloading-0.02-481.1.el9_6.noarch
DEBUG util.py:463:  perl-Pod-Usage-2.01-4.el9.noarch
DEBUG util.py:463:  perl-Errno-1.30-481.1.el9_6.x86_64
DEBUG util.py:463:  perl-File-Basename-2.85-481.1.el9_6.noarch
DEBUG util.py:463:  perl-Getopt-Std-1.12-481.1.el9_6.noarch
DEBUG util.py:463:  perl-MIME-Base64-3.16-4.el9.x86_64
DEBUG util.py:463:  perl-Scalar-List-Utils-1.56-462.el9.x86_64
DEBUG util.py:463:  perl-constant-1.33-461.el9.noarch
DEBUG util.py:463:  perl-Storable-3.21-460.el9.x86_64
DEBUG util.py:463:  perl-overload-1.31-481.1.el9_6.noarch
DEBUG util.py:463:  perl-parent-0.238-460.el9.noarch
DEBUG util.py:463:  perl-vars-1.05-481.1.el9_6.noarch
DEBUG util.py:463:  perl-Getopt-Long-2.52-4.el9.noarch
DEBUG util.py:463:  perl-Carp-1.50-460.el9.noarch
DEBUG util.py:463:  perl-Exporter-5.74-461.el9.noarch
DEBUG util.py:463:  perl-PathTools-3.78-461.el9.x86_64
DEBUG util.py:463:  perl-Encode-3.08-462.el9.x86_64
DEBUG util.py:463:  perl-libs-5.32.1-481.1.el9_6.x86_64
DEBUG util.py:463:  perl-interpreter-5.32.1-481.1.el9_6.x86_64
DEBUG util.py:463:  kernel-srpm-macros-1.0-14.el9.noarch
DEBUG util.py:463:  openssl-3.5.1-7.el9_7.x86_64
DEBUG util.py:463:  libpwquality-1.4.4-8.el9.x86_64
DEBUG util.py:463:  pam-1.5.1-26.el9_6.x86_64
DEBUG util.py:463:  libevent-2.1.12-8.el9_4.x86_64
DEBUG util.py:463:  libsemanage-3.6-5.el9_6.x86_64
DEBUG util.py:463:  shadow-utils-4.9-15.el9.x86_64
DEBUG util.py:463:  libutempter-1.2.1-6.el9.x86_64
DEBUG util.py:463:  openldap-2.6.8-4.el9.x86_64
DEBUG util.py:463:  libcurl-7.76.1-35.el9_7.3.x86_64
DEBUG util.py:463:  curl-7.76.1-35.el9_7.3.x86_64
DEBUG util.py:463:  rpm-libs-4.16.1.3-39.el9.x86_64
DEBUG util.py:463:  rpm-4.16.1.3-39.el9.x86_64
DEBUG util.py:463:  efi-srpm-macros-6-4.el9.noarch
DEBUG util.py:463:  lua-srpm-macros-1-6.el9.noarch
DEBUG util.py:463:  rpmautospec-rpm-macros-0.8.4-1.el9.noarch
DEBUG util.py:463:  tar-1.34-9.el9_7.x86_64
DEBUG util.py:463:  patch-2.7.6-16.el9.x86_64
DEBUG util.py:463:  elfutils-default-yama-scope-0.193-1.el9.alma.1.noarch
DEBUG util.py:463:  elfutils-libs-0.193-1.el9.alma.1.x86_64
DEBUG util.py:463:  elfutils-debuginfod-client-0.193-1.el9.alma.1.x86_64
DEBUG util.py:463:  binutils-gold-2.35.2-67.el9_7.1.x86_64
DEBUG util.py:463:  binutils-2.35.2-67.el9_7.1.x86_64
DEBUG util.py:463:  elfutils-0.193-1.el9.alma.1.x86_64
DEBUG util.py:463:  gdb-minimal-16.3-2.el9.x86_64
DEBUG util.py:463:  debugedit-5.0-11.el9.x86_64
DEBUG util.py:463:  rpm-build-libs-4.16.1.3-39.el9.x86_64
DEBUG util.py:463:  fonts-srpm-macros-2.0.5-7.el9.1.noarch
DEBUG util.py:463:  go-srpm-macros-3.6.0-14.el9_7.noarch
DEBUG util.py:463:  python-srpm-macros-3.9-54.el9.noarch
DEBUG util.py:463:  redhat-rpm-config-210-1.el9.alma.1.noarch
DEBUG util.py:463:  rpm-build-4.16.1.3-39.el9.x86_64
DEBUG util.py:463:  pyproject-srpm-macros-1.16.2-1.el9.noarch
DEBUG util.py:463:  forge-srpm-macros-0.4.0-1.el9.noarch
DEBUG util.py:463:  go-srpm-macros-epel-3.8.0-1.el9.noarch
DEBUG util.py:463:  R-srpm-macros-1.3.7-2.el9.noarch
DEBUG util.py:463:  epel-rpm-macros-9-18.el9.noarch
DEBUG util.py:463:  util-linux-2.37.4-21.el9_7.x86_64
DEBUG util.py:463:  which-2.21-30.el9_6.x86_64
DEBUG util.py:463:  perl-File-Find-1.37-481.1.el9_6.noarch
DEBUG util.py:463:  perl-File-Copy-2.34-481.1.el9_6.noarch
DEBUG util.py:463:  zlib-devel-1.2.11-40.el9.x86_64
DEBUG util.py:463:  perl-File-Compare-1.100.600-481.1.el9_6.noarch
DEBUG util.py:463:  perl-DynaLoader-1.47-481.1.el9_6.x86_64
DEBUG util.py:463:  expat-2.5.0-5.el9_7.1.x86_64
DEBUG util.py:463:  perl-ExtUtils-Manifest-1.73-4.el9.noarch
DEBUG util.py:463:  perl-threads-2.25-460.el9.x86_64
DEBUG util.py:463:  perl-threads-shared-1.61-460.el9.x86_64
DEBUG util.py:463:  perl-Time-HiRes-1.9764-462.el9.x86_64
DEBUG util.py:463:  perl-lib-0.65-481.1.el9_6.x86_64
DEBUG util.py:463:  perl-ExtUtils-ParseXS-3.40-460.el9.noarch
DEBUG util.py:463:  perl-Compress-Raw-Zlib-2.101-5.el9.x86_64
DEBUG util.py:463:  apr-1.7.0-12.el9_3.x86_64
DEBUG util.py:463:  apr-util-bdb-1.6.1-23.el9.x86_64
DEBUG util.py:463:  apr-util-1.6.1-23.el9.x86_64
DEBUG util.py:463:  libpng-1.6.37-12.el9_7.4.x86_64
DEBUG util.py:463:  libtommath-1.2.0-10.el9.x86_64
DEBUG util.py:463:  libfbclient2-4.0.7.3271-1.el9.x86_64
DEBUG util.py:463:  unixODBC-2.3.9-4.el9.x86_64
DEBUG util.py:463:  perl-meta-notation-5.32.1-481.1.el9_6.noarch
DEBUG util.py:463:  perl-locale-1.09-481.1.el9_6.noarch
DEBUG util.py:463:  perl-version-0.99.28-4.el9.x86_64
DEBUG util.py:463:  perl-CPAN-Meta-Requirements-2.140-461.el9.noarch
DEBUG util.py:463:  perl-Module-CoreList-5.20240609-1.el9.noarch
DEBUG util.py:463:  perl-Module-Metadata-1.000037-460.el9.noarch
DEBUG util.py:463:  perl-Unicode-Normalize-1.27-461.el9.x86_64
DEBUG util.py:463:  perl-Tie-4.6-481.1.el9_6.noarch
DEBUG util.py:463:  perl-Term-ReadLine-1.17-481.1.el9_6.noarch
DEBUG util.py:463:  perl-Perl-OSType-1.010-461.el9.noarch
DEBUG util.py:463:  perl-Module-Load-0.36-4.el9.noarch
DEBUG util.py:463:  perl-Digest-SHA-6.02-461.el9.x86_64
DEBUG util.py:463:  perl-Devel-Peek-1.28-481.1.el9_6.x86_64
DEBUG util.py:463:  libzstd-devel-1.5.5-1.el9.x86_64
DEBUG util.py:463:  libwebp-1.2.0-8.el9_3.x86_64
DEBUG util.py:463:  libmpc-1.2.1-4.el9.x86_64
DEBUG util.py:463:  libjpeg-turbo-2.0.90-7.el9.x86_64
DEBUG util.py:463:  cmake-filesystem-3.26.5-3.el9_7.x86_64
DEBUG util.py:463:  nettle-3.10.1-1.el9.x86_64
DEBUG util.py:463:  gnutls-3.8.3-10.el9_7.x86_64
DEBUG util.py:463:  glib2-2.68.4-18.el9_7.2.x86_64
DEBUG util.py:463:  libedit-3.1-38.20210216cvs.el9.x86_64
DEBUG util.py:463:  elfutils-libelf-devel-0.193-1.el9.alma.1.x86_64
DEBUG util.py:463:  perl-Dumpvalue-2.27-481.1.el9_6.noarch
DEBUG util.py:463:  perl-Pod-Html-1.25-481.1.el9_6.noarch
DEBUG util.py:463:  libpng-devel-1.6.37-12.el9_7.4.x86_64
DEBUG util.py:463:  apr-devel-1.7.0-12.el9_3.x86_64
DEBUG util.py:463:  perl-Net-Ping-2.74-5.el9.noarch
DEBUG util.py:463:  perl-Thread-Queue-3.14-460.el9.noarch
DEBUG util.py:463:  perl-ExtUtils-Command-7.60-3.el9.noarch
DEBUG util.py:463:  libspf2-1.2.11-11.20210922git4915c308.el9.x86_64
DEBUG util.py:463:  libimagequant-2.17.0-1.el9.x86_64
DEBUG util.py:463:  xz-devel-5.2.5-8.el9_0.x86_64
DEBUG util.py:463:  libxml2-devel-2.9.13-14.el9_7.x86_64
DEBUG util.py:463:  xorg-x11-proto-devel-2024.1-1.el9.noarch
DEBUG util.py:463:  perl-doc-5.32.1-481.1.el9_6.noarch
DEBUG util.py:463:  perl-autouse-1.11-481.1.el9_6.noarch
DEBUG util.py:463:  perl-User-pwent-1.03-481.1.el9_6.noarch
DEBUG util.py:463:  perl-Tie-RefHash-1.40-4.el9.noarch
DEBUG util.py:463:  perl-Text-Balanced-2.04-4.el9.noarch
DEBUG util.py:463:  perl-Sys-Hostname-1.23-481.1.el9_6.x86_64
DEBUG util.py:463:  perl-Sub-Install-0.928-28.el9.noarch
DEBUG util.py:463:  perl-SelfLoader-1.26-481.1.el9_6.noarch
DEBUG util.py:463:  perl-Params-Util-1.102-5.el9.x86_64
DEBUG util.py:463:  perl-Opcode-1.48-481.1.el9_6.x86_64
DEBUG util.py:463:  perl-Safe-2.41-481.1.el9_6.noarch
DEBUG util.py:463:  perl-NDBM_File-1.15-481.1.el9_6.x86_64
DEBUG util.py:463:  perl-Math-Complex-1.59-481.1.el9_6.noarch
DEBUG util.py:463:  perl-Math-BigInt-1.9998.18-460.el9.noarch
DEBUG util.py:463:  perl-JSON-PP-4.06-4.el9.noarch
DEBUG util.py:463:  perl-Math-BigRat-0.2614-460.el9.noarch
DEBUG util.py:463:  perl-I18N-LangTags-0.44-481.1.el9_6.noarch
DEBUG util.py:463:  perl-Locale-Maketext-1.29-461.el9.noarch
DEBUG util.py:463:  perl-Locale-Maketext-Simple-0.21-481.1.el9_6.noarch
DEBUG util.py:463:  perl-Params-Check-0.38-461.el9.noarch
DEBUG util.py:463:  perl-Module-Load-Conditional-0.74-4.el9.noarch
DEBUG util.py:463:  perl-Hash-Util-FieldHash-1.20-481.1.el9_6.x86_64
DEBUG util.py:463:  perl-Hash-Util-0.23-481.1.el9_6.x86_64
DEBUG util.py:463:  perl-ExtUtils-MM-Utils-7.60-3.el9.noarch
DEBUG util.py:463:  perl-IPC-Cmd-1.04-461.el9.noarch
DEBUG util.py:463:  perl-ExtUtils-Constant-0.25-481.1.el9_6.noarch
DEBUG util.py:463:  perl-DirHandle-1.05-481.1.el9_6.noarch
DEBUG util.py:463:  perl-Devel-PPPort-3.62-4.el9.x86_64
DEBUG util.py:463:  perl-Compress-Raw-Bzip2-2.101-5.el9.x86_64
DEBUG util.py:463:  perl-IO-Compress-2.102-4.el9.noarch
DEBUG util.py:463:  perl-IO-Zlib-1.11-4.el9.noarch
DEBUG util.py:463:  perl-CPAN-Meta-YAML-0.018-461.el9.noarch
DEBUG util.py:463:  perl-CPAN-Meta-2.150010-460.el9.noarch
DEBUG util.py:463:  perl-Benchmark-1.23-481.1.el9_6.noarch
DEBUG util.py:463:  perl-Test-Harness-3.42-461.el9.noarch
DEBUG util.py:463:  perl-AutoSplit-5.74-481.1.el9_6.noarch
DEBUG util.py:463:  net-snmp-libs-5.9.1-17.el9_7.1.x86_64
DEBUG util.py:463:  m4-1.4.19-1.el9.x86_64
DEBUG util.py:463:  lm_sensors-libs-3.6.0-10.el9.x86_64
DEBUG util.py:463:  libXau-1.0.9-8.el9.x86_64
DEBUG util.py:463:  libxcb-1.13.1-9.el9.x86_64
DEBUG util.py:463:  libICE-1.0.10-8.el9.x86_64
DEBUG util.py:463:  glibc-headers-2.34-231.el9_7.10.x86_64
DEBUG util.py:463:  fribidi-1.0.10-6.el9.2.x86_64
DEBUG util.py:463:  emacs-filesystem-27.2-18.el9.noarch
DEBUG util.py:463:  autoconf-2.69-41.el9.noarch
DEBUG util.py:463:  automake-1.16.2-8.el9.noarch
DEBUG util.py:463:  make-4.3-8.el9.x86_64
DEBUG util.py:463:  graphite2-1.3.14-9.el9.x86_64
DEBUG util.py:463:  harfbuzz-2.7.4-10.el9.x86_64
DEBUG util.py:463:  freetype-2.10.4-10.el9_5.x86_64
DEBUG util.py:463:  libraqm-0.8.0-1.el9.x86_64
DEBUG util.py:463:  fonts-filesystem-2.0.5-7.el9.1.noarch
DEBUG util.py:463:  dejavu-sans-fonts-2.37-18.el9.noarch
DEBUG util.py:463:  langpacks-core-font-en-3.0-16.el9.noarch
DEBUG util.py:463:  graphite2-devel-1.3.14-9.el9.x86_64
DEBUG util.py:463:  libidn-1.38-4.el9.x86_64
DEBUG util.py:463:  fribidi-devel-1.0.10-6.el9.2.x86_64
DEBUG util.py:463:  libattr-devel-2.5.1-3.el9.x86_64
DEBUG util.py:463:  libSM-1.2.3-10.el9.x86_64
DEBUG util.py:463:  libXau-devel-1.0.9-8.el9.x86_64
DEBUG util.py:463:  libxcb-devel-1.13.1-9.el9.x86_64
DEBUG util.py:463:  lm_sensors-devel-3.6.0-10.el9.x86_64
DEBUG util.py:463:  perl-DBM_Filter-0.06-481.1.el9_6.noarch
DEBUG util.py:463:  perl-File-Fetch-1.00-4.el9.noarch
DEBUG util.py:463:  perl-fields-2.27-481.1.el9_6.noarch
DEBUG util.py:463:  perl-bignum-0.51-460.el9.noarch
DEBUG util.py:463:  perl-Math-BigInt-FastCalc-0.500.900-460.el9.x86_64
DEBUG util.py:463:  perl-Memoize-1.03-481.1.el9_6.noarch
DEBUG util.py:463:  perl-Data-OptList-0.110-17.el9.noarch
DEBUG util.py:463:  perl-Devel-SelfStubber-1.06-481.1.el9_6.noarch
DEBUG util.py:463:  elfutils-devel-0.193-1.el9.alma.1.x86_64
DEBUG util.py:463:  libimagequant-devel-2.17.0-1.el9.x86_64
DEBUG util.py:463:  firebird-utils-4.0.7.3271-1.el9.x86_64
DEBUG util.py:463:  shared-mime-info-2.1-5.el9.x86_64
DEBUG util.py:463:  freetds-1.4.23-1.el9.x86_64
DEBUG util.py:463:  freetds-libs-1.4.23-1.el9.x86_64
DEBUG util.py:463:  libjpeg-turbo-devel-2.0.90-7.el9.x86_64
DEBUG util.py:463:  cpp-11.5.0-11.el9.alma.1.x86_64
DEBUG util.py:463:  libwebp-devel-1.2.0-8.el9_3.x86_64
DEBUG util.py:463:  perl-debugger-1.56-481.1.el9_6.noarch
DEBUG util.py:463:  perl-Env-1.04-460.el9.noarch
DEBUG util.py:463:  perl-Unicode-Collate-1.29-4.el9.x86_64
DEBUG util.py:463:  perl-Unicode-UCD-0.75-481.1.el9_6.noarch
DEBUG util.py:463:  perl-Module-CoreList-tools-5.20240609-1.el9.noarch
DEBUG util.py:463:  perl-experimental-0.022-6.el9.noarch
DEBUG util.py:463:  perl-sigtrap-1.09-481.1.el9_6.noarch
DEBUG util.py:463:  libtomcrypt-1.18.2-12.el9.x86_64
DEBUG util.py:463:  httpd-tools-2.4.62-7.el9_7.3.x86_64
DEBUG util.py:463:  perl-Archive-Zip-1.68-6.el9.noarch
DEBUG util.py:463:  perl-Thread-3.05-481.1.el9_6.noarch
DEBUG util.py:463:  perl-Thread-Semaphore-2.13-481.1.el9_6.noarch
DEBUG util.py:463:  expat-devel-2.5.0-5.el9_7.1.x86_64
DEBUG util.py:463:  perl-Digest-SHA1-2.13-34.el9.x86_64
DEBUG util.py:463:  libicu69-69.1-4.el9.remi.x86_64
DEBUG util.py:463:  libicu69-devel-69.1-4.el9.remi.x86_64
DEBUG util.py:463:  libc-client-2007f-30.el9.remi.x86_64
DEBUG util.py:463:  svt-av1-libs-0.9.0-1.el9.x86_64
DEBUG util.py:463:  recode-3.7.11-1.el9.x86_64
DEBUG util.py:463:  rav1e-libs-0.8.1-2.el9.x86_64
DEBUG util.py:463:  libvmaf-2.3.0-2.el9.x86_64
DEBUG util.py:463:  libtidy-5.8.0-2.el9.x86_64
DEBUG util.py:463:  libntlm-1.6-4.el9.x86_64
DEBUG util.py:463:  libgsasl-1.10.0-15.el9.x86_64
DEBUG util.py:463:  libmd-1.2.0-1.el9.x86_64
DEBUG util.py:463:  libbsd-0.12.2-1.el9.x86_64
DEBUG util.py:463:  libopendmarc-1.4.2-33.el9.x86_64
DEBUG util.py:463:  libmcrypt-2.5.8-30.el9.x86_64
DEBUG util.py:463:  libib-util-4.0.7.3271-1.el9.x86_64
DEBUG util.py:463:  firebird-4.0.7.3271-1.el9.x86_64
DEBUG util.py:463:  libfbclient2-devel-4.0.7.3271-1.el9.x86_64
DEBUG util.py:463:  firebird-devel-4.0.7.3271-1.el9.x86_64
DEBUG util.py:463:  libdav1d-1.5.3-1.el9.x86_64
DEBUG util.py:463:  highway-1.3.0-1.el9.x86_64
DEBUG util.py:463:  libjxl-0.7.2-2.el9.x86_64
DEBUG util.py:463:  libaom-3.13.1-1.el9.x86_64
DEBUG util.py:463:  libavif-0.11.1-5.el9.x86_64
DEBUG util.py:463:  libavif-devel-0.11.1-5.el9.x86_64
DEBUG util.py:463:  aspell-0.60.8-8.el9.x86_64
DEBUG util.py:463:  xml-common-0.6.3-58.el9.noarch
DEBUG util.py:463:  fontconfig-2.14.0-2.el9_1.x86_64
DEBUG util.py:463:  tokyocabinet-1.4.48-19.el9.x86_64
DEBUG util.py:463:  sysprof-capture-devel-3.40.1-3.el9.x86_64
DEBUG util.py:463:  sqlite-3.34.1-9.el9_7.x86_64
DEBUG util.py:463:  popt-devel-1.18-8.el9.x86_64
DEBUG util.py:463:  pixman-0.40.0-6.el9_3.x86_64
DEBUG util.py:463:  perl-vmsish-1.04-481.1.el9_6.noarch
DEBUG util.py:463:  perl-utils-5.32.1-481.1.el9_6.noarch
DEBUG util.py:463:  perl-sort-2.04-481.1.el9_6.noarch
DEBUG util.py:463:  perl-ph-5.32.1-481.1.el9_6.x86_64
DEBUG util.py:463:  perl-perlfaq-5.20210520-1.el9.noarch
DEBUG util.py:463:  perl-macros-5.32.1-481.1.el9_6.noarch
DEBUG util.py:463:  perl-local-lib-2.000024-13.el9.noarch
DEBUG util.py:463:  perl-less-0.03-481.1.el9_6.noarch
DEBUG util.py:463:  perl-filetest-1.03-481.1.el9_6.noarch
DEBUG util.py:463:  perl-encoding-warnings-0.13-481.1.el9_6.noarch
DEBUG util.py:463:  perl-diagnostics-1.37-481.1.el9_6.noarch
DEBUG util.py:463:  perl-deprecate-0.04-481.1.el9_6.noarch
DEBUG util.py:463:  perl-blib-1.07-481.1.el9_6.noarch
DEBUG util.py:463:  perl-Time-Piece-1.3401-481.1.el9_6.x86_64
DEBUG util.py:463:  perl-Time-1.03-481.1.el9_6.noarch
DEBUG util.py:463:  perl-Tie-Memoize-1.1-481.1.el9_6.noarch
DEBUG util.py:463:  perl-Tie-File-1.06-481.1.el9_6.noarch
DEBUG util.py:463:  perl-Text-Template-1.59-5.el9.noarch
DEBUG util.py:463:  perl-Text-Glob-0.11-15.el9.noarch
DEBUG util.py:463:  perl-Text-Abbrev-1.02-481.1.el9_6.noarch
DEBUG util.py:463:  perl-Test-1.31-481.1.el9_6.noarch
DEBUG util.py:463:  perl-Term-Complete-1.403-481.1.el9_6.noarch
DEBUG util.py:463:  perl-Sys-Syslog-0.36-461.el9.x86_64
DEBUG util.py:463:  perl-Search-Dict-1.07-481.1.el9_6.noarch
DEBUG util.py:463:  perl-Pod-Functions-1.13-481.1.el9_6.noarch
DEBUG util.py:463:  perl-Pod-Checker-1.74-4.el9.noarch
DEBUG util.py:463:  perl-PerlIO-via-QuotedPrint-0.09-4.el9.noarch
DEBUG util.py:463:  perl-Package-Generator-1.106-23.el9.noarch
DEBUG util.py:463:  perl-Sub-Exporter-0.987-27.el9.noarch
DEBUG util.py:463:  perl-Object-HashBase-0.009-7.el9.noarch
DEBUG util.py:463:  perl-ODBM_File-1.16-481.1.el9_6.x86_64
DEBUG util.py:463:  perl-Net-1.02-481.1.el9_6.noarch
DEBUG util.py:463:  perl-NEXT-0.67-481.1.el9_6.noarch
DEBUG util.py:463:  perl-Module-Loaded-0.08-481.1.el9_6.noarch
DEBUG util.py:463:  perl-MRO-Compat-0.13-15.el9.noarch
DEBUG util.py:463:  perl-Data-Section-0.200007-14.el9.noarch
DEBUG util.py:463:  perl-Software-License-0.103014-12.el9.noarch
DEBUG util.py:463:  perl-Importer-0.026-4.el9.noarch
DEBUG util.py:463:  perl-Term-Table-0.015-8.el9.noarch
DEBUG util.py:463:  perl-Test-Simple-1.302183-4.el9.noarch
DEBUG util.py:463:  perl-IPC-System-Simple-1.30-6.el9.noarch
DEBUG util.py:463:  perl-autodie-2.34-4.el9.noarch
DEBUG util.py:463:  perl-IPC-SysV-2.09-4.el9.x86_64
DEBUG util.py:463:  perl-I18N-Langinfo-0.19-481.1.el9_6.x86_64
DEBUG util.py:463:  perl-I18N-Collate-1.02-481.1.el9_6.noarch
DEBUG util.py:463:  perl-GDBM_File-1.18-481.1.el9_6.x86_64
DEBUG util.py:463:  perl-FindBin-1.51-481.1.el9_6.noarch
DEBUG util.py:463:  perl-FileCache-1.10-481.1.el9_6.noarch
DEBUG util.py:463:  perl-File-Which-1.23-10.el9.noarch
DEBUG util.py:463:  perl-File-HomeDir-1.006-4.el9.noarch
DEBUG util.py:463:  perl-File-DosGlob-1.12-481.1.el9_6.x86_64
DEBUG util.py:463:  perl-English-1.11-481.1.el9_6.noarch
DEBUG util.py:463:  perl-Devel-Size-0.83-10.el9.x86_64
DEBUG util.py:463:  perl-DB_File-1.855-4.el9.x86_64
DEBUG util.py:463:  perl-Config-Perl-V-0.33-4.el9.noarch
DEBUG util.py:463:  perl-Config-Extensions-0.03-481.1.el9_6.noarch
DEBUG util.py:463:  perl-Compress-Raw-Lzma-2.101-3.el9.x86_64
DEBUG util.py:463:  perl-IO-Compress-Lzma-2.101-4.el9.noarch
DEBUG util.py:463:  perl-Compress-Bzip2-2.28-5.el9.x86_64
DEBUG util.py:463:  perl-Attribute-Handlers-1.01-481.1.el9_6.noarch
DEBUG util.py:463:  perl-Algorithm-Diff-1.2010-4.el9.noarch
DEBUG util.py:463:  perl-Text-Diff-1.45-13.el9.noarch
DEBUG util.py:463:  perl-Archive-Tar-2.38-6.el9.noarch
DEBUG util.py:463:  pcre2-utf32-10.40-6.el9.x86_64
DEBUG util.py:463:  pcre2-utf16-10.40-6.el9.x86_64
DEBUG util.py:463:  pcre2-devel-10.40-6.el9.x86_64
DEBUG util.py:463:  pcre-utf32-8.44-4.el9.x86_64
DEBUG util.py:463:  pcre-utf16-8.44-4.el9.x86_64
DEBUG util.py:463:  pcre-cpp-8.44-4.el9.x86_64
DEBUG util.py:463:  pcre-devel-8.44-4.el9.x86_64
DEBUG util.py:463:  openssl-devel-3.5.1-7.el9_7.x86_64
DEBUG util.py:463:  ncurses-c++-libs-6.2-12.20210508.el9.x86_64
DEBUG util.py:463:  ncurses-devel-6.2-12.20210508.el9.x86_64
DEBUG util.py:463:  mariadb-connector-c-config-3.2.6-1.el9_0.noarch
DEBUG util.py:463:  mariadb-connector-c-3.2.6-1.el9_0.x86_64
DEBUG util.py:463:  net-snmp-agent-libs-5.9.1-17.el9_7.1.x86_64
DEBUG util.py:463:  llvm-filesystem-20.1.8-3.el9.x86_64
DEBUG util.py:463:  llvm-libs-20.1.8-3.el9.x86_64
DEBUG util.py:463:  libxslt-1.1.34-14.el9_7.1.x86_64
DEBUG util.py:463:  libverto-devel-0.3.2-3.el9.x86_64
DEBUG util.py:463:  libstdc++-devel-11.5.0-11.el9.alma.1.x86_64
DEBUG util.py:463:  libsepol-devel-3.6-3.el9.x86_64
DEBUG util.py:463:  libselinux-devel-3.6-3.el9.x86_64
DEBUG util.py:463:  libpq-13.23-1.el9_7.x86_64
DEBUG util.py:463:  libgpg-error-devel-1.42-5.el9.x86_64
DEBUG util.py:463:  libffi-devel-3.4.2-8.el9.x86_64
DEBUG util.py:463:  libdb-devel-5.3.28-57.el9_6.x86_64
DEBUG util.py:463:  libcom_err-devel-1.46.5-8.el9.x86_64
DEBUG util.py:463:  libblkid-devel-2.37.4-21.el9_7.x86_64
DEBUG util.py:463:  libmount-devel-2.37.4-21.el9_7.x86_64
DEBUG util.py:463:  libX11-xcb-1.7.0-11.el9.x86_64
DEBUG util.py:463:  libX11-common-1.7.0-11.el9.noarch
DEBUG util.py:463:  libX11-1.7.0-11.el9.x86_64
DEBUG util.py:463:  libX11-devel-1.7.0-11.el9.x86_64
DEBUG util.py:463:  libXext-1.3.4-8.el9.x86_64
DEBUG util.py:463:  libXpm-3.5.13-10.el9.x86_64
DEBUG util.py:463:  libXrender-0.9.10-16.el9.x86_64
DEBUG util.py:463:  cairo-1.17.4-7.el9.x86_64
DEBUG util.py:463:  libXt-1.2.0-6.el9.x86_64
DEBUG util.py:463:  libXpm-devel-3.5.13-10.el9.x86_64
DEBUG util.py:463:  t1lib-5.1.2-31.el9.x86_64
DEBUG util.py:463:  keyutils-libs-devel-1.6.3-1.el9.x86_64
DEBUG util.py:463:  kernel-headers-5.14.0-611.55.1.el9_7.x86_64
DEBUG util.py:463:  libxcrypt-devel-4.4.18-3.el9.x86_64
DEBUG util.py:463:  glibc-devel-2.34-231.el9_7.10.x86_64
DEBUG util.py:463:  gcc-11.5.0-11.el9.alma.1.x86_64
DEBUG util.py:463:  perl-Filter-1.60-4.el9.x86_64
DEBUG util.py:463:  perl-encoding-3.00-462.el9.x86_64
DEBUG util.py:463:  perl-open-1.12-481.1.el9_6.noarch
DEBUG util.py:463:  perl-Filter-Simple-0.96-460.el9.noarch
DEBUG util.py:463:  gcc-c++-11.5.0-11.el9.alma.1.x86_64
DEBUG util.py:463:  jbigkit-libs-2.1-23.el9.x86_64
DEBUG util.py:463:  libtiff-4.4.0-15.el9_7.3.x86_64
DEBUG util.py:463:  libtiff-devel-4.4.0-15.el9_7.3.x86_64
DEBUG util.py:463:  gd3php-2.3.3-9.el9.remi.x86_64
DEBUG util.py:463:  hunspell-filesystem-1.7.0-11.el9.x86_64
DEBUG util.py:463:  hunspell-en-US-0.20140811.1-20.el9.noarch
DEBUG util.py:463:  hunspell-1.7.0-11.el9.x86_64
DEBUG util.py:463:  enchant-1.6.0-30.el9.x86_64
DEBUG util.py:463:  httpd-filesystem-2.4.62-7.el9_7.3.noarch
DEBUG util.py:463:  gmp-c++-6.2.0-13.el9.x86_64
DEBUG util.py:463:  bzip2-devel-1.0.8-10.el9_5.x86_64
DEBUG util.py:463:  brotli-1.0.9-9.el9_7.x86_64
DEBUG util.py:463:  brotli-devel-1.0.9-9.el9_7.x86_64
DEBUG util.py:463:  tpm2-tss-3.2.3-1.el9.x86_64
DEBUG util.py:463:  systemd-rpm-macros-252-55.el9_7.9.alma.1.noarch
DEBUG util.py:463:  python3-setuptools-wheel-53.0.0-15.el9.noarch
DEBUG util.py:463:  python3-pip-wheel-21.3.1-1.el9.noarch
DEBUG util.py:463:  python3-3.9.25-3.el9_7.3.x86_64
DEBUG util.py:463:  python3-libs-3.9.25-3.el9_7.3.x86_64
DEBUG util.py:463:  glib2-devel-2.68.4-18.el9_7.2.x86_64
DEBUG util.py:463:  python3-pyparsing-2.4.7-9.el9.noarch
DEBUG util.py:463:  systemtap-sdt-dtrace-5.3-3.el9.x86_64
DEBUG util.py:463:  systemtap-sdt-devel-5.3-3.el9.x86_64
DEBUG util.py:463:  perl-ExtUtils-Install-2.20-4.el9.noarch
DEBUG util.py:463:  perl-devel-5.32.1-481.1.el9_6.x86_64
DEBUG util.py:463:  perl-ExtUtils-MakeMaker-7.60-3.el9.noarch
DEBUG util.py:463:  perl-ExtUtils-CBuilder-0.280236-4.el9.noarch
DEBUG util.py:463:  perl-ExtUtils-Embed-1.35-481.1.el9_6.noarch
DEBUG util.py:463:  perl-ExtUtils-Miniperl-1.09-481.1.el9_6.noarch
DEBUG util.py:463:  perl-libnetcfg-5.32.1-481.1.el9_6.noarch
DEBUG util.py:463:  perl-Encode-devel-3.08-462.el9.x86_64
DEBUG util.py:463:  perl-inc-latest-0.500-20.el9.noarch
DEBUG util.py:463:  perl-Module-Build-0.42.31-9.el9.noarch
DEBUG util.py:463:  npth-1.6-8.el9.x86_64
DEBUG util.py:463:  mailcap-2.1.49-5.el9.noarch
DEBUG util.py:463:  httpd-core-2.4.62-7.el9_7.3.x86_64
DEBUG util.py:463:  libtirpc-1.3.3-9.el9.x86_64
DEBUG util.py:463:  libnsl2-2.0.0-1.el9.x86_64
DEBUG util.py:463:  libselinux-utils-3.6-3.el9.x86_64
DEBUG util.py:463:  policycoreutils-3.6-3.el9.x86_64
DEBUG util.py:463:  libseccomp-2.5.2-2.el9.x86_64
DEBUG util.py:463:  libksba-1.5.1-7.el9.x86_64
DEBUG util.py:463:  libkadm5-1.21.1-9.el9_7.x86_64
DEBUG util.py:463:  libicu-67.1-10.el9_6.x86_64
DEBUG util.py:463:  harfbuzz-icu-2.7.4-10.el9.x86_64
DEBUG util.py:463:  freetype-devel-2.10.4-10.el9_5.x86_64
DEBUG util.py:463:  harfbuzz-devel-2.7.4-10.el9.x86_64
DEBUG util.py:463:  libraqm-devel-0.8.0-1.el9.x86_64
DEBUG util.py:463:  libassuan-2.5.5-3.el9.x86_64
DEBUG util.py:463:  gnupg2-2.3.3-5.el9_7.x86_64
DEBUG util.py:463:  perl-Module-Signature-0.88-1.el9.noarch
DEBUG util.py:463:  perl-CPAN-2.29-5.el9_6.noarch
DEBUG util.py:463:  perl-5.32.1-481.1.el9_6.x86_64
DEBUG util.py:463:  kmod-libs-28-11.el9.x86_64
DEBUG util.py:463:  keyutils-1.6.3-1.el9.x86_64
DEBUG util.py:463:  gettext-libs-0.21-8.el9.x86_64
DEBUG util.py:463:  gettext-0.21-8.el9.x86_64
DEBUG util.py:463:  fontconfig-devel-2.14.0-2.el9_1.x86_64
DEBUG util.py:463:  attr-2.5.1-3.el9.x86_64
DEBUG util.py:463:  ima-evm-utils-1.6.2-2.el9.x86_64
DEBUG util.py:463:  rpm-sign-libs-4.16.1.3-39.el9.x86_64
DEBUG util.py:463:  rpm-devel-4.16.1.3-39.el9.x86_64
DEBUG util.py:463:  acl-2.3.1-4.el9.x86_64
DEBUG util.py:463:  dbus-1.12.20-8.el9.x86_64
DEBUG util.py:463:  systemd-pam-252-55.el9_7.9.alma.1.x86_64
DEBUG util.py:463:  systemd-252-55.el9_7.9.alma.1.x86_64
DEBUG util.py:463:  dbus-common-1.12.20-8.el9.noarch
DEBUG util.py:463:  dbus-broker-28-7.el9.x86_64
DEBUG util.py:463:  cyrus-sasl-2.1.27-22.el9.x86_64
DEBUG util.py:463:  cyrus-sasl-devel-2.1.27-22.el9.x86_64
DEBUG util.py:463:  openldap-devel-2.6.8-4.el9.x86_64
DEBUG util.py:463:  apr-util-devel-1.6.1-23.el9.x86_64
DEBUG util.py:463:  httpd-devel-2.4.62-7.el9_7.3.x86_64
DEBUG util.py:463:  exim-4.99.2-1.el9.x86_64
DEBUG util.py:463:  systemd-devel-252-55.el9_7.9.alma.1.x86_64
DEBUG util.py:463:  net-snmp-devel-5.9.1-17.el9_7.1.x86_64
DEBUG util.py:463:  gd3php-devel-2.3.3-9.el9.remi.x86_64
DEBUG util.py:463:  krb5-devel-1.21.1-9.el9_7.x86_64
DEBUG util.py:463:  enchant-devel-1.6.0-30.el9.x86_64
DEBUG util.py:463:  gmp-devel-6.2.0-13.el9.x86_64
DEBUG util.py:463:  annobin-12.98-1.el9.x86_64
DEBUG util.py:463:  gcc-plugin-annobin-11.5.0-11.el9.alma.1.x86_64
DEBUG util.py:463:  libtool-2.4.6-46.el9.x86_64
DEBUG util.py:463:  t1lib-devel-5.1.2-31.el9.x86_64
DEBUG util.py:463:  libxslt-devel-1.1.34-14.el9_7.1.x86_64
DEBUG util.py:463:  libpq-devel-13.23-1.el9_7.x86_64
DEBUG util.py:463:  libedit-devel-3.1-38.20210216cvs.el9.x86_64
DEBUG util.py:463:  sqlite-devel-3.34.1-9.el9_7.x86_64
DEBUG util.py:463:  tokyocabinet-devel-1.4.48-19.el9.x86_64
DEBUG util.py:463:  aspell-devel-0.60.8-8.el9.x86_64
DEBUG util.py:463:  libmcrypt-devel-2.5.8-30.el9.x86_64
DEBUG util.py:463:  libtidy-devel-5.8.0-2.el9.x86_64
DEBUG util.py:463:  recode-devel-3.7.11-1.el9.x86_64
DEBUG util.py:463:  uw-imap-devel-2007f-30.el9.remi.x86_64
DEBUG util.py:463:  freetds-devel-1.4.23-1.el9.x86_64
DEBUG util.py:463:  libacl-devel-2.3.1-4.el9.x86_64
DEBUG util.py:463:  libtool-ltdl-devel-2.4.6-46.el9.x86_64
DEBUG util.py:463:  unixODBC-devel-2.3.9-4.el9.x86_64
DEBUG util.py:463:  pam-devel-1.5.1-26.el9_6.x86_64
DEBUG util.py:463:  libcurl-devel-7.76.1-35.el9_7.3.x86_64
DEBUG util.py:610:  Child return code was: 0
DEBUG util.py:185:  kill orphans in chroot /var/lib/mock/alma+epel-9-x86_64/root
DEBUG util.py:185:  kill orphans in chroot /var/lib/mock/alma+epel-9-x86_64-bootstrap/root/var/lib/mock/alma+epel-9-x86_64/root
DEBUG util.py:636:  child environment: None
DEBUG util.py:558:  Executing command: ['/bin/umount', '-n', '-l', '/var/lib/mock/alma+epel-9-x86_64-bootstrap/root/var/lib/mock/alma+epel-9-x86_64/root'] with env {'TERM': 'vt100', 'SHELL': '/bin/sh', 'HOME': '/builddir', 'HOSTNAME': 'mock', 'PATH': '/usr/bin:/bin:/usr/sbin:/sbin', 'LANG': 'C.UTF-8'} and shell False
DEBUG util.py:610:  Child return code was: 0
DEBUG util.py:636:  child environment: None
DEBUG util.py:558:  Executing command: ['/bin/umount', '-n', '-l', '/var/lib/mock/alma+epel-9-x86_64-bootstrap/root/var/lib/mock/alma+epel-9-x86_64/root'] with env {'TERM': 'vt100', 'SHELL': '/bin/sh', 'HOME': '/builddir', 'HOSTNAME': 'mock', 'PATH': '/usr/bin:/bin:/usr/sbin:/sbin', 'LANG': 'C.UTF-8'} and shell False
DEBUG util.py:610:  Child return code was: 0
DEBUG file_util.py:17:  ensuring that dir exists: /var/lib/mock/alma+epel-9-x86_64-bootstrap/root/var/lib/mock/alma+epel-9-x86_64/root
DEBUG util.py:636:  child environment: None
DEBUG util.py:558:  Executing command: ['/bin/mount', '-n', '-t', 'tmpfs', '-o', 'private,mode=0755', 'tmpfs', '/var/lib/mock/alma+epel-9-x86_64-bootstrap/root/var/lib/mock/alma+epel-9-x86_64/root'] with env {'TERM': 'vt100', 'SHELL': '/bin/sh', 'HOME': '/builddir', 'HOSTNAME': 'mock', 'PATH': '/usr/bin:/bin:/usr/sbin:/sbin', 'LANG': 'C.UTF-8'} and shell False
DEBUG util.py:610:  Child return code was: 0
DEBUG file_util.py:17:  ensuring that dir exists: /var/lib/mock/alma+epel-9-x86_64-bootstrap/root/var/lib/mock/alma+epel-9-x86_64/root
DEBUG util.py:636:  child environment: None
DEBUG util.py:558:  Executing command: ['/bin/mount', '-n', '-o', 'rbind', '/var/lib/mock/alma+epel-9-x86_64/root', '/var/lib/mock/alma+epel-9-x86_64-bootstrap/root/var/lib/mock/alma+epel-9-x86_64/root'] with env {'TERM': 'vt100', 'SHELL': '/bin/sh', 'HOME': '/builddir', 'HOSTNAME': 'mock', 'PATH': '/usr/bin:/bin:/usr/sbin:/sbin', 'LANG': 'C.UTF-8'} and shell False
DEBUG util.py:610:  Child return code was: 0
DEBUG util.py:636:  child environment: None
DEBUG util.py:558:  Executing command: ['/bin/mount', '-n', '-o', 'remount,private,rbind', '--target', '/var/lib/mock/alma+epel-9-x86_64-bootstrap/root/var/lib/mock/alma+epel-9-x86_64/root'] with env {'TERM': 'vt100', 'SHELL': '/bin/sh', 'HOME': '/builddir', 'HOSTNAME': 'mock', 'PATH': '/usr/bin:/bin:/usr/sbin:/sbin', 'LANG': 'C.UTF-8'} and shell False
DEBUG util.py:610:  Child return code was: 0
DEBUG util.py:636:  child environment: None
DEBUG util.py:553:  Using nspawn with args ['--capability=cap_ipc_lock', '--bind=/tmp/mock-resolv.481fms99:/etc/resolv.conf']
DEBUG util.py:558:  Executing command: ['/usr/bin/systemd-nspawn', '-q', '-M', 'fd6840e9a22640caa614fe657b8b5157', '-D', '/var/lib/mock/alma+epel-9-x86_64-bootstrap/root', '-a', '--capability=cap_ipc_lock', '--bind=/tmp/mock-resolv.481fms99:/etc/resolv.conf', '--console=pipe', '--setenv=TERM=vt100', '--setenv=SHELL=/bin/bash', '--setenv=HOME=/builddir', '--setenv=HOSTNAME=mock', '--setenv=PATH=/usr/bin:/bin:/usr/sbin:/sbin', '--setenv=PROMPT_COMMAND=printf "\\033]0;<mock-chroot>\\007"', '--setenv=PS1=<mock-chroot> \\s-\\v\\$ ', '--setenv=LANG=C.UTF-8', '--resolv-conf=off', '/bin/sh', '-c', "rpm -qa --root '/var/lib/mock/alma+epel-9-x86_64/root' --qf '%{nevra} %{buildtime} %{size} %{pkgid} installed\\n'"] with env {'TERM': 'vt100', 'SHELL': '/bin/bash', 'HOME': '/builddir', 'HOSTNAME': 'mock', 'PATH': '/usr/bin:/bin:/usr/sbin:/sbin', 'PROMPT_COMMAND': 'printf "\\033]0;<mock-chroot>\\007"', 'PS1': '<mock-chroot> \\s-\\v\\$ ', 'LANG': 'C.UTF-8', 'SYSTEMD_NSPAWN_TMPFS_TMP': '0', 'SYSTEMD_SECCOMP': '0'} and shell False
DEBUG util.py:463:  gpg-pubkey-b86b3716-61e69f29 1642503977 0 (none) installed
DEBUG util.py:463:  gpg-pubkey-3228467c-613798eb 1631033579 0 (none) installed
DEBUG util.py:463:  rust-srpm-macros-17-4.el9.noarch 1644579138 2447 c2a61f5735180ef25a79ba4139c049e5 installed
DEBUG util.py:463:  rust-srpm-macros-epel-26.3-1.el9.noarch 1715974806 2907 f2cae61d2d5501f547c200dfb2c6f670 installed
DEBUG util.py:463:  qt6-srpm-macros-6.6.2-1.el9.noarch 1714509998 456 8b2431231baa0f317fa2536ecad7f3ae installed
DEBUG util.py:463:  ghc-srpm-macros-epel-1.9.1-1.el9.noarch 1734443439 498 b97dfc85336d63781d1ff152f2fadc6b installed
DEBUG util.py:463:  fpc-srpm-macros-1.3-7.el9.noarch 1676900002 144 bd6bb74a216ab5498ee5ab7981c3f401 installed
DEBUG util.py:463:  ansible-srpm-macros-1-16.el9.noarch 1726849052 36518 fb4f820e4d0d31d624d72536160aad01 installed
DEBUG util.py:463:  qt5-srpm-macros-5.15.9-1.el9.noarch 1695786489 492 f4b8798dffd67a149ba9546ee98890d3 installed
DEBUG util.py:463:  perl-srpm-macros-1-41.el9.noarch 1648211262 862 a7d1dd3647ab0baaf9374cd04d138efc installed
DEBUG util.py:463:  openblas-srpm-macros-2-11.el9.noarch 1644518888 104 ab6a0d86bdb28cb3845fc9275bff6d04 installed
DEBUG util.py:463:  ocaml-srpm-macros-6-6.el9.noarch 1645006823 745 c02264f1ab836473c0a0ac36c2b69d11 installed
DEBUG util.py:463:  ghc-srpm-macros-1.5.0-6.el9.noarch 1643558412 535 f1cf0b239c626086e43fc5b8bfdc8947 installed
DEBUG util.py:463:  tzdata-2026a-1.el9.noarch 1773835361 1921002 90194402773512bf75a3eccf6a818fe3 installed
DEBUG util.py:463:  publicsuffix-list-dafsa-20210518-3.el9.noarch 1649930311 68815 9049001bc986a7b3edc7bfab7f32187f installed
DEBUG util.py:463:  pkgconf-m4-1.7.3-10.el9.noarch 1680812438 14187 d797f52d2d8f1726a55a11e521e32b5e installed
DEBUG util.py:463:  pcre2-syntax-10.40-6.el9.noarch 1727910892 234324 be0c82ff0f81fe9d5b19826b81fd360e installed
DEBUG util.py:463:  ncurses-base-6.2-12.20210508.el9.noarch 1758446429 307293 c2dcbe72ecfb332701b74fe277803371 installed
DEBUG util.py:463:  libssh-config-0.10.4-17.el9_7.noarch 1766034432 277 13493c9c737ec1b8ec39c3f75565cc1b installed
DEBUG util.py:463:  coreutils-common-8.32-39.el9.x86_64 1741783836 10880476 8092759fe4fce9ba4575f40e98ae1af8 installed
DEBUG util.py:463:  almalinux-gpg-keys-9.7-1.el9.x86_64 1762856138 3139 0616b9983dcddcefced2b79e84fc3be2 installed
DEBUG util.py:463:  almalinux-release-9.7-1.el9.x86_64 1762856138 28504 9fc0f4e091ee88c5ceffef31e00a72a6 installed
DEBUG util.py:463:  almalinux-repos-9.7-1.el9.x86_64 1762856138 10864 0da2c89e4d50c3a7f71c348b3a044e58 installed
DEBUG util.py:463:  setup-2.13.7-10.el9.noarch 1712168971 725932 d06854c9d05f32cd5221d209aecbbebc installed
DEBUG util.py:463:  filesystem-3.16-5.el9.x86_64 1727902829 106 83146689de3574b559045cdfa73e0322 installed
DEBUG util.py:463:  basesystem-11-13.el9.noarch 1643412490 0 5fb7306840ce1307c9450ace93a9a78a installed
DEBUG util.py:463:  ncurses-libs-6.2-12.20210508.el9.x86_64 1758446456 994415 10324a6e0b9dd21ff388ddd8f0dda8b2 installed
DEBUG util.py:463:  bash-5.1.8-9.el9.x86_64 1714487592 7738730 abbcee9ad5f5b605c895928edf38a068 installed
DEBUG util.py:463:  glibc-gconv-extra-2.34-231.el9_7.10.x86_64 1771325893 8122892 bba75304f1ccf7acc1464d1a1d4adb00 installed
DEBUG util.py:463:  libgcc-11.5.0-11.el9.alma.1.x86_64 1757946440 207036 de5eaa825c714051335aa91362d6e335 installed
DEBUG util.py:463:  glibc-minimal-langpack-2.34-231.el9_7.10.x86_64 1771325893 0 3298c8f4d1b4753abd7cde9e5f12dc6b installed
DEBUG util.py:463:  glibc-common-2.34-231.el9_7.10.x86_64 1771325893 1081382 1916445c7d095548974c58f708f36ba7 installed
DEBUG util.py:463:  glibc-2.34-231.el9_7.10.x86_64 1771325893 6461291 72f2ef46746411c8cfb0c937231dc08a installed
DEBUG util.py:463:  zlib-1.2.11-40.el9.x86_64 1695720125 202921 06ae87f547967cdb2d0cbe1a8f7a0a3b installed
DEBUG util.py:463:  xz-libs-5.2.5-8.el9_0.x86_64 1654677033 181589 26d1d44716e54a105e7083fedc4c3a18 installed
DEBUG util.py:463:  bzip2-libs-1.0.8-10.el9_5.x86_64 1738640559 78228 ea37d3845e84668b83dab7faeca6ff53 installed
DEBUG util.py:463:  libzstd-1.5.5-1.el9.x86_64 1741812953 773894 1455767d35300864d7120949dd275489 installed
DEBUG util.py:463:  elfutils-libelf-0.193-1.el9.alma.1.x86_64 1758469624 1220296 0a189321d1d52bc40e66f5b30037e075 installed
DEBUG util.py:463:  libstdc++-11.5.0-11.el9.alma.1.x86_64 1757946440 2585609 8b22b25f3eb611bc9379f0b71143852f installed
DEBUG util.py:463:  libxcrypt-4.4.18-3.el9.x86_64 1644465890 270724 03354b2659877cafec7273b5cd8f879c installed
DEBUG util.py:463:  libuuid-2.37.4-21.el9_7.x86_64 1770239437 38005 0f2d05f9b0097339f304bfefcb04345f installed
DEBUG util.py:463:  gmp-1:6.2.0-13.el9.x86_64 1696934960 816844 608294d7e89348908bf207387ecbfeca installed
DEBUG util.py:463:  libattr-2.5.1-3.el9.x86_64 1643373859 29445 7ce1bc0a98f4c0afd2d5d8576ca27133 installed
DEBUG util.py:463:  libacl-2.3.1-4.el9.x86_64 1712068496 40554 44d63db3c6ce866430e7149f4395278b installed
DEBUG util.py:463:  libcap-2.48-10.el9_7.1.x86_64 1777585578 177479 909556d747d6a21a96e356bd0fc9f0b8 installed
DEBUG util.py:463:  popt-1.18-8.el9.x86_64 1648240343 130376 d023c9ebf80dbada8fddb5a69471a0d9 installed
DEBUG util.py:463:  libcom_err-1.46.5-8.el9.x86_64 1758466961 68401 8efaf6f7874c7e52387bdd53384339f0 installed
DEBUG util.py:463:  lz4-libs-1.9.3-5.el9.x86_64 1644481114 145515 8557c4f0d9c63e5ebf77dcfe4dd2e9fb installed
DEBUG util.py:463:  readline-8.1-4.el9.x86_64 1644541287 492924 f4f3a3fa47cf00c5f36937b73da28db1 installed
DEBUG util.py:463:  crypto-policies-20250905-1.git377cc42.el9_7.noarch 1760955606 101000 2fa5dbc353fa3e0725f4216a594ec518 installed
DEBUG util.py:463:  mpfr-4.1.0-7.el9.x86_64 1644492386 802595 667977b12c5e8614ecfbf50760fe8cea installed
DEBUG util.py:463:  dwz-0.16-1.el9.x86_64 1758465929 293348 eca723cbd6c9b74c1752b0f60c33c93c installed
DEBUG util.py:463:  unzip-6.0-59.el9.x86_64 1758452692 398483 00a3a9dbe95d658c4715229ff1d20cef installed
DEBUG util.py:463:  file-libs-5.39-16.el9.x86_64 1712147865 8086748 5d554261ecb32cd6dd1b368ba933c92e installed
DEBUG util.py:463:  file-5.39-16.el9.x86_64 1712147865 102664 4b083cdde473c635ee17e7541222f116 installed
DEBUG util.py:463:  sqlite-libs-3.34.1-9.el9_7.x86_64 1762899228 1372976 d4fabedeab79ee216d637001bced6a03 installed
DEBUG util.py:463:  alternatives-1.24-2.el9.x86_64 1741776228 63489 8d63bb71331fe18d4bdf778e74b9a20e installed
DEBUG util.py:463:  libcap-ng-0.8.2-7.el9.x86_64 1651425264 75196 b3b6c517f674b1a19c87a1561fd7e3c5 installed
DEBUG util.py:463:  audit-libs-3.1.5-7.el9.x86_64 1758455246 338497 275c90a9c6016c3c47b8230da95ac408 installed
DEBUG util.py:463:  libffi-3.4.2-8.el9.x86_64 1695671656 65761 34887349d1d9f7578ffabc8273fa4558 installed
DEBUG util.py:463:  libsepol-3.6-3.el9.x86_64 1758446100 829195 e1b3f342c691068244d374f65e5d81bb installed
DEBUG util.py:463:  libsigsegv-2.13-4.el9.x86_64 1644457015 50354 7012e4a7edf3bd5d99b21eec9fb21cff installed
DEBUG util.py:463:  gawk-5.1.0-6.el9.x86_64 1648679084 1685614 fcd814904c14563f0fb1b26cd5abf615 installed
DEBUG util.py:463:  libsmartcols-2.37.4-21.el9_7.x86_64 1770239437 134787 31c99cad78564128ad79043e44601f6f installed
DEBUG util.py:463:  libtasn1-4.16.0-9.el9.x86_64 1741836662 183484 c0749dbea6abdb35cf3b4e996dce78ec installed
DEBUG util.py:463:  p11-kit-0.25.3-3.el9_5.x86_64 1734433414 2530659 f669c8a60fcc528927d11740ac83d798 installed
DEBUG util.py:463:  libunistring-0.9.10-15.el9.x86_64 1644462861 1643051 89974ee18eca0832a008f146ab722d15 installed
DEBUG util.py:463:  libidn2-2.3.0-7.el9.x86_64 1644440268 253476 1f6a3623b3f769250040f82e0df9b999 installed
DEBUG util.py:463:  lua-libs-5.4.4-4.el9.x86_64 1695752897 287355 2430d6b63b04055dcf0ed3068e801da9 installed
DEBUG util.py:463:  libpsl-0.21.1-5.el9.x86_64 1644463051 78616 05be8f6d2c29044a80d9cf9d816afd6d installed
DEBUG util.py:463:  p11-kit-trust-0.25.3-3.el9_5.x86_64 1734433414 478116 110ab0919d992b7cd0fbb1842ec0ed40 installed
DEBUG util.py:463:  zip-3.0-35.el9.x86_64 1680876147 741151 787c9da9cd41b68a952be641f5827845 installed
DEBUG util.py:463:  zstd-1.5.5-1.el9.x86_64 1741812953 1672821 e3dd3573e4e3d48fc9c58e38de7e06db installed
DEBUG util.py:463:  groff-base-1.22.4-10.el9.x86_64 1643712259 4040414 024f1564cc6f985c2b8fc4d025c4a995 installed
DEBUG util.py:463:  bzip2-1.0.8-10.el9_5.x86_64 1738640559 95088 691fa0a583158ab40287d13d676198d9 installed
DEBUG util.py:463:  libxml2-2.9.13-14.el9_7.x86_64 1764560439 1959268 ae032de2e3f74d40b01e52c5b2936692 installed
DEBUG util.py:463:  info-6.7-15.el9.x86_64 1651410735 508035 5406a0ac5f045ccb1e44a77efdeeb908 installed
DEBUG util.py:463:  ed-1.14.2-12.el9.x86_64 1643518920 129931 716717234d7de11268a70f0874a4defd installed
DEBUG util.py:463:  cpio-2.13-16.el9.x86_64 1643489457 1088179 20d7eb1219e79364f2b8f81bc0fe0a0c installed
DEBUG util.py:463:  diffutils-3.7-12.el9.x86_64 1643480107 1467897 0a64e40e363d5df18c64c2dead50f7d6 installed
DEBUG util.py:463:  gdbm-libs-1:1.23-1.el9.x86_64 1727905839 128586 0bb4c1349578acccd76882767dbc508d installed
DEBUG util.py:463:  json-c-0.14-11.el9.x86_64 1644568776 79042 e3bcf96305017ede260a388d95652a40 installed
DEBUG util.py:463:  keyutils-libs-1.6.3-1.el9.x86_64 1680722150 55267 7f796f310a80bc09e6a82f3c714391ae installed
DEBUG util.py:463:  libbrotli-1.0.9-9.el9_7.x86_64 1770289647 782170 4107456cfc4de0346ce9395a905887ba installed
DEBUG util.py:463:  libdb-5.3.28-57.el9_6.x86_64 1750774368 1897918 7bfc7fbf88113dac72b782fe2bd983a7 installed
DEBUG util.py:463:  libeconf-0.4.1-4.el9.x86_64 1727800838 45803 d025631029157ca95878a634a2a20242 installed
DEBUG util.py:463:  libgomp-11.5.0-11.el9.alma.1.x86_64 1757946440 421717 aa8b2558e4db73dddab8046482737d72 installed
DEBUG util.py:463:  libgpg-error-1.42-5.el9.x86_64 1644449054 837064 e6b8dd1cf21caa5d740e91046442bf26 installed
DEBUG util.py:463:  libgcrypt-1.10.0-11.el9.x86_64 1727800986 1398402 7929dfb4e7f7c4b8e8d25280ab95b20e installed
DEBUG util.py:463:  libnghttp2-1.43.0-6.el9_7.1.x86_64 1776053633 169764 7ea0e513f8c012950468da5170f5b5ea installed
DEBUG util.py:463:  libpkgconf-1.7.3-10.el9.x86_64 1680812823 75425 194e51b0918b18e12e00ab15c19ee38a installed
DEBUG util.py:463:  pkgconf-1.7.3-10.el9.x86_64 1680812823 77890 ab427b19d35afc539d12a6b9adf6d99d installed
DEBUG util.py:463:  pkgconf-pkg-config-1.7.3-10.el9.x86_64 1680812823 1203 203c2469cb0682808357931179d5324e installed
DEBUG util.py:463:  libtool-ltdl-2.4.6-46.el9.x86_64 1727804946 71568 b2b0c536c6641f5f9385b906d25a5cbb installed
DEBUG util.py:463:  libverto-0.3.2-3.el9.x86_64 1644467610 30381 7f11c70e36432c127987bfbe02b7bef0 installed
DEBUG util.py:463:  ncurses-6.2-12.20210508.el9.x86_64 1758446456 624684 a7561b5b6e649c659c388fedf95afa84 installed
DEBUG util.py:463:  pcre-8.44-4.el9.x86_64 1727906000 537720 c545835f3e9dab2d0a1d5f8a1bef1897 installed
DEBUG util.py:463:  grep-3.6-5.el9.x86_64 1643660491 857864 a446fe7db66d7e8f0fcd097c20abd47c installed
DEBUG util.py:463:  xz-5.2.5-8.el9_0.x86_64 1654677033 685939 faecaee7f9cd46fec9def1b27acc08d2 installed
DEBUG util.py:463:  pcre2-10.40-6.el9.x86_64 1727906236 652282 38ce3ac9306548549c7da2643170fd51 installed
DEBUG util.py:463:  libselinux-3.6-3.el9.x86_64 1741822567 176845 c9caf74a5adc7055412dd44de15f5594 installed
DEBUG util.py:463:  sed-4.8-9.el9.x86_64 1644921382 813615 11204e2cc270a9dbcefd2b57361e1756 installed
DEBUG util.py:463:  findutils-1:4.8.0-7.el9.x86_64 1727903031 1757006 eb24fa02da2776029062c039b1a9fd87 installed
DEBUG util.py:463:  openssl-fips-provider-1:3.5.1-7.el9_7.x86_64 1769616215 2591522 bbe71bdfbf5ec2026896d07df286b693 installed
DEBUG util.py:463:  openssl-libs-1:3.5.1-7.el9_7.x86_64 1769616215 7470323 1241864a2900c0325194ce7408a74e5f installed
DEBUG util.py:463:  coreutils-8.32-39.el9.x86_64 1741783836 5986602 3ac06a4f75fb3aa1042f99637bfb2a4b installed
DEBUG util.py:463:  ca-certificates-2025.2.80_v9.0.305-91.el9.noarch 1763547065 2791711 7835aefb5f908c26ebbb25b9e609c5ab installed
DEBUG util.py:463:  libblkid-2.37.4-21.el9_7.x86_64 1770239437 229721 55362debbb383770b4797bb27fb801ac installed
DEBUG util.py:463:  krb5-libs-1.21.1-9.el9_7.x86_64 1776790395 2503194 fb8df8f3a04269539a9888afd91cc16d installed
DEBUG util.py:463:  libmount-2.37.4-21.el9_7.x86_64 1770239437 318333 02d0c16f51c63e3fb4846d43dbddb5ec installed
DEBUG util.py:463:  gzip-1.12-1.el9.x86_64 1665854720 377005 b5c23607ca0175f8586bb9f04bc0c094 installed
DEBUG util.py:463:  cracklib-2.9.6-27.el9.x86_64 1643491090 251890 ea2a45be2b7fcc294568cdfcf303a2f7 installed
DEBUG util.py:463:  systemd-libs-252-55.el9_7.9.alma.1.x86_64 1777995852 1814808 5c856a7b4bd863c055d74b398da74d16 installed
DEBUG util.py:463:  libarchive-3.5.3-9.el9_7.x86_64 1776375870 906150 ad802c017c07d45c568eab3122245de6 installed
DEBUG util.py:463:  util-linux-core-2.37.4-21.el9_7.x86_64 1770239437 1262807 81fe4d18daa85caa08c8fccde22ffe46 installed
DEBUG util.py:463:  cracklib-dicts-2.9.6-27.el9.x86_64 1643491090 9815154 70cb82f78826244294e7adc4592f8d6a installed
DEBUG util.py:463:  cyrus-sasl-lib-2.1.27-22.el9.x86_64 1758800767 2380456 88e08518f6a93d32158a4c3e8ad4caaa installed
DEBUG util.py:463:  libssh-0.10.4-17.el9_7.x86_64 1766034334 535755 e4963daf262739d38dde82782668c25a installed
DEBUG util.py:463:  libfdisk-2.37.4-21.el9_7.x86_64 1770239437 367771 cfb8b3a97d9ccf93586497ed9891820c installed
DEBUG util.py:463:  perl-Digest-1.19-4.el9.noarch 1644595375 36844 7698964c801c15b9e09af239d06d325a installed
DEBUG util.py:463:  perl-Digest-MD5-2.58-4.el9.x86_64 1644596344 61538 3d1d54ac6c6d2e660c60e1febe6ba812 installed
DEBUG util.py:463:  perl-B-0:1.80-481.1.el9_6.x86_64 1753674689 504453 3b8759bd11f2c7e725026be531a4efa0 installed
DEBUG util.py:463:  perl-FileHandle-0:2.03-481.1.el9_6.noarch 1753674690 10531 1667426fe69a47b5f1dc48929a0b651e installed
DEBUG util.py:463:  perl-Data-Dumper-2.174-462.el9.x86_64 1645021433 111885 af724cea7fa63c7ca7f3f01ec012a55e installed
DEBUG util.py:463:  perl-libnet-3.13-4.el9.noarch 1645018479 299357 dfe2b5d3f071eea602ade0b7715724fd installed
DEBUG util.py:463:  perl-AutoLoader-0:5.74-481.1.el9_6.noarch 1753674690 22038 a84b305413f4f741404de6b444fe2b1a installed
DEBUG util.py:463:  perl-base-0:2.27-481.1.el9_6.noarch 1753674690 13820 d86b2bfbb701e8283aa294e4b88d2d17 installed
DEBUG util.py:463:  perl-URI-5.09-3.el9.noarch 1648214228 216915 7d631b61f4e7d1a59b7702853d439458 installed
DEBUG util.py:463:  perl-if-0:0.60.800-481.1.el9_6.noarch 1753674690 6875 4ca24ef277e11ce296da80c68b5fad6c installed
DEBUG util.py:463:  perl-IO-Socket-IP-0.41-5.el9.noarch 1645012339 100240 bc34f266c7ab758d6f9f7051375473af installed
DEBUG util.py:463:  perl-Time-Local-2:1.300-7.el9.noarch 1650006587 67344 1a5c30f3e50f6d6dabf2364d4e1ceab7 installed
DEBUG util.py:463:  perl-File-Path-2.18-4.el9.noarch 1645015494 65333 5f5233277e7d003386aabf73ba2e3b00 installed
DEBUG util.py:463:  perl-IO-Socket-SSL-2.073-2.el9.noarch 1727930920 616300 70afb993476490ea51cc260cf59c7127 installed
DEBUG util.py:463:  perl-Net-SSLeay-1.94-3.el9.x86_64 1758536431 1520289 1dbfd0495c3ec1ee0b329f074b3d77c5 installed
DEBUG util.py:463:  perl-Pod-Escapes-1:1.07-460.el9.noarch 1644606541 25764 55b868e63af1b6b497c1275208cd17a7 installed
DEBUG util.py:463:  perl-Text-Tabs+Wrap-2013.0523-460.el9.noarch 1645014862 24828 a93eda6aa00df774344de75de3e7d620 installed
DEBUG util.py:463:  perl-Mozilla-CA-20200520-6.el9.noarch 1645008884 5866 a59b14886d99e10c61e0ebfe717e6a16 installed
DEBUG util.py:463:  perl-Class-Struct-0:0.66-481.1.el9_6.noarch 1753674690 26954 f07cd43c2853247170e85d36ef00b5c7 installed
DEBUG util.py:463:  perl-POSIX-0:1.94-481.1.el9_6.x86_64 1753674689 240028 950e539e845f6433f9debd41b575ec81 installed
DEBUG util.py:463:  perl-Term-ANSIColor-5.01-461.el9.noarch 1644999613 100303 a51bca447e32088bddfcd4cf9de3355d installed
DEBUG util.py:463:  perl-IPC-Open3-0:1.21-481.1.el9_6.noarch 1753674690 25047 673c53d9c0a52df6b62bc9a34de6df7e installed
DEBUG util.py:463:  perl-subs-0:1.03-481.1.el9_6.noarch 1753674690 3061 ea9d34f930188bc025f68b5cabbb7b0f installed
DEBUG util.py:463:  perl-File-Temp-1:0.231.100-4.el9.noarch 1645005893 166550 231231e97dda4215e8fc63879bc29373 installed
DEBUG util.py:463:  perl-Term-Cap-1.17-460.el9.noarch 1644999857 29851 680f95980423f8af9d8deea43aeb38dd installed
DEBUG util.py:463:  perl-Pod-Simple-1:3.42-4.el9.noarch 1644595067 577293 59a0c9c7881c8c7595d69513738cf3a6 installed
DEBUG util.py:463:  perl-HTTP-Tiny-0.076-462.el9.noarch 1712162164 150675 89021a91b43720abc24e9bbcd3c34a78 installed
DEBUG util.py:463:  perl-Socket-4:2.031-4.el9.x86_64 1644596363 124985 70c1beb0d1a3fd1b63c4402c70498566 installed
DEBUG util.py:463:  perl-SelectSaver-0:1.02-481.1.el9_6.noarch 1753674690 3171 37457b8a1b1d2d8aa818cdcd61d33090 installed
DEBUG util.py:463:  perl-Symbol-0:1.08-481.1.el9_6.noarch 1753674690 7848 f7304ede78a62ba19584fe157932046a installed
DEBUG util.py:463:  perl-File-stat-0:1.09-481.1.el9_6.noarch 1753674690 13950 ce9e4870655bc834de4dfd2f813f68e1 installed
DEBUG util.py:463:  perl-podlators-1:4.14-460.el9.noarch 1648210257 288742 7635e181970fee0ec972edeb3640eb38 installed
DEBUG util.py:463:  perl-Pod-Perldoc-3.28.01-461.el9.noarch 1644882690 170960 3592c6f8ec5d262935747c142a2a0f4e installed
DEBUG util.py:463:  perl-Fcntl-0:1.13-481.1.el9_6.x86_64 1753674689 30125 ac399417085aa48d6fd0eb8ae8145d98 installed
DEBUG util.py:463:  perl-Text-ParseWords-3.30-460.el9.noarch 1645008582 13101 95074ebfc08d2e7945b6a351107c6de0 installed
DEBUG util.py:463:  perl-mro-0:1.23-481.1.el9_6.x86_64 1753674689 43476 9b16e1b06aebb59e330e68682933d402 installed
DEBUG util.py:463:  perl-IO-0:1.43-481.1.el9_6.x86_64 1753674689 163146 d1206c62b98ec43aaa05bc5d28387f88 installed
DEBUG util.py:463:  perl-overloading-0:0.02-481.1.el9_6.noarch 1753674690 5894 908d8df045b85e62710a511ee8828339 installed
DEBUG util.py:463:  perl-Pod-Usage-4:2.01-4.el9.noarch 1644595290 87186 1c81d46cf49953bf17671509bb9f143b installed
DEBUG util.py:463:  perl-Errno-0:1.30-481.1.el9_6.x86_64 1753674689 9534 1478545e5412f5ea74f96dfca93773b2 installed
DEBUG util.py:463:  perl-File-Basename-0:2.85-481.1.el9_6.noarch 1753674690 15340 d24f359fbc4e643618faf4b982870d03 installed
DEBUG util.py:463:  perl-Getopt-Std-0:1.12-481.1.el9_6.noarch 1753674690 12107 c68114f15f226776a7dfd69dcb1ed2b3 installed
DEBUG util.py:463:  perl-MIME-Base64-3.16-4.el9.x86_64 1645024373 48161 74c7445541edb6b812cb547cb1ed7001 installed
DEBUG util.py:463:  perl-Scalar-List-Utils-4:1.56-462.el9.x86_64 1727907500 143128 8c3fe3dd77a8774d31c4d063dfdd626f installed
DEBUG util.py:463:  perl-constant-1.33-461.el9.noarch 1645017554 27104 77ae4fa31b0e05c47722d3f42c3031f4 installed
DEBUG util.py:463:  perl-Storable-1:3.21-460.el9.x86_64 1644882355 228564 f1fe7637efd26378c700703de66084a9 installed
DEBUG util.py:463:  perl-overload-0:1.31-481.1.el9_6.noarch 1753674690 72822 615b48cbd341a1ae3deb9448d1b0af50 installed
DEBUG util.py:463:  perl-parent-1:0.238-460.el9.noarch 1648236106 9535 313ca11d9438fd3b8857ebea09d52cbe installed
DEBUG util.py:463:  perl-vars-0:1.05-481.1.el9_6.noarch 1753674690 4927 d014d0e5fa05c4e04973e86b9b9cd183 installed
DEBUG util.py:463:  perl-Getopt-Long-1:2.52-4.el9.noarch 1645006486 139937 91b70507061382352f5f8cea185952c4 installed
DEBUG util.py:463:  perl-Carp-1.50-460.el9.noarch 1644593358 47889 6ceb2511def761f84a2955e7f4213e02 installed
DEBUG util.py:463:  perl-Exporter-5.74-461.el9.noarch 1645012476 55359 e319d1821d7cff3db59f99d55552222b installed
DEBUG util.py:463:  perl-PathTools-3.78-461.el9.x86_64 1644596169 182550 980e6b8777939c540b2651d2b3395e3a installed
DEBUG util.py:463:  perl-Encode-4:3.08-462.el9.x86_64 1644597714 10240138 a7c4df5408a860802892b95def60a33d installed
DEBUG util.py:463:  perl-libs-4:5.32.1-481.1.el9_6.x86_64 1753674689 8953979 6bca13bd9646e1ec98ef9790891c175c installed
DEBUG util.py:463:  perl-interpreter-4:5.32.1-481.1.el9_6.x86_64 1753674689 120086 26bec95b7711bfab9b0400a86fc94136 installed
DEBUG util.py:463:  kernel-srpm-macros-1.0-14.el9.noarch 1758093656 16948 374608d42ff1baa7de696b0ac578c42c installed
DEBUG util.py:463:  openssl-1:3.5.1-7.el9_7.x86_64 1769616215 2263609 77694c9ff5fbf42f36356076041800f4 installed
DEBUG util.py:463:  libpwquality-1.4.4-8.el9.x86_64 1644464254 416424 8887f61609c602b650ca3a7f5077bd71 installed
DEBUG util.py:463:  pam-1.5.1-26.el9_6.x86_64 1756871129 1907540 72dd99c8b72fa6c7134e29a9d8c7e34c installed
DEBUG util.py:463:  libevent-2.1.12-8.el9_4.x86_64 1725362762 928090 1d07d5bf7396f9ff79545bb48bd60870 installed
DEBUG util.py:463:  libsemanage-3.6-5.el9_6.x86_64 1742298593 307182 a8cec69c4d60eb615422798b620da314 installed
DEBUG util.py:463:  shadow-utils-2:4.9-15.el9.x86_64 1758455783 3812546 6015c955f9a3af145f02eadac3ec321a installed
DEBUG util.py:463:  libutempter-1.2.1-6.el9.x86_64 1644465610 59441 60d7a46e01fd1a708369f595c8fa9da6 installed
DEBUG util.py:463:  openldap-2.6.8-4.el9.x86_64 1741868893 1087281 15fc0b70aae1ee3a492cca80324ab36d installed
DEBUG util.py:463:  libcurl-7.76.1-35.el9_7.3.x86_64 1769588759 667534 81b7b4560124f8c2ad0f3617975e0425 installed
DEBUG util.py:463:  curl-7.76.1-35.el9_7.3.x86_64 1769588759 684513 61d95621dfdf8f65c6b75a8eba263538 installed
DEBUG util.py:463:  rpm-libs-4.16.1.3-39.el9.x86_64 1759305441 773076 19ad023b8758aa01c47d8cea260dd6ca installed
DEBUG util.py:463:  rpm-4.16.1.3-39.el9.x86_64 1759305441 2750478 aa231b9acc8cbdd85744257c63d16c32 installed
DEBUG util.py:463:  efi-srpm-macros-6-4.el9.noarch 1758092934 41047 e28cfe7ad492c6298475c11c1b393b85 installed
DEBUG util.py:463:  lua-srpm-macros-1-6.el9.noarch 1644618813 1314 b1f6d12844b8255fa10d5275b52c0b21 installed
DEBUG util.py:463:  rpmautospec-rpm-macros-0.8.4-1.el9.noarch 1773837670 707 33f25a4529672dfe91838dfa1921cb55 installed
DEBUG util.py:463:  tar-2:1.34-9.el9_7.x86_64 1767642011 3159723 a056ae4e9990dd8fd6313ead54fd03d3 installed
DEBUG util.py:463:  patch-2.7.6-16.el9.x86_64 1648222924 265546 096d27d7687081b72514957dc7e6131a installed
DEBUG util.py:463:  elfutils-default-yama-scope-0.193-1.el9.alma.1.noarch 1758468423 1810 b67d15ad890e3fd7f5fa5c446a85a2c5 installed
DEBUG util.py:463:  elfutils-libs-0.193-1.el9.alma.1.x86_64 1758469624 751677 6dc249ebd86b6d64f40e5f3b47dd7dbe installed
DEBUG util.py:463:  elfutils-debuginfod-client-0.193-1.el9.alma.1.x86_64 1758469624 81138 6541b0b846bc08f19f40777ba3fac6eb installed
DEBUG util.py:463:  binutils-gold-2.35.2-67.el9_7.1.x86_64 1766067288 2128619 280cdacac0b4d8e5f64adee361c75073 installed
DEBUG util.py:463:  binutils-2.35.2-67.el9_7.1.x86_64 1766067288 25215163 f147660d3a5d402f457538a017c47955 installed
DEBUG util.py:463:  elfutils-0.193-1.el9.alma.1.x86_64 1758469624 3421726 f6ae3fd22aae1cef027091c15fa47a06 installed
DEBUG util.py:463:  gdb-minimal-16.3-2.el9.x86_64 1758455230 15226265 1a4686de3548dd3eedeb7400344335a2 installed
DEBUG util.py:463:  debugedit-5.0-11.el9.x86_64 1758461450 194614 da5cbbe21c43815cf80cf564c2d579b0 installed
DEBUG util.py:463:  rpm-build-libs-4.16.1.3-39.el9.x86_64 1759305441 198430 71720986a68a7c00ba664f49dac599b3 installed
DEBUG util.py:463:  fonts-srpm-macros-1:2.0.5-7.el9.1.noarch 1644638356 56503 6849d7b20d8c28dacc459b454a78994d installed
DEBUG util.py:463:  go-srpm-macros-3.6.0-14.el9_7.noarch 1776657509 62484 0db4b7cfac583081abb36ee306d81e6a installed
DEBUG util.py:463:  python-srpm-macros-3.9-54.el9.noarch 1727786776 37605 ea12cc3242ebccb1c0ca386e7269d116 installed
DEBUG util.py:463:  redhat-rpm-config-210-1.el9.alma.1.noarch 1758093877 189493 3b02d4e499655e6b55e96ded58064dd6 installed
DEBUG util.py:463:  rpm-build-4.16.1.3-39.el9.x86_64 1759305441 150073 82259579a6441c567c4d9f03c0be9653 installed
DEBUG util.py:463:  pyproject-srpm-macros-1.16.2-1.el9.noarch 1741862780 1952 db50657b429acab41c2500d2993eca6b installed
DEBUG util.py:463:  forge-srpm-macros-0.4.0-1.el9.noarch 1734482734 39887 ea3941239b8d23843851199df44e82b4 installed
DEBUG util.py:463:  go-srpm-macros-epel-3.8.0-1.el9.noarch 1756956667 63280 960a642223f6b696465e497c65b27f3c installed
DEBUG util.py:463:  R-srpm-macros-1.3.7-2.el9.noarch 1777835640 3626 125e3c16c5e102a0c2bda2fda7dc138e installed
DEBUG util.py:463:  epel-rpm-macros-9-18.el9.noarch 1774638891 18704 4cd6c0e4cb706d1ef88783a600ba20a1 installed
DEBUG util.py:463:  util-linux-2.37.4-21.el9_7.x86_64 1770239437 11147118 926b3bd8d53543680a6f5a085f9b8b69 installed
DEBUG util.py:463:  which-2.21-30.el9_6.x86_64 1754374769 81900 55186272c3a81b2172db432caf92a23f installed
DEBUG util.py:463:  perl-File-Find-0:1.37-481.1.el9_6.noarch 1753674690 39639 216372e48ae12aa96309910403b40d5e installed
DEBUG util.py:463:  perl-File-Copy-0:2.34-481.1.el9_6.noarch 1753674690 21088 b3415f3f0c1ece4a22eecf37c8d06f8a installed
DEBUG util.py:463:  zlib-devel-1.2.11-40.el9.x86_64 1695720125 141092 522c41bb1eb072014b422ccf66125aee installed
DEBUG util.py:463:  perl-File-Compare-0:1.100.600-481.1.el9_6.noarch 1753674690 6697 75f5b059f6cc93529d6eb5a60a68ff07 installed
DEBUG util.py:463:  perl-DynaLoader-0:1.47-481.1.el9_6.x86_64 1753674689 33066 6259361a3be10b5f0a446bbc6f0758f8 installed
DEBUG util.py:463:  expat-2.5.0-5.el9_7.1.x86_64 1764173634 313395 533983ff1f6abbfa34d07b5342d90181 installed
DEBUG util.py:463:  perl-ExtUtils-Manifest-1:1.73-4.el9.noarch 1645015079 86784 5ae7a020523e7579f3d0d7990012c68e installed
DEBUG util.py:463:  perl-threads-1:2.25-460.el9.x86_64 1648208793 114578 57fe42a59ce1e98e97f9d3fb5c1e9a51 installed
DEBUG util.py:463:  perl-threads-shared-1.61-460.el9.x86_64 1648209914 82285 326037341fc0082cb72679abeb467d55 installed
DEBUG util.py:463:  perl-Time-HiRes-4:1.9764-462.el9.x86_64 1645008761 122722 69ca3ec4eb41cad6bbdad3114ae382e7 installed
DEBUG util.py:463:  perl-lib-0:0.65-481.1.el9_6.x86_64 1753674689 9673 1dec3a3c196c81e2b5f0aafc194fb662 installed
DEBUG util.py:463:  perl-ExtUtils-ParseXS-1:3.40-460.el9.noarch 1645001808 404352 4352c6e0268309d7d71dd2a9db03f2ae installed
DEBUG util.py:463:  perl-Compress-Raw-Zlib-2.101-5.el9.x86_64 1648205572 152727 662ca377ee97ce40c7a13e82e8c9b054 installed
DEBUG util.py:463:  apr-1.7.0-12.el9_3.x86_64 1702290000 295156 039ff9c25573d2a0c2a3301f8482d0e4 installed
DEBUG util.py:463:  apr-util-bdb-1.6.1-23.el9.x86_64 1695795409 15311 a3156985cf8632837c0a1eace5413526 installed
DEBUG util.py:463:  apr-util-1.6.1-23.el9.x86_64 1695795409 216487 b65c56a1528694873d1430d66d59cfcf installed
DEBUG util.py:463:  libpng-2:1.6.37-12.el9_7.4.x86_64 1779096870 230975 7f1957a4ba1499440d14cea9abdb0752 installed
DEBUG util.py:463:  libtommath-1.2.0-10.el9.x86_64 1693689245 129021 efa4d1fd41456b1c2e055a5bf5d0425d installed
DEBUG util.py:463:  libfbclient2-4.0.7.3271-1.el9.x86_64 1776443671 3405414 9b24d23bbcffbdb90089e0f47dfc9b9c installed
DEBUG util.py:463:  unixODBC-2.3.9-4.el9.x86_64 1644562414 1464182 2733b6b05a9314bfaae77a5fb70d59b6 installed
DEBUG util.py:463:  perl-meta-notation-0:5.32.1-481.1.el9_6.noarch 1753674690 2117 6c660f3e194752d283cb63e0a36b8159 installed
DEBUG util.py:463:  perl-locale-0:1.09-481.1.el9_6.noarch 1753674690 7339 c3cfd261bccbbf2b858d4ce7763b2234 installed
DEBUG util.py:463:  perl-version-7:0.99.28-4.el9.x86_64 1648210399 132394 e58c70d6f234bdbb2990843d5ed63194 installed
DEBUG util.py:463:  perl-CPAN-Meta-Requirements-2.140-461.el9.noarch 1644604558 70661 10605175863f307ce4eb183b08022a85 installed
DEBUG util.py:463:  perl-Module-CoreList-1:5.20240609-1.el9.noarch 1741822991 1181560 98364dd9cbcdceb466fbdd3e8b5371af installed
DEBUG util.py:463:  perl-Module-Metadata-1.000037-460.el9.noarch 1645002856 69188 af922133a3b24cb2de68e27784822e37 installed
DEBUG util.py:463:  perl-Unicode-Normalize-1.27-461.el9.x86_64 1645010441 660622 55606f63c34badf65c401a3b826d1739 installed
DEBUG util.py:463:  perl-Tie-0:4.6-481.1.el9_6.noarch 1753674690 37004 53e7ae3f9a2d29ea85b2dcf12ce1a6c1 installed
DEBUG util.py:463:  perl-Term-ReadLine-0:1.17-481.1.el9_6.noarch 1753674690 18640 3cd77cf572f1ed245e08f426aea9a9a4 installed
DEBUG util.py:463:  perl-Perl-OSType-1.010-461.el9.noarch 1644605257 33835 0f291b495b99eeaa18cb20d8f1f16c70 installed
DEBUG util.py:463:  perl-Module-Load-1:0.36-4.el9.noarch 1645296595 15489 a926b2a61afb018b9ea944382832e6da installed
DEBUG util.py:463:  perl-Digest-SHA-1:6.02-461.el9.x86_64 1644596688 119696 1251e104d0bc6851f8fb3be41a7c9ea9 installed
DEBUG util.py:463:  perl-Devel-Peek-0:1.28-481.1.el9_6.x86_64 1753674689 45603 288830645e78b60b9a91472b83affa79 installed
DEBUG util.py:463:  libzstd-devel-1.5.5-1.el9.x86_64 1741812953 202817 8889c0179a4dd68c42cefdfc383575cb installed
DEBUG util.py:463:  libwebp-1.2.0-8.el9_3.x86_64 1699377808 787632 ab3710f69a7791936f997a5d9984e0c4 installed
DEBUG util.py:463:  libmpc-1.2.1-4.el9.x86_64 1644450029 138613 44b2c50f6fbf23200f9734200bb00a8e installed
DEBUG util.py:463:  libjpeg-turbo-2.0.90-7.el9.x86_64 1711998378 647737 3104b15926ec416c6dea9be5bdee20f3 installed
DEBUG util.py:463:  cmake-filesystem-3.26.5-3.el9_7.x86_64 1769592935 0 9ce6225f15d51412bd902052c693fdde installed
DEBUG util.py:463:  nettle-3.10.1-1.el9.x86_64 1741845579 1169768 b7f8d6efcdf2bba548c76687bf30eb60 installed
DEBUG util.py:463:  gnutls-3.8.3-10.el9_7.x86_64 1773186200 3456941 76c39e06fc72b58d22a9c2cf38bd7925 installed
DEBUG util.py:463:  glib2-2.68.4-18.el9_7.2.x86_64 1778513550 13443415 16018d937a31d0bead1f416fb0692d95 installed
DEBUG util.py:463:  libedit-3.1-38.20210216cvs.el9.x86_64 1695670210 251847 891a9323e47966f6501c2cb603ad29be installed
DEBUG util.py:463:  elfutils-libelf-devel-0.193-1.el9.alma.1.x86_64 1758469624 51150 37e31a46a52e621a1751eabd5e43bcef installed
DEBUG util.py:463:  perl-Dumpvalue-0:2.27-481.1.el9_6.noarch 1753674690 21185 f8f9846114eafcb57dcf4e7e32fae123 installed
DEBUG util.py:463:  perl-Pod-Html-0:1.25-481.1.el9_6.noarch 1753674690 38420 029b9093ae10140b750975a90625231f installed
DEBUG util.py:463:  libpng-devel-2:1.6.37-12.el9_7.4.x86_64 1779096870 904477 e639ad7b14515e7a0130f77ff053c4f9 installed
DEBUG util.py:463:  apr-devel-1.7.0-12.el9_3.x86_64 1702290000 1056328 87e976a8f3b58cafb8c8def1e0031085 installed
DEBUG util.py:463:  perl-Net-Ping-2.74-5.el9.noarch 1644618753 137392 5d93886ff3ff84e28d47d8513ea2e2e2 installed
DEBUG util.py:463:  perl-Thread-Queue-3.14-460.el9.noarch 1645023802 29828 ec1197713bc8586f4b8dcbaeb84eaf67 installed
DEBUG util.py:463:  perl-ExtUtils-Command-2:7.60-3.el9.noarch 1645696583 10109 76170738b02a8ce1259974478db3eb21 installed
DEBUG util.py:463:  libspf2-1.2.11-11.20210922git4915c308.el9.x86_64 1696287141 164891 3f5c736abcbb8b915e2209e8b6971bec installed
DEBUG util.py:463:  libimagequant-2.17.0-1.el9.x86_64 1639598680 134983 2ee4c9c7f4dbee452dc08da79fdda5ad installed
DEBUG util.py:463:  xz-devel-5.2.5-8.el9_0.x86_64 1654677033 206635 b72d68b1b5be9740277295520fe2cfab installed
DEBUG util.py:463:  libxml2-devel-2.9.13-14.el9_7.x86_64 1764560439 9265287 4dc92315ef90474778073266399e6653 installed
DEBUG util.py:463:  xorg-x11-proto-devel-2024.1-1.el9.noarch 1727921143 1834640 49ed81d2f90fde858889a400ac977a2c installed
DEBUG util.py:463:  perl-doc-0:5.32.1-481.1.el9_6.noarch 1753674690 10387667 b3ffb620ae9dc32799d0fd3a19837230 installed
DEBUG util.py:463:  perl-autouse-0:1.11-481.1.el9_6.noarch 1753674690 7000 32010ffab2f789ba3eb947a141cbd8d2 installed
DEBUG util.py:463:  perl-User-pwent-0:1.03-481.1.el9_6.noarch 1753674690 19578 0e25a00c81207455f8ea9712fc715f4d installed
DEBUG util.py:463:  perl-Tie-RefHash-1.40-4.el9.noarch 1644619039 35341 f0d76a53f121dd07da66512e39e3136a installed
DEBUG util.py:463:  perl-Text-Balanced-2.04-4.el9.noarch 1645013492 109293 1d67a0eb20af9ddd900a232edf650a86 installed
DEBUG util.py:463:  perl-Sys-Hostname-0:1.23-481.1.el9_6.x86_64 1753674689 21137 f1a7eed1015a5d2fa12d93183a5a1031 installed
DEBUG util.py:463:  perl-Sub-Install-0.928-28.el9.noarch 1644604279 35807 8c5af9a3b8ae5016c3b7ff1314628a6d installed
DEBUG util.py:463:  perl-SelfLoader-0:1.26-481.1.el9_6.noarch 1753674690 23934 6b638966abfbf9c0df57f1721f18df5e installed
DEBUG util.py:463:  perl-Params-Util-1.102-5.el9.x86_64 1644593886 60964 70d419fedf1fe55343628afcdc42875b installed
DEBUG util.py:463:  perl-Opcode-0:1.48-481.1.el9_6.x86_64 1753674689 51177 c7ea91d317a0b20e6fa4c8b6ca27076b installed
DEBUG util.py:463:  perl-Safe-0:2.41-481.1.el9_6.noarch 1753674690 32413 a2eb75c549cb3b4a6cdcd2f86880cb42 installed
DEBUG util.py:463:  perl-NDBM_File-0:1.15-481.1.el9_6.x86_64 1753674689 29969 8933504009f636d2cda31c39594eba4d installed
DEBUG util.py:463:  perl-Math-Complex-0:1.59-481.1.el9_6.noarch 1753674690 88262 728ba910a0564896c2519b8da44bc230 installed
DEBUG util.py:463:  perl-Math-BigInt-1:1.9998.18-460.el9.noarch 1650005836 725738 95f5aed872f577e49ef1655f8b7f434b installed
DEBUG util.py:463:  perl-JSON-PP-1:4.06-4.el9.noarch 1645018788 144767 76ee73100ab3eddf8df82627eebfba27 installed
DEBUG util.py:463:  perl-Math-BigRat-0.2614-460.el9.noarch 1645015269 105818 8eca852ba97ac93578471a3ae5f0da72 installed
DEBUG util.py:463:  perl-I18N-LangTags-0:0.44-481.1.el9_6.noarch 1753674690 87236 ca1ec856e78cbb28dc171defdec7f141 installed
DEBUG util.py:463:  perl-Locale-Maketext-1.29-461.el9.noarch 1645016723 174927 bbbe6f1a4688f8966a94682728e2f2f2 installed
DEBUG util.py:463:  perl-Locale-Maketext-Simple-1:0.21-481.1.el9_6.noarch 1753674690 14043 aee714487ece613302e78d68f0c2ae74 installed
DEBUG util.py:463:  perl-Params-Check-1:0.38-461.el9.noarch 1644596308 28458 5cf047ef85debefb133b39e6e2a43676 installed
DEBUG util.py:463:  perl-Module-Load-Conditional-0.74-4.el9.noarch 1645002484 29702 2ffa43b2a0251722aec8b7001ef9d47b installed
DEBUG util.py:463:  perl-Hash-Util-FieldHash-0:1.20-481.1.el9_6.x86_64 1753674689 60781 5601a1eebd19551cc709fb227c18a1ce installed
DEBUG util.py:463:  perl-Hash-Util-0:0.23-481.1.el9_6.x86_64 1753674689 56612 16cdc05a76224d3a64744abb10de48cc installed
DEBUG util.py:463:  perl-ExtUtils-MM-Utils-2:7.60-3.el9.noarch 1645696583 3226 6a51046735d53f58b5d77bfa975e3860 installed
DEBUG util.py:463:  perl-IPC-Cmd-2:1.04-461.el9.noarch 1645016398 87236 dfed1270de3973e959c6e6ad19e7a257 installed
DEBUG util.py:463:  perl-ExtUtils-Constant-0:0.25-481.1.el9_6.noarch 1753674690 91792 3c8f4b12ca1034172ca9f51aa6167b77 installed
DEBUG util.py:463:  perl-DirHandle-0:1.05-481.1.el9_6.noarch 1753674690 4416 80710a0dd7e245b1292958423521b6e1 installed
DEBUG util.py:463:  perl-Devel-PPPort-3.62-4.el9.x86_64 1644593310 860842 b434b71ce5bcf27ab74eca94fb0cb842 installed
DEBUG util.py:463:  perl-Compress-Raw-Bzip2-2.101-5.el9.x86_64 1648205059 68668 2b1afc717bddd6a852ed0b246388b8a0 installed
DEBUG util.py:463:  perl-IO-Compress-2.102-4.el9.noarch 1645014076 863077 11ec3c399e2350a1ec8ca346d36d52f2 installed
DEBUG util.py:463:  perl-IO-Zlib-1:1.11-4.el9.noarch 1644616790 25517 d3c95cfbfb248c9d1f74426d5901d242 installed
DEBUG util.py:463:  perl-CPAN-Meta-YAML-0.018-461.el9.noarch 1644604831 51721 2ea5219a83549423fc40b1ece94e6660 installed
DEBUG util.py:463:  perl-CPAN-Meta-2.150010-460.el9.noarch 1648165924 610128 6ceda07bd780657c6afd87a44bf9c7f0 installed
DEBUG util.py:463:  perl-Benchmark-0:1.23-481.1.el9_6.noarch 1753674690 38258 3fa67fe9732267104b6f1f31ee376837 installed
DEBUG util.py:463:  perl-Test-Harness-1:3.42-461.el9.noarch 1645012685 580535 b6067af25ea1abbb48efc3654711900a installed
DEBUG util.py:463:  perl-AutoSplit-0:5.74-481.1.el9_6.noarch 1753674690 24629 9c69b30671e10c5e4531e34b58bd1ab3 installed
DEBUG util.py:463:  net-snmp-libs-1:5.9.1-17.el9_7.1.x86_64 1768492598 3259355 d29e69ada3991167b909eadf0b0fbd63 installed
DEBUG util.py:463:  m4-1.4.19-1.el9.x86_64 1648711650 595478 00cd9fc449508f4a29750c89273cdb3d installed
DEBUG util.py:463:  lm_sensors-libs-3.6.0-10.el9.x86_64 1644479170 92254 39cd2fe85eceaf1a81a4d4aec9e95208 installed
DEBUG util.py:463:  libXau-1.0.9-8.el9.x86_64 1644433437 64976 03e7ad77f1c31092c15ac39487123a44 installed
DEBUG util.py:463:  libxcb-1.13.1-9.el9.x86_64 1644465369 1124646 b5c9c15368d4b19cb01932b894d95211 installed
DEBUG util.py:463:  libICE-1.0.10-8.el9.x86_64 1644429752 174842 61519989c76556d0e09fba3d80e997cc installed
DEBUG util.py:463:  glibc-headers-2.34-231.el9_7.10.x86_64 1771325893 2181490 4460f0a6acf5dd921cd1c6ad1d7d0a93 installed
DEBUG util.py:463:  fribidi-1.0.10-6.el9.2.x86_64 1665768655 347380 f1a0507b90f312a85278ba60f9dba81a installed
DEBUG util.py:463:  emacs-filesystem-1:27.2-18.el9.noarch 1758468964 0 a4f46cfad87fa2a72be6ad27494368f4 installed
DEBUG util.py:463:  autoconf-2.69-41.el9.noarch 1758457389 2324178 fdb0224f10bcafa2f887cf4f3822deed installed
DEBUG util.py:463:  automake-1.16.2-8.el9.noarch 1695816980 1798907 0db5d01bee7b33ca582fccd5fd40c24f installed
DEBUG util.py:463:  make-1:4.3-8.el9.x86_64 1712062509 1719678 dc40abc3cfe247dee48edd9c5db26369 installed
DEBUG util.py:463:  graphite2-1.3.14-9.el9.x86_64 1643634613 201599 0774810f1e2e57d1271c1047595d6ef0 installed
DEBUG util.py:463:  harfbuzz-2.7.4-10.el9.x86_64 1712077271 1705461 fac5b05a7a20fe0a3ce53ac81bd7bc9e installed
DEBUG util.py:463:  freetype-2.10.4-10.el9_5.x86_64 1743435620 840500 b10332fe84100ffff8727901139429e8 installed
DEBUG util.py:463:  libraqm-0.8.0-1.el9.x86_64 1643294195 29538 781b2ebaa508ac31105f184e81d5d437 installed
DEBUG util.py:463:  fonts-filesystem-1:2.0.5-7.el9.1.noarch 1644638356 0 d9588fb5c537631aa12647b6d9af5064 installed
DEBUG util.py:463:  dejavu-sans-fonts-2.37-18.el9.noarch 1643502240 5930859 5313483c1b81434d249eff3a949df631 installed
DEBUG util.py:463:  langpacks-core-font-en-3.0-16.el9.noarch 1644438506 351 b45170d4bae0bb1996b8b8c683c9765e installed
DEBUG util.py:463:  graphite2-devel-1.3.14-9.el9.x86_64 1643634613 49577 0f46bd9846a37e3237b83ec5f7fe0c1c installed
DEBUG util.py:463:  libidn-1.38-4.el9.x86_64 1644852725 621207 024063f86f3c8d63405c2e004b348df1 installed
DEBUG util.py:463:  fribidi-devel-1.0.10-6.el9.2.x86_64 1665768655 79834 94f0aca4ee132c386503a4d1e1916743 installed
DEBUG util.py:463:  libattr-devel-2.5.1-3.el9.x86_64 1643373859 22276 3983ce6cb8fb92ad043317734211caa1 installed
DEBUG util.py:463:  libSM-1.2.3-10.el9.x86_64 1644430389 95285 9fe28a12ad84195b88877cc09faaf8fd installed
DEBUG util.py:463:  libXau-devel-1.0.9-8.el9.x86_64 1644433437 6533 6eea1b282412ef96909a294f57d98c18 installed
DEBUG util.py:463:  libxcb-devel-1.13.1-9.el9.x86_64 1644465369 2718296 da9846d35a00f237ffd8f023220148cd installed
DEBUG util.py:463:  lm_sensors-devel-3.6.0-10.el9.x86_64 1644479170 18796 3013d66380d32cdffaa0cb9994937b7a installed
DEBUG util.py:463:  perl-DBM_Filter-0:0.06-481.1.el9_6.noarch 1753674690 34921 719650e44724e8b15271a150b8755c7f installed
DEBUG util.py:463:  perl-File-Fetch-1.00-4.el9.noarch 1645011650 60401 6086a5572d9268f33a24c315a6b86ff5 installed
DEBUG util.py:463:  perl-fields-0:2.27-481.1.el9_6.noarch 1753674690 13101 ff5424da2db5c2facb325d2a6f8f5d63 installed
DEBUG util.py:463:  perl-bignum-0.51-460.el9.noarch 1648193844 91800 c86fbeb415b0b18ac5d4efa93018e34f installed
DEBUG util.py:463:  perl-Math-BigInt-FastCalc-0.500.900-460.el9.x86_64 1645010482 42271 e41b1120f723e8893ece851597cb5433 installed
DEBUG util.py:463:  perl-Memoize-0:1.03-481.1.el9_6.noarch 1753674690 83498 ffa3c871a49b887626e5238cd3a1e01d installed
DEBUG util.py:463:  perl-Data-OptList-0.110-17.el9.noarch 1645020373 49891 ac49c9135e92c26795deb7cffcddd9e7 installed
DEBUG util.py:463:  perl-Devel-SelfStubber-0:1.06-481.1.el9_6.noarch 1753674690 7874 994c7b12177a756621b211a7f40994a7 installed
DEBUG util.py:463:  elfutils-devel-0.193-1.el9.alma.1.x86_64 1758469624 200533 dc5e432c83761cc134731c92def1405a installed
DEBUG util.py:463:  libimagequant-devel-2.17.0-1.el9.x86_64 1639598680 7265 f01be4094e80e49c6c30be648a2397f9 installed
DEBUG util.py:463:  firebird-utils-4.0.7.3271-1.el9.x86_64 1776443671 17909879 d38404a3bd5471e4d8527eec97e224d6 installed
DEBUG util.py:463:  shared-mime-info-2.1-5.el9.x86_64 1680823226 5187670 475f10dda11a33946e2a113e354c55b9 installed
DEBUG util.py:463:  freetds-1.4.23-1.el9.x86_64 1728315990 872064 597dc8ce86291390819af99588b8cb88 installed
DEBUG util.py:463:  freetds-libs-1.4.23-1.el9.x86_64 1728315990 1398064 7c803bebe06a54cb6cb801841f015b53 installed
DEBUG util.py:463:  libjpeg-turbo-devel-2.0.90-7.el9.x86_64 1711998378 354119 f7ccaec81aee75529accf836306ca39f installed
DEBUG util.py:463:  cpp-11.5.0-11.el9.alma.1.x86_64 1757946440 30661206 f9f1b4c257477d9b598d01fb06d45a8e installed
DEBUG util.py:463:  libwebp-devel-1.2.0-8.el9_3.x86_64 1699377808 96549 a98bddcc8874535ce720018178fe4391 installed
DEBUG util.py:463:  perl-debugger-0:1.56-481.1.el9_6.noarch 1753674690 412709 8ae34a15efb8b3e5ab6e9bafe9b25d07 installed
DEBUG util.py:463:  perl-Env-1.04-460.el9.noarch 1645006644 26875 d794d16083b86d567d4447ef7af6013e installed
DEBUG util.py:463:  perl-Unicode-Collate-1.29-4.el9.x86_64 1648210484 5174630 9371088f090095a2e8cece8bebcf2539 installed
DEBUG util.py:463:  perl-Unicode-UCD-0:0.75-481.1.el9_6.noarch 1753674690 210569 d602351b00ff54943677accf40c3963e installed
DEBUG util.py:463:  perl-Module-CoreList-tools-1:5.20240609-1.el9.noarch 1741822991 19264 aee58832942ec27aff2fb8a2adbec3df installed
DEBUG util.py:463:  perl-experimental-0.022-6.el9.noarch 1645015447 31555 d5fab4c83ea82827476c1a08521787bc installed
DEBUG util.py:463:  perl-sigtrap-0:1.09-481.1.el9_6.noarch 1753674690 12283 636f2ede8be83b8a54531284bd18ba29 installed
DEBUG util.py:463:  libtomcrypt-1.18.2-12.el9.x86_64 1643734269 900501 2b0261a055259216fd506859e29c15bd installed
DEBUG util.py:463:  httpd-tools-2.4.62-7.el9_7.3.x86_64 1766442938 202649 3f2540c46dfb8c735c6fb30705889ff4 installed
DEBUG util.py:463:  perl-Archive-Zip-1.68-6.el9.noarch 1648161016 299088 a6c3ae59d5ac0e3112e626283c30312f installed
DEBUG util.py:463:  perl-Thread-0:3.05-481.1.el9_6.noarch 1753674690 13365 b637e52958db26a94a63e9b5054ba84c installed
DEBUG util.py:463:  perl-Thread-Semaphore-0:2.13-481.1.el9_6.noarch 1753674690 11219 7c83bcc59bd6350a6d9b93898136588c installed
DEBUG util.py:463:  expat-devel-2.5.0-5.el9_7.1.x86_64 1764173634 201155 bfeb77e4a0e01c15351454b6438c0ea2 installed
DEBUG util.py:463:  perl-Digest-SHA1-2.13-34.el9.x86_64 1644597012 107215 7f364517c3379f128f26a06e0f1dd65f installed
DEBUG util.py:463:  libicu69-69.1-4.el9.remi.x86_64 1658828735 34589769 6e98d0cdaa56326d32f1c15a52b638d4 installed
DEBUG util.py:463:  libicu69-devel-69.1-4.el9.remi.x86_64 1658828735 5697549 67a2a81487a7c36f0de1579d97f14a56 installed
DEBUG util.py:463:  libc-client-2007f-30.el9.remi.x86_64 1636035163 1581738 185d3bd5da291d35101701ec7b87e323 installed
DEBUG util.py:463:  svt-av1-libs-0.9.0-1.el9.x86_64 1668907376 6489488 dee85b4b3b6fab0381df770b01b4258b installed
DEBUG util.py:463:  recode-3.7.11-1.el9.x86_64 1644467663 2050088 ac7516d764b01f530ab48bebe8f9403d installed
DEBUG util.py:463:  rav1e-libs-0.8.1-2.el9.x86_64 1768226697 3276066 dfaa837759d36fc3b63879a80e56ac16 installed
DEBUG util.py:463:  libvmaf-2.3.0-2.el9.x86_64 1639751901 799208 554a0b530db1e9f4a8039ff3dfc5384a installed
DEBUG util.py:463:  libtidy-5.8.0-2.el9.x86_64 1640807413 1028661 52c049c767d2442adef8da191cd38e77 installed
DEBUG util.py:463:  libntlm-1.6-4.el9.x86_64 1647465501 191587 a20830dd4dd440be6c1630fbfac57740 installed
DEBUG util.py:463:  libgsasl-1.10.0-15.el9.x86_64 1774542886 551840 6b55e184b91208f9bdb0bd95450621c2 installed
DEBUG util.py:463:  libmd-1.2.0-1.el9.x86_64 1778529202 127246 1bf860f5dad31096d26614e024446d64 installed
DEBUG util.py:463:  libbsd-0.12.2-1.el9.x86_64 1711378133 433060 551d1424c011e0ae5a99ee0c9c1d9006 installed
DEBUG util.py:463:  libopendmarc-1.4.2-33.el9.x86_64 1759246646 56888 f1842a7e39ad3e3d83c9eea58a4b2b7d installed
DEBUG util.py:463:  libmcrypt-2.5.8-30.el9.x86_64 1640810826 292238 9820856722b60bff99555745163023e4 installed
DEBUG util.py:463:  libib-util-4.0.7.3271-1.el9.x86_64 1776443671 15107 0509df5caf33c21db100696e87666e55 installed
DEBUG util.py:463:  firebird-4.0.7.3271-1.el9.x86_64 1776443671 36515011 d4a06c737448f4266a5db20bd44bd423 installed
DEBUG util.py:463:  libfbclient2-devel-4.0.7.3271-1.el9.x86_64 1776443671 217 11a36f398e7cb1aa9db9756eda227d24 installed
DEBUG util.py:463:  firebird-devel-4.0.7.3271-1.el9.x86_64 1776443671 2094233 d351a92ab7413eaaee6db449fb6e3ef8 installed
DEBUG util.py:463:  libdav1d-1.5.3-1.el9.x86_64 1771940465 1715455 8669855a1ba9112f2a810ff277ff09eb installed
DEBUG util.py:463:  highway-1.3.0-1.el9.x86_64 1765188168 4877098 b53b6328b91308eb9c44850436bce71b installed
DEBUG util.py:463:  libjxl-0.7.2-2.el9.x86_64 1755035144 3203772 0ef22d77cf8883ec79d6508938d1b21b installed
DEBUG util.py:463:  libaom-3.13.1-1.el9.x86_64 1758288015 5017015 29f32a0128663b3ae9d32eba32816c43 installed
DEBUG util.py:463:  libavif-0.11.1-5.el9.x86_64 1730898869 171393 0d897a2f62f979e4eeec1ae67bf88321 installed
DEBUG util.py:463:  libavif-devel-0.11.1-5.el9.x86_64 1730898869 61177 e7333a7142ea11c6784d26e8857706c6 installed
DEBUG util.py:463:  aspell-12:0.60.8-8.el9.x86_64 1643233627 3404306 221197ad5a99bad9d7165fbfe8755ddd installed
DEBUG util.py:463:  xml-common-0.6.3-58.el9.noarch 1644550961 80280 8bbddf67d2ee0baee23c3537961924b0 installed
DEBUG util.py:463:  fontconfig-2.14.0-2.el9_1.x86_64 1674503254 837233 cc1ddfc8bc63dfb8422f439ccb89284d installed
DEBUG util.py:463:  tokyocabinet-1.4.48-19.el9.x86_64 1644586483 1557431 4a274bcb3e724a1e6c3def802999d84b installed
DEBUG util.py:463:  sysprof-capture-devel-3.40.1-3.el9.x86_64 1644649780 359504 2364104897ad6699ce3822ffadfd95c0 installed
DEBUG util.py:463:  sqlite-3.34.1-9.el9_7.x86_64 1762899228 1613823 7df58e2291125137425b1dddfc8eb125 installed
DEBUG util.py:463:  popt-devel-1.18-8.el9.x86_64 1648240343 29845 8add8715577e988adbcea62eceda85b1 installed
DEBUG util.py:463:  pixman-0.40.0-6.el9_3.x86_64 1702419849 710295 fd31f117119786ecfcdccf464931504c installed
DEBUG util.py:463:  perl-vmsish-0:1.04-481.1.el9_6.noarch 1753674690 7692 6585eda97fd71ac9b7ce0df6cd7bca53 installed
DEBUG util.py:463:  perl-utils-0:5.32.1-481.1.el9_6.noarch 1753674690 103016 7c3e9a55b52d5339a80fa3f90d8ea394 installed
DEBUG util.py:463:  perl-sort-0:2.04-481.1.el9_6.noarch 1753674690 6851 eff54009a5d0f0d6a988674988b02a87 installed
DEBUG util.py:463:  perl-ph-0:5.32.1-481.1.el9_6.x86_64 1753674689 273932 20b0f062b30c4ead6e7aeb6a07ccd078 installed
DEBUG util.py:463:  perl-perlfaq-5.20210520-1.el9.noarch 1741831769 745690 c0344c377bfea4d5a184c7278b827081 installed
DEBUG util.py:463:  perl-macros-4:5.32.1-481.1.el9_6.noarch 1753674690 5643 7325d252d2cb87da2918f03de5dafa66 installed
DEBUG util.py:463:  perl-local-lib-2.000024-13.el9.noarch 1648201127 120229 d41ebfa502c06caebbadd48332fa0fde installed
DEBUG util.py:463:  perl-less-0:0.03-481.1.el9_6.noarch 1753674690 5968 702f78d9aca75564d6ca526f11112757 installed
DEBUG util.py:463:  perl-filetest-0:1.03-481.1.el9_6.noarch 1753674690 7538 f30990e4a5c71496081e444f284c767d installed
DEBUG util.py:463:  perl-encoding-warnings-0:0.13-481.1.el9_6.noarch 1753674690 11210 48da5ef6144a6716e863b585b555de07 installed
DEBUG util.py:463:  perl-diagnostics-0:1.37-481.1.el9_6.noarch 1753674690 455636 4f03329e035c8b4f05226b5acae2bf3f installed
DEBUG util.py:463:  perl-deprecate-0:0.04-481.1.el9_6.noarch 1753674690 7661 c4ccbb800e2f56d3c8d948c213a2f93b installed
DEBUG util.py:463:  perl-blib-0:1.07-481.1.el9_6.noarch 1753674690 4236 66dcaf085abcdc743ac17038b919248c installed
DEBUG util.py:463:  perl-Time-Piece-0:1.3401-481.1.el9_6.x86_64 1753674689 70433 9ca929021c1c989d9981b2e0bb92b354 installed
DEBUG util.py:463:  perl-Time-0:1.03-481.1.el9_6.noarch 1753674690 13051 277aa760d61f9127bb665f5b0fa7d0f1 installed
DEBUG util.py:463:  perl-Tie-Memoize-0:1.1-481.1.el9_6.noarch 1753674690 7302 977ff6b17349053b740d37fd45460c9b installed
DEBUG util.py:463:  perl-Tie-File-0:1.06-481.1.el9_6.noarch 1753674690 88529 ff8f95bc3f449e0fc220bc02df2a759f installed
DEBUG util.py:463:  perl-Text-Template-1.59-5.el9.noarch 1645017664 115575 f7a2cb536c8593c8672bc67c89e105ff installed
DEBUG util.py:463:  perl-Text-Glob-0.11-15.el9.noarch 1645006153 8826 f12b97f8991920fa1339195b2b9fe55a installed
DEBUG util.py:463:  perl-Text-Abbrev-0:1.02-481.1.el9_6.noarch 1753674690 4085 77d70cc141e7939de5f8b1e8f80c8be6 installed
DEBUG util.py:463:  perl-Test-0:1.31-481.1.el9_6.noarch 1753674690 38819 a8f35e7a87a624e5c2b17c0205d5693f installed
DEBUG util.py:463:  perl-Term-Complete-0:1.403-481.1.el9_6.noarch 1753674690 6820 03ac0c88a1e9986c3c9fcb5479e5af5c installed
DEBUG util.py:463:  perl-Sys-Syslog-0.36-461.el9.x86_64 1645012128 101826 5074d430a0c7f3ae334dc8cf4a2218d6 installed
DEBUG util.py:463:  perl-Search-Dict-0:1.07-481.1.el9_6.noarch 1753674690 5721 61670944750d1e42e72b69c727fd30ad installed
DEBUG util.py:463:  perl-Pod-Functions-0:1.13-481.1.el9_6.noarch 1753674690 14366 e62da75c19e0ebb94fa77b7d8a643cd9 installed
DEBUG util.py:463:  perl-Pod-Checker-4:1.74-4.el9.noarch 1644606095 52836 7ff9549b70b22f81401d3a7d22ff1e15 installed
DEBUG util.py:463:  perl-PerlIO-via-QuotedPrint-0.09-4.el9.noarch 1644605878 31112 688d037965e7b70ba94c7dd1004a4d45 installed
DEBUG util.py:463:  perl-Package-Generator-1.106-23.el9.noarch 1644595230 31036 df97022cad24d62399907753b985e7f9 installed
DEBUG util.py:463:  perl-Sub-Exporter-0.987-27.el9.noarch 1644603093 142832 cc04204d1b1d5f3ee972f23e1ebadc35 installed
DEBUG util.py:463:  perl-Object-HashBase-0.009-7.el9.noarch 1644595007 45124 a825877ff46e21239588b5be83e9d47b installed
DEBUG util.py:463:  perl-ODBM_File-0:1.16-481.1.el9_6.x86_64 1753674689 33949 36f5a510f4c31882b6ead7eeffac3c48 installed
DEBUG util.py:463:  perl-Net-0:1.02-481.1.el9_6.noarch 1753674690 27147 e1bb219105f6cb1215b2559a0b8b8b2f installed
DEBUG util.py:463:  perl-NEXT-0:0.67-481.1.el9_6.noarch 1753674690 25121 4ff6199f4e43ebe064d822a76cf8db82 installed
DEBUG util.py:463:  perl-Module-Loaded-1:0.08-481.1.el9_6.noarch 1753674690 6044 3e42b5bd414c0a779b6f9d354a1961db installed
DEBUG util.py:463:  perl-MRO-Compat-0.13-15.el9.noarch 1645003478 25912 ca9d1a55159491b799f823a3cb4d8f2b installed
DEBUG util.py:463:  perl-Data-Section-0.200007-14.el9.noarch 1645014691 43062 e6cf1178e231681cb0fdef48cefa41e3 installed
DEBUG util.py:463:  perl-Software-License-0.103014-12.el9.noarch 1644603051 465010 0aedd7348f5ec1b31a66f98587b1b806 installed
DEBUG util.py:463:  perl-Importer-0.026-4.el9.noarch 1645019830 94972 2b01279d27705f1d96a476f91ceb3d4b installed
DEBUG util.py:463:  perl-Term-Table-0.015-8.el9.noarch 1645003427 61020 c64161df7a6660f4e43dcc7fda197c16 installed
DEBUG util.py:463:  perl-Test-Simple-3:1.302183-4.el9.noarch 1650006373 1387275 83e7d5236db70e5ea3617c937e4a2c01 installed
DEBUG util.py:463:  perl-IPC-System-Simple-1.30-6.el9.noarch 1645018619 73654 57f2dd1c1ce453acf68d89cb0b4bab02 installed
DEBUG util.py:463:  perl-autodie-2.34-4.el9.noarch 1648213644 220087 75622d74c5edc698e8a1cfb6edaa3bc4 installed
DEBUG util.py:463:  perl-IPC-SysV-2.09-4.el9.x86_64 1645012452 77062 00b13f81a83500b90eae38c10454fcf0 installed
DEBUG util.py:463:  perl-I18N-Langinfo-0:0.19-481.1.el9_6.x86_64 1753674689 30567 687f1c873dcdb3d2c7d1264f16ae061d installed
DEBUG util.py:463:  perl-I18N-Collate-0:1.02-481.1.el9_6.noarch 1753674690 8191 bfa75ffba6fa492a513c4d4fa123b772 installed
DEBUG util.py:463:  perl-GDBM_File-0:1.18-481.1.el9_6.x86_64 1753674689 32401 ac1fe2dee89cc7e718be874891ace684 installed
DEBUG util.py:463:  perl-FindBin-0:1.51-481.1.el9_6.noarch 1753674690 7441 8ca97c9735273564f673e652e97652fc installed
DEBUG util.py:463:  perl-FileCache-0:1.10-481.1.el9_6.noarch 1753674690 8583 0f2dc09ee8bac75df87a636bf6874a9e installed
DEBUG util.py:463:  perl-File-Which-1.23-10.el9.noarch 1645003191 30250 b22deb6c1cd285ba903de628ed1aee78 installed
DEBUG util.py:463:  perl-File-HomeDir-1.006-4.el9.noarch 1645008432 124471 75f5c912d5d8d55aeae01a144eb038b0 installed
DEBUG util.py:463:  perl-File-DosGlob-0:1.12-481.1.el9_6.x86_64 1753674689 26208 12a45a0ee89e3f2da5c0c8a35612f85a installed
DEBUG util.py:463:  perl-English-0:1.11-481.1.el9_6.noarch 1753674690 7319 e4297f64f846dcc965488cadc6e491e8 installed
DEBUG util.py:463:  perl-Devel-Size-0.83-10.el9.x86_64 1644593837 47461 ca6454c3c94f233d6f0e7e54dfb38519 installed
DEBUG util.py:463:  perl-DB_File-1.855-4.el9.x86_64 1645012514 194320 47ed55cafe36041e30795d1455c15480 installed
DEBUG util.py:463:  perl-Config-Perl-V-0.33-4.el9.noarch 1645017091 25255 4fc04590a6c95009df8ce3cd926a4496 installed
DEBUG util.py:463:  perl-Config-Extensions-0:0.03-481.1.el9_6.noarch 1753674690 3660 7f5eeb5ea57518cfa0c62897f75155ec installed
DEBUG util.py:463:  perl-Compress-Raw-Lzma-2.101-3.el9.x86_64 1644621500 125308 95291bbf5c9b814c8a9b8937627f54f3 installed
DEBUG util.py:463:  perl-IO-Compress-Lzma-2.101-4.el9.noarch 1644614242 212180 76c20288ac438fd0c23afc57e6b75506 installed
DEBUG util.py:463:  perl-Compress-Bzip2-2.28-5.el9.x86_64 1648204075 150436 72b83013c0bd7e2965e1fa3c0fa81ed8 installed
DEBUG util.py:463:  perl-Attribute-Handlers-0:1.01-481.1.el9_6.noarch 1753674690 39367 d940aebaec9f55e2b04bfada7266d2c5 installed
DEBUG util.py:463:  perl-Algorithm-Diff-1.2010-4.el9.noarch 1645016165 110575 bfb4042afcbbe845aaac21e20e525268 installed
DEBUG util.py:463:  perl-Text-Diff-1.45-13.el9.noarch 1645017995 85715 070c4ebb4ae176f2891d8835539689c4 installed
DEBUG util.py:463:  perl-Archive-Tar-2.38-6.el9.noarch 1648160568 157654 a1fcf20afab403f98c9535930b7f2beb installed
DEBUG util.py:463:  pcre2-utf32-10.40-6.el9.x86_64 1727906236 558912 c696f7dadf4f440a819a6a06eaa727bc installed
DEBUG util.py:463:  pcre2-utf16-10.40-6.el9.x86_64 1727906236 587664 a5d6ae229680ebe7255f614697b42f97 installed
DEBUG util.py:463:  pcre2-devel-10.40-6.el9.x86_64 1727906236 1980925 554b11b862bfb7babe3e97e108e4c219 installed
DEBUG util.py:463:  pcre-utf32-8.44-4.el9.x86_64 1727906000 464844 c6a9c1d7fb58ad094964c098e072d130 installed
DEBUG util.py:463:  pcre-utf16-8.44-4.el9.x86_64 1727906000 485316 efc94800e7bb0efd9eb89813d3d7ec3b installed
DEBUG util.py:463:  pcre-cpp-8.44-4.el9.x86_64 1727906000 48852 28506017a82405416a5e58d875b89dc3 installed
DEBUG util.py:463:  pcre-devel-8.44-4.el9.x86_64 1727906000 1737890 f6a4912ad346c86c813740bcfa79d027 installed
DEBUG util.py:463:  openssl-devel-1:3.5.1-7.el9_7.x86_64 1769616215 5537260 f1d818de0d04ea9cd839c6572023792f installed
DEBUG util.py:463:  ncurses-c++-libs-6.2-12.20210508.el9.x86_64 1758446456 164738 aa7f817d5ac83836d3a0b460b3f67795 installed
DEBUG util.py:463:  ncurses-devel-6.2-12.20210508.el9.x86_64 1758446456 877268 4ec7ae162aba1665084a2d2b6b7872aa installed
DEBUG util.py:463:  mariadb-connector-c-config-3.2.6-1.el9_0.noarch 1649714171 497 eeda30d20a69c80a0de9d2bdc4e6477d installed
DEBUG util.py:463:  mariadb-connector-c-3.2.6-1.el9_0.x86_64 1649713368 552544 2168f8e764990040c6dfbb07f2b15ca7 installed
DEBUG util.py:463:  net-snmp-agent-libs-1:5.9.1-17.el9_7.1.x86_64 1768492598 2345346 1f3bcb837ba65e79d533bce931bae36c installed
DEBUG util.py:463:  llvm-filesystem-20.1.8-3.el9.x86_64 1758138867 0 6b5f8dfba7f757bac663cac05cf24163 installed
DEBUG util.py:463:  llvm-libs-20.1.8-3.el9.x86_64 1758138867 129136343 bde3f3c23eeef68def64ba0e86d4ee9a installed
DEBUG util.py:463:  libxslt-1.1.34-14.el9_7.1.x86_64 1774971423 769519 8fc694c073367a40fe1a994e41acedaf installed
DEBUG util.py:463:  libverto-devel-0.3.2-3.el9.x86_64 1644467610 26313 d5817a44b54d1fb324e3be103b78ee7d installed
DEBUG util.py:463:  libstdc++-devel-11.5.0-11.el9.alma.1.x86_64 1757946440 13578432 4fe68a18ad0eb60c0c2fe48da22127ba installed
DEBUG util.py:463:  libsepol-devel-3.6-3.el9.x86_64 1758446100 123967 3c218b10db0eeefb6d25f4d2282c0cfc installed
DEBUG util.py:463:  libselinux-devel-3.6-3.el9.x86_64 1741822567 129137 eb354e14d3d0e65879352291b78f6767 installed
DEBUG util.py:463:  libpq-13.23-1.el9_7.x86_64 1768233729 752630 a0affb39b7d8cae90c39129dfdcf72ee installed
DEBUG util.py:463:  libgpg-error-devel-1.42-5.el9.x86_64 1644449054 233093 b00a4adb67cb6c38a777d93de2357ae8 installed
DEBUG util.py:463:  libffi-devel-3.4.2-8.el9.x86_64 1695671656 33846 7fda2c960f7233284f2c4b319ffecd08 installed
DEBUG util.py:463:  libdb-devel-5.3.28-57.el9_6.x86_64 1750774368 129124 dfda3d34dae3dee15bee29c7e0bb12bf installed
DEBUG util.py:463:  libcom_err-devel-1.46.5-8.el9.x86_64 1758466961 17068 91bc32b1ff376a68d75670f2743469b4 installed
DEBUG util.py:463:  libblkid-devel-2.37.4-21.el9_7.x86_64 1770239437 18206 f0cdaf98af14041257f2f19b7d194c25 installed
DEBUG util.py:463:  libmount-devel-2.37.4-21.el9_7.x86_64 1770239437 37480 45a4df8a8083ea360aba8f0ac7cce662 installed
DEBUG util.py:463:  libX11-xcb-1.7.0-11.el9.x86_64 1741868186 15076 e2c069cf0f81726289cf61aecbfb4d00 installed
DEBUG util.py:463:  libX11-common-1.7.0-11.el9.noarch 1741871264 1335069 07ee0f67dea563f419fa51050f9e280c installed
DEBUG util.py:463:  libX11-1.7.0-11.el9.x86_64 1741868186 1355036 9bb3d11440198c8f38284d8821a5222a installed
DEBUG util.py:463:  libX11-devel-1.7.0-11.el9.x86_64 1741868186 1074662 6e6bdbe7721001b8356992c5b09f9812 installed
DEBUG util.py:463:  libXext-1.3.4-8.el9.x86_64 1644438125 95740 5be92926b068a2aaec5db46266fa2a4b installed
DEBUG util.py:463:  libXpm-3.5.13-10.el9.x86_64 1711996311 128512 c514746796207788dda42b456c0f0dbe installed
DEBUG util.py:463:  libXrender-0.9.10-16.el9.x86_64 1644443985 51559 d721c9178aefa8a46802b77348f61f02 installed
DEBUG util.py:463:  cairo-1.17.4-7.el9.x86_64 1651409944 1714807 b239d639594effec91ded84d80879567 installed
DEBUG util.py:463:  libXt-1.2.0-6.el9.x86_64 1644445026 453289 fb1f821206e143777380bf16f08a0a01 installed
DEBUG util.py:463:  libXpm-devel-3.5.13-10.el9.x86_64 1711996311 80110 aff1df370ad3c3822a158b415db85db1 installed
DEBUG util.py:463:  t1lib-5.1.2-31.el9.x86_64 1649096563 415779 91f166c6341e728b50a96916019eb938 installed
DEBUG util.py:463:  keyutils-libs-devel-1.6.3-1.el9.x86_64 1680722150 49397 221d9d675e18d71f2410f83cb2474202 installed
DEBUG util.py:463:  kernel-headers-5.14.0-611.55.1.el9_7.x86_64 1779215584 6542797 ef696db4c55d44558d50ae50d46e4035 installed
DEBUG util.py:463:  libxcrypt-devel-4.4.18-3.el9.x86_64 1644465890 31019 70b117fa14e9563c49228c8f13c75eb1 installed
DEBUG util.py:463:  glibc-devel-2.34-231.el9_7.10.x86_64 1771325893 47544 a81b35529c85d5d389dbd5732ad6077b installed
DEBUG util.py:463:  gcc-11.5.0-11.el9.alma.1.x86_64 1757946440 89921610 eac121ef700e0ca4ffe1a62031bf86a7 installed
DEBUG util.py:463:  perl-Filter-2:1.60-4.el9.x86_64 1645001694 171929 f2847c466ac268cd70f749a54b940726 installed
DEBUG util.py:463:  perl-encoding-4:3.00-462.el9.x86_64 1644597714 148918 4ce4f2305283d7d0fe6d248567098490 installed
DEBUG util.py:463:  perl-open-0:1.12-481.1.el9_6.noarch 1753674690 12457 6563a2e1ffb144e0a8b88dbf484aefab installed
DEBUG util.py:463:  perl-Filter-Simple-0.96-460.el9.noarch 1645023310 52142 9f305821f1cea32f0b7e2b30a8943ee4 installed
DEBUG util.py:463:  gcc-c++-11.5.0-11.el9.alma.1.x86_64 1757946440 33829751 d0859ce0499256ed56ff8a9841b724c0 installed
DEBUG util.py:463:  jbigkit-libs-2.1-23.el9.x86_64 1644595346 116791 60a4bd812c87b50727db3c058fd02561 installed
DEBUG util.py:463:  libtiff-4.4.0-15.el9_7.3.x86_64 1777564292 586273 822196b7189b3c840f817c1c2d129d46 installed
DEBUG util.py:463:  libtiff-devel-4.4.0-15.el9_7.3.x86_64 1777564292 1785219 472a8bc0ace87c5bdc63985f91f1084f installed
DEBUG util.py:463:  gd3php-2.3.3-9.el9.remi.x86_64 1668669990 434567 3df0931ac1f066cd7591a43f1166da56 installed
DEBUG util.py:463:  hunspell-filesystem-1.7.0-11.el9.x86_64 1643660449 0 1ae9b4dfb51f5c7a176a391fa022fe9d installed
DEBUG util.py:463:  hunspell-en-US-0.20140811.1-20.el9.noarch 1643704153 556770 780930caf6231c4c61e45af1210d7fb4 installed
DEBUG util.py:463:  hunspell-1.7.0-11.el9.x86_64 1643660449 848857 e29c28ef538129ecdcc92ea3ac8b8024 installed
DEBUG util.py:463:  enchant-1:1.6.0-30.el9.x86_64 1643540516 160713 3dc7e3535af1e48f46308aa10c46d541 installed
DEBUG util.py:463:  httpd-filesystem-2.4.62-7.el9_7.3.noarch 1766442965 464 749b073de5aa42ffa3b37b80807f740b installed
DEBUG util.py:463:  gmp-c++-1:6.2.0-13.el9.x86_64 1696934960 32064 056e70b59be9666a5aa794ec6192a976 installed
DEBUG util.py:463:  bzip2-devel-1.0.8-10.el9_5.x86_64 1738640559 317215 3eec060c804d4889ae3d070cd4bac70c installed
DEBUG util.py:463:  brotli-1.0.9-9.el9_7.x86_64 1770289647 771402 8d9f672485e935f63f2293ba7bdfa4e7 installed
DEBUG util.py:463:  brotli-devel-1.0.9-9.el9_7.x86_64 1770289647 56825 b25169f9d223f5faa7bffb94a7d132fa installed
DEBUG util.py:463:  tpm2-tss-3.2.3-1.el9.x86_64 1727905351 2232000 66aacb2b3f16817275f284c9e2c2ff68 installed
DEBUG util.py:463:  systemd-rpm-macros-252-55.el9_7.9.alma.1.noarch 1777995904 10405 6c116699ec2682d0609132c4e0930dcb installed
DEBUG util.py:463:  python3-setuptools-wheel-53.0.0-15.el9.noarch 1758455175 562657 6dabf1be9c0bad3cff22de1ee5c4aa55 installed
DEBUG util.py:463:  python3-pip-wheel-21.3.1-1.el9.noarch 1727896409 1232785 9776687e8574698e2fd9c7a6f9eef039 installed
DEBUG util.py:463:  python3-3.9.25-3.el9_7.3.x86_64 1777310930 32836 58c1ddce14e3ddabafe549f93beebbe2 installed
DEBUG util.py:463:  python3-libs-3.9.25-3.el9_7.3.x86_64 1777310930 33023367 b5157508b18745e02a69e494120e0ee6 installed
DEBUG util.py:463:  glib2-devel-2.68.4-18.el9_7.2.x86_64 1778513550 3058219 d047a1d2d393b3e23ed69497d32ba33d installed
DEBUG util.py:463:  python3-pyparsing-2.4.7-9.el9.noarch 1648232198 650026 7c73411bfe608520c15240aca7f83c12 installed
DEBUG util.py:463:  systemtap-sdt-dtrace-5.3-3.el9.x86_64 1758695466 184227 39b3cb50d471ab86277e75d1de932c54 installed
DEBUG util.py:463:  systemtap-sdt-devel-5.3-3.el9.x86_64 1758695466 187601 556577c744afb8230103e8b3bd1324e0 installed
DEBUG util.py:463:  perl-ExtUtils-Install-2.20-4.el9.noarch 1645022109 88180 15a2b14bd26b2f4d70e11c70ebb7e88d installed
DEBUG util.py:463:  perl-devel-4:5.32.1-481.1.el9_6.x86_64 1753674689 7699783 ba3fdd66fb966bba4dbf3ba1462017a3 installed
DEBUG util.py:463:  perl-ExtUtils-MakeMaker-2:7.60-3.el9.noarch 1645696583 756013 684fec6238be61ef9a8a41a82afed276 installed
DEBUG util.py:463:  perl-ExtUtils-CBuilder-1:0.280236-4.el9.noarch 1645022882 98754 5d1fb1b02157620ad063a10e8bdd41fd installed
DEBUG util.py:463:  perl-ExtUtils-Embed-0:1.35-481.1.el9_6.noarch 1753674690 16861 099cb4ba2f4eb42198c876724f5f3ba1 installed
DEBUG util.py:463:  perl-ExtUtils-Miniperl-0:1.09-481.1.el9_6.noarch 1753674690 9994 be32b57fbbfdb56f49f2627bb7a1ddb4 installed
DEBUG util.py:463:  perl-libnetcfg-4:5.32.1-481.1.el9_6.noarch 1753674690 18265 cde35a6290522d3de3cc40a752b099e7 installed
DEBUG util.py:463:  perl-Encode-devel-4:3.08-462.el9.x86_64 1644597714 102148 74af2749715a61e85750603c54fa4c35 installed
DEBUG util.py:463:  perl-inc-latest-2:0.500-20.el9.noarch 1645002672 35853 6a11396231bbc5130fde2bdce40e2c90 installed
DEBUG util.py:463:  perl-Module-Build-2:0.42.31-9.el9.noarch 1645011982 668479 37c15c877d45dcccd9ffdab981d80f86 installed
DEBUG util.py:463:  npth-1.6-8.el9.x86_64 1645791541 50619 3b35ca6e537948cb8cb49e1ca3790bd2 installed
DEBUG util.py:463:  mailcap-2.1.49-5.el9.noarch 1644573698 80180 f69feed69f15ec58bf49b93db700a891 installed
DEBUG util.py:463:  httpd-core-2.4.62-7.el9_7.3.x86_64 1766442938 4916401 2d077290b47ec9f19e4c92ac35497158 installed
DEBUG util.py:463:  libtirpc-1.3.3-9.el9.x86_64 1727804789 207306 f1f028b50ba7ec158d3d6d6995c99690 installed
DEBUG util.py:463:  libnsl2-2.0.0-1.el9.x86_64 1648679843 59558 c3839ae0ead344949377626aef43e2a1 installed
DEBUG util.py:463:  libselinux-utils-3.6-3.el9.x86_64 1741822567 422851 9886a7705d3eec2bfafa2eacf2727b5f installed
DEBUG util.py:463:  policycoreutils-3.6-3.el9.x86_64 1758446640 722176 1ba0abf72d29074349f226baf2ec05d4 installed
DEBUG util.py:463:  libseccomp-2.5.2-2.el9.x86_64 1644458249 175269 98c287f27456bdc4196130779a910832 installed
DEBUG util.py:463:  libksba-1.5.1-7.el9.x86_64 1727801425 394494 6dcfc802c79f0c7f1f8b3a0912756d93 installed
DEBUG util.py:463:  libkadm5-1.21.1-9.el9_7.x86_64 1776790395 226798 2d1dcaa333a5ae4275a7ab55117601b3 installed
DEBUG util.py:463:  libicu-67.1-10.el9_6.x86_64 1753805754 34099729 b42d3694b9c56640fb1083f219436cc5 installed
DEBUG util.py:463:  harfbuzz-icu-2.7.4-10.el9.x86_64 1712077271 15422 2ee1af734419bb3266af34ab611fce1f installed
DEBUG util.py:463:  freetype-devel-2.10.4-10.el9_5.x86_64 1743435620 6200299 9a6422c30504c02c97db35aa90677f2e installed
DEBUG util.py:463:  harfbuzz-devel-2.7.4-10.el9.x86_64 1712077271 3656222 e8ec0f2a2171a8bdfa99ccb062e8c8b7 installed
DEBUG util.py:463:  libraqm-devel-0.8.0-1.el9.x86_64 1643294195 8240 9d92bcc5b0868149c37e22f3dff846ce installed
DEBUG util.py:463:  libassuan-2.5.5-3.el9.x86_64 1644438878 171157 8ac858829e2934e515ec1ad98226e0f2 installed
DEBUG util.py:463:  gnupg2-2.3.3-5.el9_7.x86_64 1768512785 9227613 36cdb3a21900199ec00a84885e8c59bf installed
DEBUG util.py:463:  perl-Module-Signature-0.88-1.el9.noarch 1648588392 139139 fb81723696a8dc5096ce8024d9588dc2 installed
DEBUG util.py:463:  perl-CPAN-2.29-5.el9_6.noarch 1747170013 1970465 ea409c75de87c560c6611628b1a609d5 installed
DEBUG util.py:463:  perl-4:5.32.1-481.1.el9_6.x86_64 1753674689 0 4a107ec4e8079944b8c032d374f104dc installed
DEBUG util.py:463:  kmod-libs-28-11.el9.x86_64 1758195672 133910 20a7c73ded8b3813fe3e3189dc31ab45 installed
DEBUG util.py:463:  keyutils-1.6.3-1.el9.x86_64 1680722150 161876 7dd8334f3266659029913f3378e71ca4 installed
DEBUG util.py:463:  gettext-libs-0.21-8.el9.x86_64 1695797385 1023620 6634dd35f043488fcc760f68c7af7e4a installed
DEBUG util.py:463:  gettext-0.21-8.el9.x86_64 1695797385 5278479 53b12bcc8a893547f0d91b171f4abacb installed
DEBUG util.py:463:  fontconfig-devel-2.14.0-2.el9_1.x86_64 1674503254 119100 32d9ae265bfb6786328b73f7a55af583 installed
DEBUG util.py:463:  attr-2.5.1-3.el9.x86_64 1643373859 166277 c26cc7291d9b25235dd5218bfee78eaf installed
DEBUG util.py:463:  ima-evm-utils-1.6.2-2.el9.x86_64 1758445867 169160 6d7b997fa2b1acf227bb32dc7bf3729b installed
DEBUG util.py:463:  rpm-sign-libs-4.16.1.3-39.el9.x86_64 1759305441 27636 28e8f4d5fcbd0fb3e9fccd59b450a4bc installed
DEBUG util.py:463:  rpm-devel-4.16.1.3-39.el9.x86_64 1759305441 293629 96313cc197811fa839b6e09b109245df installed
DEBUG util.py:463:  acl-2.3.1-4.el9.x86_64 1712068496 212167 1d0530af06512fef2d355c6213157c08 installed
DEBUG util.py:463:  dbus-1:1.12.20-8.el9.x86_64 1695765039 0 d0edbea7011398f04d0fe9730f1d7856 installed
DEBUG util.py:463:  systemd-pam-252-55.el9_7.9.alma.1.x86_64 1777995852 522483 a34eb14a1aecfbf78ba29ec33e016652 installed
DEBUG util.py:463:  systemd-252-55.el9_7.9.alma.1.x86_64 1777995852 12870376 afea9b6f563ebe1b28af5c5a884593ca installed
DEBUG util.py:463:  dbus-common-1:1.12.20-8.el9.noarch 1695763323 11394 bae88bf95fdeab1240fc8b04af8666ec installed
DEBUG util.py:463:  dbus-broker-28-7.el9.x86_64 1665767462 396466 2b9ec3491790b01982af17a13cd77881 installed
DEBUG util.py:463:  cyrus-sasl-2.1.27-22.el9.x86_64 1758800767 146695 415ace8233187c146311de359b7f0ad0 installed
DEBUG util.py:463:  cyrus-sasl-devel-2.1.27-22.el9.x86_64 1758800767 210582 150a1d63196a0c45aece687a42ed3479 installed
DEBUG util.py:463:  openldap-devel-2.6.8-4.el9.x86_64 1741868893 3907201 f5ee252f640925e2f26591626912af80 installed
DEBUG util.py:463:  apr-util-devel-1.6.1-23.el9.x86_64 1695795409 324944 fdd7c844314254165a73db5a017e53c1 installed
DEBUG util.py:463:  httpd-devel-2.4.62-7.el9_7.3.x86_64 1766442938 933887 8aeaa2ead8472cca6099f93d8aa7bafd installed
DEBUG util.py:463:  exim-4.99.2-1.el9.x86_64 1777676291 5253455 c97670810dc0052b70dd17eb61c8d50e installed
DEBUG util.py:463:  systemd-devel-252-55.el9_7.9.alma.1.x86_64 1777995852 494339 b90e61a6bc7f39fe778579c4cc1c8d87 installed
DEBUG util.py:463:  net-snmp-devel-1:5.9.1-17.el9_7.1.x86_64 1768492598 783576 2bd74d7b603a4f66b987c739ce806e14 installed
DEBUG util.py:463:  gd3php-devel-2.3.3-9.el9.remi.x86_64 1668669990 127357 9761971b9ec1335154678b5e8bb4c005 installed
DEBUG util.py:463:  krb5-devel-1.21.1-9.el9_7.x86_64 1776790395 723566 b418731e2144349aa945f10e3f0e70f1 installed
DEBUG util.py:463:  enchant-devel-1:1.6.0-30.el9.x86_64 1643540516 19269 e14703a47bcbc3c2a808aebaa84e0050 installed
DEBUG util.py:463:  gmp-devel-1:6.2.0-13.el9.x86_64 1696934960 358975 4af6d59a81112a5ecfb8b28dd61289de installed
DEBUG util.py:463:  annobin-12.98-1.el9.x86_64 1758137359 1225753 7634fb710d9cba305e80173af43bd162 installed
DEBUG util.py:463:  gcc-plugin-annobin-11.5.0-11.el9.alma.1.x86_64 1757946440 57770 8ae836ce803cdfb4a0a461f874d569df installed
DEBUG util.py:463:  libtool-2.4.6-46.el9.x86_64 1727804946 2687641 3d91f5b35fbd7515fcc62b6574a76d17 installed
DEBUG util.py:463:  t1lib-devel-5.1.2-31.el9.x86_64 1649096563 807302 57b3b15c9e6f9c777b24011f21c14bf6 installed
DEBUG util.py:463:  libxslt-devel-1.1.34-14.el9_7.1.x86_64 1774971423 2555939 933eb98245e3e348bc16f8ce40be30cc installed
DEBUG util.py:463:  libpq-devel-13.23-1.el9_7.x86_64 1768233729 328655 02f6fcde209928c5d08e51033dd8e2fb installed
DEBUG util.py:463:  libedit-devel-3.1-38.20210216cvs.el9.x86_64 1695670210 58554 bbf1704112629d2f0ca83018d4bef0fb installed
DEBUG util.py:463:  sqlite-devel-3.34.1-9.el9_7.x86_64 1762899228 618909 c2d3815e929d40c1326b01ec8a5f9a29 installed
DEBUG util.py:463:  tokyocabinet-devel-1.4.48-19.el9.x86_64 1644586483 471249 87f7bd29ab0285943fa259e4662afc4a installed
DEBUG util.py:463:  aspell-devel-12:0.60.8-8.el9.x86_64 1643233627 61511 4594b58e7962c58914f36f4cfa6a461c installed
DEBUG util.py:463:  libmcrypt-devel-2.5.8-30.el9.x86_64 1640810826 19143 3bb75e1a5db102f9960dfa041e290b25 installed
DEBUG util.py:463:  libtidy-devel-5.8.0-2.el9.x86_64 1640807413 193904 b57879e5caaacc1268f623026c13ab89 installed
DEBUG util.py:463:  recode-devel-3.7.11-1.el9.x86_64 1644467663 28500 4872cfa97f2d788848b44012d766f76d installed
DEBUG util.py:463:  uw-imap-devel-2007f-30.el9.remi.x86_64 1636035163 235757 3a3295e075679891e013059b7450ebf5 installed
DEBUG util.py:463:  freetds-devel-1.4.23-1.el9.x86_64 1728315990 160522 a47b4cc7999dad6fecb505c53ba959cf installed
DEBUG util.py:463:  libacl-devel-2.3.1-4.el9.x86_64 1712068496 60614 4717e89b3a032ac98ca5e7730cd2cdc7 installed
DEBUG util.py:463:  libtool-ltdl-devel-2.4.6-46.el9.x86_64 1727804946 836261 237eb99e00031514121879d452b87a7c installed
DEBUG util.py:463:  unixODBC-devel-2.3.9-4.el9.x86_64 1644562414 212522 8f20171001ed8efc2d920b832fe6d27e installed
DEBUG util.py:463:  pam-devel-1.5.1-26.el9_6.x86_64 1756871129 610109 f81b844a8adc04ce7edd1dbd82fb3bd5 installed
DEBUG util.py:463:  libcurl-devel-7.76.1-35.el9_7.3.x86_64 1769588759 1449321 132ddc05aaccb2a326ebe7147f6bd8ed installed
DEBUG util.py:610:  Child return code was: 0
DEBUG util.py:185:  kill orphans in chroot /var/lib/mock/alma+epel-9-x86_64/root
DEBUG util.py:185:  kill orphans in chroot /var/lib/mock/alma+epel-9-x86_64-bootstrap/root/var/lib/mock/alma+epel-9-x86_64/root
DEBUG util.py:636:  child environment: None
DEBUG util.py:558:  Executing command: ['/bin/umount', '-n', '-l', '/var/lib/mock/alma+epel-9-x86_64-bootstrap/root/var/lib/mock/alma+epel-9-x86_64/root'] with env {'TERM': 'vt100', 'SHELL': '/bin/sh', 'HOME': '/builddir', 'HOSTNAME': 'mock', 'PATH': '/usr/bin:/bin:/usr/sbin:/sbin', 'LANG': 'C.UTF-8'} and shell False
DEBUG util.py:610:  Child return code was: 0
DEBUG util.py:636:  child environment: None
DEBUG util.py:558:  Executing command: ['/bin/umount', '-n', '-l', '/var/lib/mock/alma+epel-9-x86_64-bootstrap/root/var/lib/mock/alma+epel-9-x86_64/root'] with env {'TERM': 'vt100', 'SHELL': '/bin/sh', 'HOME': '/builddir', 'HOSTNAME': 'mock', 'PATH': '/usr/bin:/bin:/usr/sbin:/sbin', 'LANG': 'C.UTF-8'} and shell False
DEBUG util.py:610:  Child return code was: 0
DEBUG util.py:636:  child environment: None
DEBUG backend.py:821:  Copying packages to result dir
DEBUG util.py:185:  kill orphans in chroot /var/lib/mock/alma+epel-9-x86_64/root
DEBUG util.py:636:  child environment: None
DEBUG util.py:558:  Executing command: ['/bin/umount', '-n', '/var/lib/mock/alma+epel-9-x86_64/root/var/cache/dnf'] with env {'TERM': 'vt100', 'SHELL': '/bin/sh', 'HOME': '/builddir', 'HOSTNAME': 'mock', 'PATH': '/usr/bin:/bin:/usr/sbin:/sbin', 'LANG': 'C.UTF-8'} and shell False
DEBUG util.py:610:  Child return code was: 0
DEBUG util.py:636:  child environment: None
DEBUG util.py:558:  Executing command: ['/bin/umount', '-n', '/var/lib/mock/alma+epel-9-x86_64/root/var/cache/yum'] with env {'TERM': 'vt100', 'SHELL': '/bin/sh', 'HOME': '/builddir', 'HOSTNAME': 'mock', 'PATH': '/usr/bin:/bin:/usr/sbin:/sbin', 'LANG': 'C.UTF-8'} and shell False
DEBUG util.py:610:  Child return code was: 0
DEBUG util.py:185:  kill orphans in chroot /var/lib/mock/alma+epel-9-x86_64-bootstrap/root
DEBUG util.py:636:  child environment: None
DEBUG util.py:558:  Executing command: ['/bin/umount', '-n', '/var/lib/mock/alma+epel-9-x86_64-bootstrap/root/var/cache/dnf'] with env {'TERM': 'vt100', 'SHELL': '/bin/sh', 'HOME': '/builddir', 'HOSTNAME': 'mock', 'PATH': '/usr/bin:/bin:/usr/sbin:/sbin', 'LANG': 'C.UTF-8'} and shell False
DEBUG util.py:610:  Child return code was: 0
DEBUG util.py:636:  child environment: None
DEBUG util.py:558:  Executing command: ['/bin/umount', '-n', '/var/lib/mock/alma+epel-9-x86_64-bootstrap/root/var/cache/yum'] with env {'TERM': 'vt100', 'SHELL': '/bin/sh', 'HOME': '/builddir', 'HOSTNAME': 'mock', 'PATH': '/usr/bin:/bin:/usr/sbin:/sbin', 'LANG': 'C.UTF-8'} and shell False
DEBUG util.py:610:  Child return code was: 0
